PMID,Title,Authors,Citation,First Author,Journal/Book,Publication Year,Create Date,PMCID,NIHMS ID,DOI
"35672959","Coverage of Clinical Research Data Retrieved from Standardized Structured Medical Information eXchange Storage","Nakayama M, Hui F, Inoue R.","Stud Health Technol Inform. 2022 Jun 6;290:3-6. doi: 10.3233/SHTI220020.","Nakayama M","Stud Health Technol Inform","2022","2022/06/08","","","10.3233/SHTI220020"
"35537457","Reproducibility of 20-min Time-trial Performance on a Virtual Cycling Platform","Matta G, Edwards A, Roelands B, Hettinga F, Hurst P.","Int J Sports Med. 2022 Dec;43(14):1190-1195. doi: 10.1055/a-1848-8478. Epub 2022 May 10.","Matta G","Int J Sports Med","2022","2022/05/10","","","10.1055/a-1848-8478"
"31007428","Storage, Degradation, and New Connectivity of Face-Related Semantic Memory in Alzheimer's Disease","Pal S, Sengupta P, Ghosal M, Pal A, Acharya R, Biswas D.","Ann Indian Acad Neurol. 2019 Apr-Jun;22(2):170-174. doi: 10.4103/aian.AIAN_185_18.","Pal S","Ann Indian Acad Neurol","2019","2019/04/23","PMC6472242","","10.4103/aian.AIAN_185_18"
"36477137","A new microfluidic platform for the highly reproducible preparation of non-viral gene delivery complexes","Protopapa G, Bono N, Visone R, D'Alessandro F, Rasponi M, Candiani G.","Lab Chip. 2022 Dec 20;23(1):136-145. doi: 10.1039/d2lc00744d.","Protopapa G","Lab Chip","2022","2022/12/08","","","10.1039/d2lc00744d"
"33649239","A versatile platform for locus-scale genome rewriting and verification","Brosh R, Laurent JM, Ordoñez R, Huang E, Hogan MS, Hitchcock AM, Mitchell LA, Pinglay S, Cadley JA, Luther RD, Truong DM, Boeke JD, Maurano MT.","Proc Natl Acad Sci U S A. 2021 Mar 9;118(10):e2023952118. doi: 10.1073/pnas.2023952118.","Brosh R","Proc Natl Acad Sci U S A","2021","2021/03/02","PMC7958457","","10.1073/pnas.2023952118"
"30351300","The Dat Project, an open and decentralized research data tool","Robinson DC, Hand JA, Madsen MB, McKelvey KR.","Sci Data. 2018 Oct 23;5:180221. doi: 10.1038/sdata.2018.221.","Robinson DC","Sci Data","2018","2018/10/24","PMC6198755","","10.1038/sdata.2018.221"
"34171651","The instrumented sheep knee to elucidate insights into osteoarthritis development and progression: A sensitive and reproducible platform for integrated research efforts","Hart DA, Martin CR, Scott M, Shrive NG.","Clin Biomech (Bristol). 2021 Jul;87:105404. doi: 10.1016/j.clinbiomech.2021.105404. Epub 2021 Jun 8.","Hart DA","Clin Biomech (Bristol)","2021","2021/06/25","","","10.1016/j.clinbiomech.2021.105404"
"38144826","Verification of rice quality during storage after drying with hot air and radio frequency heating","Chitsuthipakorn K, Thanapornpoonpong SN.","Food Chem X. 2023 Sep 16;20:100882. doi: 10.1016/j.fochx.2023.100882. eCollection 2023 Dec 30.","Chitsuthipakorn K","Food Chem X","2023","2023/12/25","PMC10739985","","10.1016/j.fochx.2023.100882"
"37887112","A Nanozymatic-Mediated Smartphone Colorimetric Sensing Platform for the Detection of Dimethyl Phthalate (DMP) and Dibutyl Phthalate (DBP)","Li W, Zhang X, Zhang H, Zhang C, Chen Y, Li C, Hu Y, Yu X, Zhang B, Lin X.","Biosensors (Basel). 2023 Oct 8;13(10):919. doi: 10.3390/bios13100919.","Li W","Biosensors (Basel)","2023","2023/10/27","PMC10605576","","10.3390/bios13100919"
"31728526","TerrestrialMetagenomeDB: a public repository of curated and standardized metadata for terrestrial metagenomes","Corrêa FB, Saraiva JP, Stadler PF, da Rocha UN.","Nucleic Acids Res. 2020 Jan 8;48(D1):D626-D632. doi: 10.1093/nar/gkz994.","Corrêa FB","Nucleic Acids Res","2020","2019/11/16","PMC7145636","","10.1093/nar/gkz994"
"36554152","VeVaPy, a Python Platform for Efficient Verification and Validation of Systems Biology Models with Demonstrations Using Hypothalamic-Pituitary-Adrenal Axis Models","Parker C, Nelson E, Zhang T.","Entropy (Basel). 2022 Nov 29;24(12):1747. doi: 10.3390/e24121747.","Parker C","Entropy (Basel)","2022","2022/12/23","PMC9777964","","10.3390/e24121747"
"37978124","How does blockchain technology affect the development of green finance? Theoretical analysis and empirical verification","Jiang J, Li J, Wang W.","Environ Sci Pollut Res Int. 2023 Dec;30(58):122774-122790. doi: 10.1007/s11356-023-31035-0. Epub 2023 Nov 17.","Jiang J","Environ Sci Pollut Res Int","2023","2023/11/17","","","10.1007/s11356-023-31035-0"
"41040803","A decentralized future for the open-science databases","Sharma G, Munteanu V, Ghiasi NM, Banerjee J, Varma S, Foschini L, Ellrott K, Mutlu O, Ciorbă D, Ophoff RA, Bostan V, Mason CE, Moore JH, Sousoni D, Krishnan A, Mason CE, Dimian M, Stolovitzky G, Liberante FG, Oleksyk TK, Mangul S.","ArXiv [Preprint]. 2025 Sep 23:arXiv:2509.19206v1.","Sharma G","ArXiv","2025","2025/10/03","PMC12486051","",""
"31829015","Fast and Reproducible ELISA Laser Platform for Ultrasensitive Protein Quantification","Tan X, Chen Q, Zhu H, Zhu S, Gong Y, Wu X, Chen YC, Li X, Li MW, Liu W, Fan X.","ACS Sens. 2020 Jan 24;5(1):110-117. doi: 10.1021/acssensors.9b01795. Epub 2019 Dec 23.","Tan X","ACS Sens","2020","2019/12/13","","","10.1021/acssensors.9b01795"
"35939304","Sex and Location Differences in Verification Status of Physician-Held Social Media Platform Accounts","Rupert D, Shah K, Chen BY, O'Glasser AY, Schiml M, Jain S, Chino F.","JAMA Netw Open. 2022 Aug 1;5(8):e2225671. doi: 10.1001/jamanetworkopen.2022.25671.","Rupert D","JAMA Netw Open","2022","2022/08/08","PMC9361082","","10.1001/jamanetworkopen.2022.25671"
"33768291","Long-term inter-platform reproducibility, bias, and linearity of commercial PDFF MRI methods for fat quantification: a multi-center, multi-vendor phantom study","Schneider E, Remer EM, Obuchowski NA, McKenzie CA, Ding X, Navaneethan SD.","Eur Radiol. 2021 Oct;31(10):7566-7574. doi: 10.1007/s00330-021-07851-8. Epub 2021 Mar 25.","Schneider E","Eur Radiol","2021","2021/03/26","","","10.1007/s00330-021-07851-8"
"38715763","Harnessing Blockchain to Transform Healthcare Data Management: A Comprehensive Research Agenda","Treiblmaier H, Rejeb A, Gault M, Khurshid A, Norta A, Poteet J, Sivagnanam S.","Blockchain Healthc Today. 2024 Apr 30;7. doi: 10.30953/bhty.v7.301. eCollection 2024.","Treiblmaier H","Blockchain Healthc Today","2024","2024/05/08","PMC11073478","","10.30953/bhty.v7.301"
"36097180","The Criminal Justice Administrative Records System: A next-generation research data platform","Finlay K, Mueller-Smith M, Papp J.","Sci Data. 2022 Sep 12;9(1):562. doi: 10.1038/s41597-022-01620-y.","Finlay K","Sci Data","2022","2022/09/13","PMC9468342","","10.1038/s41597-022-01620-y"
"32563430","Spherical center and rotating platform hinged knee prosthesis: Finite-element model establishment, verification and contact analysis","Zhang JY, Wang J, Tian DM, Jiang DP, Li JJ, Hu YC.","Knee. 2020 Jun;27(3):731-739. doi: 10.1016/j.knee.2020.04.022. Epub 2020 May 19.","Zhang JY","Knee","2020","2020/06/22","","","10.1016/j.knee.2020.04.022"
"31976701","Cross-Platform Verification of Intermediate Scale Quantum Devices","Elben A, Vermersch B, van Bijnen R, Kokail C, Brydges T, Maier C, Joshi MK, Blatt R, Roos CF, Zoller P.","Phys Rev Lett. 2020 Jan 10;124(1):010504. doi: 10.1103/PhysRevLett.124.010504.","Elben A","Phys Rev Lett","2020","2020/01/25","","","10.1103/PhysRevLett.124.010504"
"37483827","PharmaChain: Blockchain-based drug supply chain provenance verification system","Gomasta SS, Dhali A, Tahlil T, Anwar MM, Ali ABMS.","Heliyon. 2023 Jul 10;9(7):e17957. doi: 10.1016/j.heliyon.2023.e17957. eCollection 2023 Jul.","Gomasta SS","Heliyon","2023","2023/07/24","PMC10362317","","10.1016/j.heliyon.2023.e17957"
"30532669","Suggested Procedures for the Reproducible Synthesis of Poly(d,l-lactide-co-glycolide) Nanoparticles Using the Emulsification Solvent Diffusion Platform","Haque S, Boyd BJ, McIntosh MP, Pouton CW, Kaminskas LM, Whittaker M.","Curr Nanosci. 2018 Oct;14(5):448-453. doi: 10.2174/1573413714666180313130235.","Haque S","Curr Nanosci","2018","2018/12/12","PMC6225335","","10.2174/1573413714666180313130235"
"34003431","The C-BIG Repository: an Institution-Level Open Science Platform","Das S, Abou-Haidar R, Rabalais H, Sun SDLW, Rosli Z, Chatpar K, Boivin MN, Tabatabaei M, Rogers C, Legault M, Lo D, Degroot C, Dagher A, Dyke SOM, Durcan TM, Seyller A, Doyon J, Poupon V, Fon EA, Genge A, Rouleau GA, Karamchandani J, Evans AC.","Neuroinformatics. 2022 Jan;20(1):139-153. doi: 10.1007/s12021-021-09516-9. Epub 2021 May 18.","Das S","Neuroinformatics","2022","2021/05/18","PMC9537233","","10.1007/s12021-021-09516-9"
"33974367","Electronic Health Records As a Platform for Audiological Research: Data Validity, Patient Characteristics, and Hearing-Aid Use Persistence Among 731,213 U.S. Veterans","Saunders GH, Dillard LK, Zobay O, Cannon JB, Naylor G.","Ear Hear. 2021 July/Aug;42(4):927-940. doi: 10.1097/AUD.0000000000000980.","Saunders GH","Ear Hear","2021","2021/05/11","PMC8221720","","10.1097/AUD.0000000000000980"
"33758877","Automated Production of Research Data Marts from a Canonical Fast Healthcare Interoperability Resource (FHIR) Data Repository: Applications to COVID-19 Research","Lenert LA, Ilatovskiy AV, Agnew J, Rudsill P, Jacobs J, Weatherston D, Deans K.","medRxiv [Preprint]. 2021 Mar 12:2021.03.11.21253384. doi: 10.1101/2021.03.11.21253384.","Lenert LA","medRxiv","2021","2021/03/24","PMC7987036","","10.1101/2021.03.11.21253384"
"31500403","Inter-platform reproducibility of liver stiffness measured with two different point shear wave elastography techniques and 2-dimensional shear wave elastography using the comb-push technique","Ryu H, Ahn SJ, Yoon JH, Lee JM.","Ultrasonography. 2019 Oct;38(4):345-354. doi: 10.14366/usg.19001. Epub 2019 Mar 23.","Ryu H","Ultrasonography","2019","2019/09/11","PMC6769187","","10.14366/usg.19001"
"32810171","The semantic storage loss score: An Algorithm for measuring an individual's level of semantic storage loss due to temporal lobe damage in neurodegenerative disease","Roncero C, Nikelski J, Probst S, Fernandez A, Thiel A, Chertkow H.","PLoS One. 2020 Aug 18;15(8):e0235810. doi: 10.1371/journal.pone.0235810. eCollection 2020.","Roncero C","PLoS One","2020","2020/08/19","PMC7433857","","10.1371/journal.pone.0235810"
"34382729","Improving Reproducibility in Hydrogen Storage Material Research","Broom DP, Hirscher M.","Chemphyschem. 2021 Nov 4;22(21):2141-2157. doi: 10.1002/cphc.202100508. Epub 2021 Aug 31.","Broom DP","Chemphyschem","2021","2021/08/12","PMC8596736","","10.1002/cphc.202100508"
"34257964","Verification of performance of a direct fluorescent assay for cell-free DNA quantification, stability according to pre-analytical storage conditions, and the effect of freeze-thawing","Kim JJ, Park K, Han YR, Kim SH, Oh SB, Oh SY, Hong YJ, Yun MS.","Biomed Rep. 2021 Aug;15(2):68. doi: 10.3892/br.2021.1444. Epub 2021 Jun 15.","Kim JJ","Biomed Rep","2021","2021/07/14","PMC8243239","","10.3892/br.2021.1444"
"35646514","Methods of medical data management based on blockchain technologies","Hovorushchenko T, Moskalenko A, Osyadlyi V.","J Reliab Intell Environ. 2023;9(1):5-16. doi: 10.1007/s40860-022-00178-1. Epub 2022 May 24.","Hovorushchenko T","J Reliab Intell Environ","2023","2022/06/01","PMC9127494","","10.1007/s40860-022-00178-1"
"38353856","Inter-platform reproducibility of ultrasound-based fat fraction for evaluating hepatic steatosis in nonalcoholic fatty liver disease","Jeon SK, Lee JM.","Insights Imaging. 2024 Feb 14;15(1):46. doi: 10.1186/s13244-024-01611-0.","Jeon SK","Insights Imaging","2024","2024/02/14","PMC10866839","","10.1186/s13244-024-01611-0"
"35743748","No-Code Platform-Based Deep-Learning Models for Prediction of Colorectal Polyp Histology from White-Light Endoscopy Images: Development and Performance Verification","Gong EJ, Bang CS, Lee JJ, Seo SI, Yang YJ, Baik GH, Kim JW.","J Pers Med. 2022 Jun 12;12(6):963. doi: 10.3390/jpm12060963.","Gong EJ","J Pers Med","2022","2022/06/24","PMC9225479","","10.3390/jpm12060963"
"38656479","An Overview of High-Throughput Crop Phenotyping: Platform, Image Analysis, Data Mining, and Data Management","Yang W, Feng H, Hu X, Song J, Guo J, Lu B.","Methods Mol Biol. 2024;2787:3-38. doi: 10.1007/978-1-0716-3778-4_1.","Yang W","Methods Mol Biol","2024","2024/04/24","","","10.1007/978-1-0716-3778-4_1"
"37449155","Blockchain-based fake news traceability and verification mechanism","Wang X, Xie H, Ji S, Liu L, Huang D.","Heliyon. 2023 Jun 15;9(7):e17084. doi: 10.1016/j.heliyon.2023.e17084. eCollection 2023 Jul.","Wang X","Heliyon","2023","2023/07/14","PMC10336416","","10.1016/j.heliyon.2023.e17084"
"35489943","Objective evaluation of wearable thermoelectric generator: From platform building to performance verification","Xu Z, Yang D, Yuan X, Hua S, You H, Xing Y, Hu K, Wang J, Xiao Y, Yan Y, Tang X.","Rev Sci Instrum. 2022 Apr 1;93(4):045105. doi: 10.1063/5.0087672.","Xu Z","Rev Sci Instrum","2022","2022/04/30","","","10.1063/5.0087672"
"34827428","Verification of Blood-Brain Barrier Disruption Based on the Clinical Validation Platform Using a Rat Model with Human Skull","Park CY, Seo H, Lee EH, Han M, Choi H, Park KS, Yoon SY, Chang SH, Park J.","Brain Sci. 2021 Oct 28;11(11):1429. doi: 10.3390/brainsci11111429.","Park CY","Brain Sci","2021","2021/11/27","PMC8615862","","10.3390/brainsci11111429"
"38660778","Reproducible generation of human liver organoids (HLOs) on a pillar plate platform via microarray 3D bioprinting","Shrestha S, Lekkala VKR, Acharya P, Kang SY, Vanga MG, Lee MY.","Lab Chip. 2024 May 14;24(10):2747-2761. doi: 10.1039/d4lc00149d.","Shrestha S","Lab Chip","2024","2024/04/25","PMC11605706","NIHMS2035667","10.1039/d4lc00149d"
"31556780","Automating Complex, Multistep Processes on a Single Robotic Platform to Generate Reproducible Phosphoproteomic Data","Mullis BT, Hwang S, Lee LA, Iliuk A, Woolsey R, Quilici D, Wang Q.","SLAS Discov. 2020 Mar;25(3):277-286. doi: 10.1177/2472555219878152. Epub 2019 Sep 26.","Mullis BT","SLAS Discov","2020","2019/09/27","","","10.1177/2472555219878152"
"37090033","QuNex-An integrative platform for reproducible neuroimaging analytics","Ji JL, Demšar J, Fonteneau C, Tamayo Z, Pan L, Kraljič A, Matkovič A, Purg N, Helmer M, Warrington S, Winkler A, Zerbi V, Coalson TS, Glasser MF, Harms MP, Sotiropoulos SN, Murray JD, Anticevic A, Repovš G.","Front Neuroinform. 2023 Apr 5;17:1104508. doi: 10.3389/fninf.2023.1104508. eCollection 2023.","Ji JL","Front Neuroinform","2023","2023/04/24","PMC10113546","","10.3389/fninf.2023.1104508"
"33459865","Carbon allocation to growth and storage depends on elevation provenance in an herbaceous alpine plant of Mediterranean climate","Reyes-Bahamonde C, Piper FI, Cavieres LA.","Oecologia. 2021 Feb;195(2):299-312. doi: 10.1007/s00442-020-04839-x. Epub 2021 Jan 18.","Reyes-Bahamonde C","Oecologia","2021","2021/01/18","","","10.1007/s00442-020-04839-x"
"30603816","Medical Data Management on Blockchain with Privacy","Tian H, He J, Ding Y.","J Med Syst. 2019 Jan 3;43(2):26. doi: 10.1007/s10916-018-1144-x.","Tian H","J Med Syst","2019","2019/01/04","","","10.1007/s10916-018-1144-x"
"35494870","A collaborative semantic-based provenance management platform for reproducibility","Samuel S, König-Ries B.","PeerJ Comput Sci. 2022 Mar 10;8:e921. doi: 10.7717/peerj-cs.921. eCollection 2022.","Samuel S","PeerJ Comput Sci","2022","2022/05/02","PMC9044346","","10.7717/peerj-cs.921"
"38412098","Tracking the neural codes for words and phrases during semantic composition, working-memory storage, and retrieval","Desbordes T, King JR, Dehaene S.","Cell Rep. 2024 Mar 26;43(3):113847. doi: 10.1016/j.celrep.2024.113847. Epub 2024 Feb 26.","Desbordes T","Cell Rep","2024","2024/02/27","","","10.1016/j.celrep.2024.113847"
"33009724","New frontiers in translational research: Touchscreens, open science, and the mouse translational research accelerator platform","Sullivan JA, Dumont JR, Memar S, Skirzewski M, Wan J, Mofrad MH, Ansari HZ, Li Y, Muller L, Prado VF, Prado MAM, Saksida LM, Bussey TJ.","Genes Brain Behav. 2021 Jan;20(1):e12705. doi: 10.1111/gbb.12705. Epub 2020 Nov 10.","Sullivan JA","Genes Brain Behav","2021","2020/10/03","","","10.1111/gbb.12705"
"33566788","Reliable Co-Prognosability of Decentralized Stochastic Discrete-Event Systems and a Polynomial-Time Verification","Liao H, Liu F, Zhao R.","IEEE Trans Cybern. 2022 Jul;52(7):6207-6216. doi: 10.1109/TCYB.2021.3051260. Epub 2022 Jul 4.","Liao H","IEEE Trans Cybern","2022","2021/02/10","","","10.1109/TCYB.2021.3051260"
"36040302","Neuroscout, a unified platform for generalizable and reproducible fMRI research","de la Vega A, Rocca R, Blair RW, Markiewicz CJ, Mentch J, Kent JD, Herholz P, Ghosh SS, Poldrack RA, Yarkoni T.","Elife. 2022 Aug 30;11:e79277. doi: 10.7554/eLife.79277.","de la Vega A","Elife","2022","2022/08/30","PMC9489206","","10.7554/eLife.79277"
"37644024","re3data - Indexing the Global Research Data Repository Landscape Since 2012","Pampel H, Weisweiler NL, Strecker D, Witt M, Vierkant P, Elger K, Bertelmann R, Buys M, Ferguson LM, Kindling M, Kotarski R, Petras V.","Sci Data. 2023 Aug 29;10(1):571. doi: 10.1038/s41597-023-02462-y.","Pampel H","Sci Data","2023","2023/08/29","PMC10465540","","10.1038/s41597-023-02462-y"
"33817033","Semantic micro-contributions with decentralized nanopublication services","Kuhn T, Taelman R, Emonet V, Antonatos H, Soiland-Reyes S, Dumontier M.","PeerJ Comput Sci. 2021 Mar 8;7:e387. doi: 10.7717/peerj-cs.387. eCollection 2021.","Kuhn T","PeerJ Comput Sci","2021","2021/04/05","PMC7959648","","10.7717/peerj-cs.387"
"38559126","Reproducible generation of human liver organoids (HLOs) on a pillar plate platform via microarray 3D bioprinting","Shrestha S, Lekkala VKR, Acharya P, Kang SY, Vanga MG, Lee MY.","bioRxiv [Preprint]. 2024 Mar 13:2024.03.11.584478. doi: 10.1101/2024.03.11.584478.","Shrestha S","bioRxiv","2024","2024/04/01","PMC10979895","","10.1101/2024.03.11.584478"
"30788182","Blockchain Applications for Healthcare Data Management","Dimitrov DV.","Healthc Inform Res. 2019 Jan;25(1):51-56. doi: 10.4258/hir.2019.25.1.51. Epub 2019 Jan 31.","Dimitrov DV","Healthc Inform Res","2019","2019/02/22","PMC6372466","","10.4258/hir.2019.25.1.51"
"35064372","Studierfenster: an Open Science Cloud-Based Medical Imaging Analysis Platform","Egger J, Wild D, Weber M, Bedoya CAR, Karner F, Prutsch A, Schmied M, Dionysio C, Krobath D, Jin Y, Gsaxner C, Li J, Pepe A.","J Digit Imaging. 2022 Apr;35(2):340-355. doi: 10.1007/s10278-021-00574-8. Epub 2022 Jan 21.","Egger J","J Digit Imaging","2022","2022/01/22","PMC8782222","","10.1007/s10278-021-00574-8"
"31665999","Qualitative Data Management and Analysis within a Data Repository","Antonio MG, Schick-Makaroff K, Doiron JM, Sheilds L, White L, Molzahn A.","West J Nurs Res. 2020 Aug;42(8):640-648. doi: 10.1177/0193945919881706. Epub 2019 Oct 30.","Antonio MG","West J Nurs Res","2020","2019/11/01","","","10.1177/0193945919881706"
"31488040","Design of a joint research data platform: A use case for severity assessment","Talbot SR, Bruch S, Kießling F, Marschollek M, Jandric B, Tolba RH, Bleich A.","Lab Anim. 2020 Feb;54(1):33-39. doi: 10.1177/0023677219872228. Epub 2019 Sep 5.","Talbot SR","Lab Anim","2020","2019/09/07","","","10.1177/0023677219872228"
"37713474","FrameD: framework for DNA-based data storage design, verification, and validation","Volkel KD, Lin KN, Hook PW, Timp W, Keung AJ, Tuck JM.","Bioinformatics. 2023 Oct 3;39(10):btad572. doi: 10.1093/bioinformatics/btad572.","Volkel KD","Bioinformatics","2023","2023/09/15","PMC10563143","","10.1093/bioinformatics/btad572"
"37498959","The Canadian Open Neuroscience Platform-An open science framework for the neuroscience community","Harding RJ, Bermudez P, Bernier A, Beauvais M, Bellec P, Hill S, Karakuzu A, Knoppers BM, Pavlidis P, Poline JB, Roskams J, Stikov N, Stone J, Strother S; CONP Consortium; Evans AC.","PLoS Comput Biol. 2023 Jul 27;19(7):e1011230. doi: 10.1371/journal.pcbi.1011230. eCollection 2023 Jul.","Harding RJ","PLoS Comput Biol","2023","2023/07/27","PMC10374086","","10.1371/journal.pcbi.1011230"
"36325857","Decentralized EHRs in the Semantic Web for Better Health Data Management","Celuchova Bosanska D, Huptych M, Lhotská L.","Stud Health Technol Inform. 2022 Nov 3;299:157-162. doi: 10.3233/SHTI220975.","Celuchova Bosanska D","Stud Health Technol Inform","2022","2022/11/03","","","10.3233/SHTI220975"
"35289369","The Biomedical Research Hub: a federated platform for patient research data","Barnes C, Bajracharya B, Cannalte M, Gowani Z, Haley W, Kass-Hout T, Hernandez K, Ingram M, Juvvala HP, Kuffel G, Martinov P, Maxwell JM, McCann J, Malhotra A, Metoki-Shlubsky N, Meyer C, Paredes A, Qureshi J, Ritter X, Schumm P, Shao M, Sheth U, Simmons T, VanTol A, Zhang Z, Grossman RL.","J Am Med Inform Assoc. 2022 Mar 15;29(4):619-625. doi: 10.1093/jamia/ocab247.","Barnes C","J Am Med Inform Assoc","2022","2022/03/15","PMC8922179","","10.1093/jamia/ocab247"
"40628696","Towards fair decentralized benchmarking of healthcare AI algorithms with the Federated Tumor Segmentation (FeTS) challenge","Zenk M, Baid U, Pati S, Linardos A, Edwards B, Sheller M, Foley P, Aristizabal A, Zimmerer D, Gruzdev A, Martin J, Shinohara RT, Reinke A, Isensee F, Parampottupadam S, Parekh K, Floca R, Kassem H, Baheti B, Thakur S, Chung V, Kushibar K, Lekadir K, Jiang M, Yin Y, Yang H, Liu Q, Chen C, Dou Q, Heng PA, Zhang X, Zhang S, Khan MI, Azeem MA, Jafaritadi M, Alhoniemi E, Kontio E, Khan SA, Mächler L, Ezhov I, Kofler F, Shit S, Paetzold JC, Loehr T, Wiestler B, Peiris H, Pawar K, Zhong S, Chen Z, Hayat M, Egan G, Harandi M, Isik Polat E, Polat G, Kocyigit A, Temizel A, Tuladhar A, Tyagi L, Souza R, Forkert ND, Mouches P, Wilms M, Shambhat V, Maurya A, Danannavar SS, Kalla R, Anand VK, Krishnamurthi G, Nalawade S, Ganesh C, Wagner B, Reddy D, Das Y, Yu FF, Fei B, Madhuranthakam AJ, Maldjian J, Singh G, Ren J, Zhang W, An N, Hu Q, Zhang Y, Zhou Y, Siomos V, Tarroni G, Passerrat-Palmbach J, Rawat A, Zizzo G, Kadhe SR, Epperlein JP, Braghin S, Wang Y, Kanagavelu R, Wei Q, Yang Y, Liu Y, Kotowski K, Adamski S, Machura B, et al.","Nat Commun. 2025 Jul 8;16(1):6274. doi: 10.1038/s41467-025-60466-1.","Zenk M","Nat Commun","2025","2025/07/08","PMC12238412","","10.1038/s41467-025-60466-1"
"30305139","Consistent and reproducible cultures of large-scale 3D mammary epithelial structures using an accessible bioprinting platform","Reid JA, Mollica PA, Bruno RD, Sachs PC.","Breast Cancer Res. 2018 Oct 10;20(1):122. doi: 10.1186/s13058-018-1045-4.","Reid JA","Breast Cancer Res","2018","2018/10/12","PMC6180647","","10.1186/s13058-018-1045-4"
"30055689","Reproducibility of laser in situ keratomileusis flap thickness using a new multifunctional femtosecond laser platform and correlation with clinical preoperative measurements","Colombo-Barboza MN, Colombo-Barboza GN, Colombo-Barboza LR, Matuoka ML, Neto AL, de Freitas D.","J Cataract Refract Surg. 2018 Jul;44(7):811-817. doi: 10.1016/j.jcrs.2018.05.008.","Colombo-Barboza MN","J Cataract Refract Surg","2018","2018/07/30","","","10.1016/j.jcrs.2018.05.008"
"35440038","PEGR: a flexible management platform for reproducible epigenomic and genomic research","Shao D, Kellogg GD, Nematbakhsh A, Kuntala PK, Mahony S, Pugh BF, Lai WKM.","Genome Biol. 2022 Apr 19;23(1):99. doi: 10.1186/s13059-022-02671-5.","Shao D","Genome Biol","2022","2022/04/20","PMC9016988","","10.1186/s13059-022-02671-5"
"31008162","FASSEG: A FAce semantic SEGmentation repository for face image analysis","Benini S, Khan K, Leonardi R, Mauro M, Migliorati P.","Data Brief. 2019 Mar 29;24:103881. doi: 10.1016/j.dib.2019.103881. eCollection 2019 Jun.","Benini S","Data Brief","2019","2019/04/23","PMC6454221","","10.1016/j.dib.2019.103881"
"35019338","Reproducible and Characterized Method for Ponatinib Encapsulation into Biomimetic Lipid Nanoparticles as a Platform for Multi-Tyrosine Kinase-Targeted Therapy","Zinger A, Baudo G, Naoi T, Giordano F, Lenna S, Massaro M, Ewing A, Kim HR, Tasciotti E, Yustein JT, Taraballi F.","ACS Appl Bio Mater. 2020 Oct 19;3(10):6737-6745. doi: 10.1021/acsabm.0c00685. Epub 2020 Sep 2.","Zinger A","ACS Appl Bio Mater","2020","2022/01/12","","","10.1021/acsabm.0c00685"
"34933319","Assessment of the inter-platform reproducibility of ultrasound attenuation examination in nonalcoholic fatty liver disease","Jeon SK, Lee JM, Joo I, Yoon JH.","Ultrasonography. 2022 Apr;41(2):355-364. doi: 10.14366/usg.21167. Epub 2021 Oct 31.","Jeon SK","Ultrasonography","2022","2021/12/21","PMC8942738","","10.14366/usg.21167"
"37818860","PLANTdataHUB: a collaborative platform for continuous FAIR data sharing in plant research","Weil HL, Schneider K, Tschöpe M, Bauer J, Maus O, Frey K, Brilhaus D, Martins Rodrigues C, Doniparthi G, Wetzels F, Lukasczyk J, Kranz A, Grüning B, Zimmer D, Deßloch S, von Suchodoletz D, Usadel B, Garth C, Mühlhaus T.","Plant J. 2023 Nov;116(4):974-988. doi: 10.1111/tpj.16474. Epub 2023 Oct 11.","Weil HL","Plant J","2023","2023/10/11","","","10.1111/tpj.16474"
"35845844","Codabench: Flexible, easy-to-use, and reproducible meta-benchmark platform","Xu Z, Escalera S, Pavão A, Richard M, Tu WW, Yao Q, Zhao H, Guyon I.","Patterns (N Y). 2022 Jun 24;3(7):100543. doi: 10.1016/j.patter.2022.100543. eCollection 2022 Jul 8.","Xu Z","Patterns (N Y)","2022","2022/07/18","PMC9278500","","10.1016/j.patter.2022.100543"
"36401317","MarineMetagenomeDB: a public repository for curated and standardized metadata for marine metagenomes","Nata'ala MK, Avila Santos AP, Coelho Kasmanas J, Bartholomäus A, Saraiva JP, Godinho Silva S, Keller-Costa T, Costa R, Gomes NCM, Ponce de Leon Ferreira de Carvalho AC, Stadler PF, Sipoli Sanches D, Nunes da Rocha U.","Environ Microbiome. 2022 Nov 18;17(1):57. doi: 10.1186/s40793-022-00449-7.","Nata'ala MK","Environ Microbiome","2022","2022/11/19","PMC9675116","","10.1186/s40793-022-00449-7"
"34529581","On the Design of Blockchain-Based ECDSA With Fault-Tolerant Batch Verification Protocol for Blockchain-Enabled IoMT","Xiong H, Jin C, Alazab M, Yeh KH, Wang H, Gadekallu TR, Wang W, Su C.","IEEE J Biomed Health Inform. 2022 May;26(5):1977-1986. doi: 10.1109/JBHI.2021.3112693. Epub 2022 May 5.","Xiong H","IEEE J Biomed Health Inform","2022","2021/09/16","","","10.1109/JBHI.2021.3112693"
"33801598","Assessment of the Exposure to Gradient Magnetic Fields Generated by MRI Tomographs: Measurement Method, Verification of Limits and Clearance Areas through a Web-Based Platform","Di Liberto R, Andreuccetti D, Comelli M, Burriesci G.","Int J Environ Res Public Health. 2021 Mar 27;18(7):3475. doi: 10.3390/ijerph18073475.","Di Liberto R","Int J Environ Res Public Health","2021","2021/04/03","PMC8037291","","10.3390/ijerph18073475"
"38744887","Inspiration4 data access through the NASA Open Science Data Repository","Sanders LM, Grigorev KA, Scott RT, Saravia-Butler AM, Polo SL, Gilbert R, Overbey EG, Kim J, Mason CE, Costes SV.","NPJ Microgravity. 2024 May 14;10(1):56. doi: 10.1038/s41526-024-00393-5.","Sanders LM","NPJ Microgravity","2024","2024/05/14","PMC11094041","","10.1038/s41526-024-00393-5"
"33221926","HumanMetagenomeDB: a public repository of curated and standardized metadata for human metagenomes","Kasmanas JC, Bartholomäus A, Corrêa FB, Tal T, Jehmlich N, Herberth G, von Bergen M, Stadler PF, Carvalho ACPLF, Nunes da Rocha U.","Nucleic Acids Res. 2021 Jan 8;49(D1):D743-D750. doi: 10.1093/nar/gkaa1031.","Kasmanas JC","Nucleic Acids Res","2021","2020/11/22","PMC7778935","","10.1093/nar/gkaa1031"
"37274750","FAIR in action: Brain-CODE - A neuroscience data sharing platform to accelerate brain research","Behan B, Jeanson F, Cheema H, Eng D, Khimji F, Vaccarino AL, Gee T, Evans SG, MacPhee FC, Dong F, Shahnazari S, Sparks A, Martens E, Lasalandra B, Arnott SR, Strother SC, Javadi M, Dharsee M, Evans KR, Nylen K, Mikkelsen T.","Front Neuroinform. 2023 May 18;17:1158378. doi: 10.3389/fninf.2023.1158378. eCollection 2023.","Behan B","Front Neuroinform","2023","2023/06/05","PMC10233014","","10.3389/fninf.2023.1158378"
"35495148","PHDMF: A Flexible and Scalable Personal Health Data Management Framework Based on Blockchain Technology","Ma L, Liao Y, Fan H, Zheng X, Zhao J, Xiao Z, Zheng G, Xiong Y.","Front Genet. 2022 Apr 13;13:877870. doi: 10.3389/fgene.2022.877870. eCollection 2022.","Ma L","Front Genet","2022","2022/05/02","PMC9043280","","10.3389/fgene.2022.877870"
"40824916","Reproducible Manufacturing of SPOT as a High-throughput Scaffold-based Culture Platform","Cao R, Li NT, Shing CB, Kutulakos Z, Tan CM, McGuigan AP.","J Vis Exp. 2025 Jul 29;(221). doi: 10.3791/68405.","Cao R","J Vis Exp","2025","2025/08/18","","","10.3791/68405"
"32669600","Automated pencil electrode formation platform to realize uniform and reproducible graphite electrodes on paper for microfluidic fuel cells","Rao LT, Rewatkar P, Dubey SK, Javed A, Goel S.","Sci Rep. 2020 Jul 15;10(1):11675. doi: 10.1038/s41598-020-68579-x.","Rao LT","Sci Rep","2020","2020/07/17","PMC7363794","","10.1038/s41598-020-68579-x"
"30382537","Automated Metadata Suggestion During Repository Submission","McDougal RA, Dalal I, Morse TM, Shepherd GM.","Neuroinformatics. 2019 Jul;17(3):361-371. doi: 10.1007/s12021-018-9403-z.","McDougal RA","Neuroinformatics","2019","2018/11/02","PMC6494730","NIHMS995069","10.1007/s12021-018-9403-z"
"37832430","The NCI Imaging Data Commons as a platform for reproducible research in computational pathology","Schacherer DP, Herrmann MD, Clunie DA, Höfener H, Clifford W, Longabaugh WJR, Pieper S, Kikinis R, Fedorov A, Homeyer A.","Comput Methods Programs Biomed. 2023 Dec;242:107839. doi: 10.1016/j.cmpb.2023.107839. Epub 2023 Oct 2.","Schacherer DP","Comput Methods Programs Biomed","2023","2023/10/13","PMC10841477","NIHMS1937094","10.1016/j.cmpb.2023.107839"
"37850400","Facilitating Harmonization of Variables in Framingham, MESA, ARIC, and REGARDS Studies Through a Metadata Repository","Mallya P, Stevens LM, Zhao J, Hong C, Henao R, Economou-Zavlanos N, Wojdyla DM, Schibler T, Manchanda V, Pencina MJ, Hall JL.","Circ Cardiovasc Qual Outcomes. 2023 Nov;16(11):e009938. doi: 10.1161/CIRCOUTCOMES.123.009938. Epub 2023 Oct 18.","Mallya P","Circ Cardiovasc Qual Outcomes","2023","2023/10/18","PMC10841164","NIHMS1928622","10.1161/CIRCOUTCOMES.123.009938"
"39447774","Measurement reproducibility and storage impact on VOC/SVOC emission rate from decorative materials","Zine Filali N, Braish T, Andres Y, Locoge N.","Chemosphere. 2024 Nov;367:143607. doi: 10.1016/j.chemosphere.2024.143607. Epub 2024 Oct 22.","Zine Filali N","Chemosphere","2024","2024/10/24","","","10.1016/j.chemosphere.2024.143607"
"37646933","The Plant Phenomics and Genomics Research Data Repository: An On-Premise Approach for FAIR-Compliant Data Acquisition","Arend D, Scholz U, Lange M.","Methods Mol Biol. 2023;2703:3-22. doi: 10.1007/978-1-0716-3389-2_1.","Arend D","Methods Mol Biol","2023","2023/08/30","","","10.1007/978-1-0716-3389-2_1"
"39991121","Developing Distributed High-performance Computing Capabilities of an Open Science Platform for Robust Epidemic Analysis","Collier N, Wozniak JM, Stevens A, Babuji Y, Binois M, Fadikar A, Würth A, Chard K, Ozik J.","IEEE Int Symp Parallel Distrib Process Workshops Phd Forum. 2023 May;2023:868-877. doi: 10.1109/ipdpsw59300.2023.00143. Epub 2023 Aug 4.","Collier N","IEEE Int Symp Parallel Distrib Process Workshops Phd Forum","2023","2025/02/24","PMC11845093","NIHMS2051949","10.1109/ipdpsw59300.2023.00143"
"35458785","Determination of Brain Tissue Samples Storage Conditions for Reproducible Intraoperative Lipid Profiling","Pekov SI, Zhvansky ES, Eliferov VA, Sorokin AA, Ivanov DG, Nikolaev EN, Popov IA.","Molecules. 2022 Apr 18;27(8):2587. doi: 10.3390/molecules27082587.","Pekov SI","Molecules","2022","2022/04/23","PMC9029908","","10.3390/molecules27082587"
"34423285","Sysrev: A FAIR Platform for Data Curation and Systematic Evidence Review","Bozada T Jr, Borden J, Workman J, Del Cid M, Malinowski J, Luechtefeld T.","Front Artif Intell. 2021 Aug 5;4:685298. doi: 10.3389/frai.2021.685298. eCollection 2021.","Bozada T Jr","Front Artif Intell","2021","2021/08/23","PMC8374944","","10.3389/frai.2021.685298"
"33814672","Web Infrastructure for Data Management, Storage and Computation","Brosset S, Dumont M, Cevidanes L, Soroushmehr R, Bianchi J, Gurgel M, Deleat-Besson R, Le C, Ruellas A, Yatabe M, Junior CC, Gomes L, Goncalves J, Najarian K, Gryak J, Styner M, Paniagua B, Prieto JC.","Proc SPIE Int Soc Opt Eng. 2021 Feb;11600:116001N. doi: 10.1117/12.2582283. Epub 2021 Feb 14.","Brosset S","Proc SPIE Int Soc Opt Eng","2021","2021/04/05","PMC8015809","NIHMS1678798","10.1117/12.2582283"
"35699774","PeakForest: a multi-platform digital infrastructure for interoperable metabolite spectral data and metadata management","Paulhe N, Canlet C, Damont A, Peyriga L, Durand S, Deborde C, Alves S, Bernillon S, Berton T, Bir R, Bouville A, Cahoreau E, Centeno D, Costantino R, Debrauwer L, Delabrière A, Duperier C, Emery S, Flandin A, Hohenester U, Jacob D, Joly C, Jousse C, Lagree M, Lamari N, Lefebvre M, Lopez-Piffet C, Lyan B, Maucourt M, Migne C, Olivier MF, Rathahao-Paris E, Petriacq P, Pinelli J, Roch L, Roger P, Roques S, Tabet JC, Tremblay-Franco M, Traïkia M, Warnet A, Zhendre V, Rolin D, Jourdan F, Thévenot E, Moing A, Jamin E, Fenaille F, Junot C, Pujos-Guillot E, Giacomoni F.","Metabolomics. 2022 Jun 14;18(6):40. doi: 10.1007/s11306-022-01899-3.","Paulhe N","Metabolomics","2022","2022/06/14","PMC9197906","","10.1007/s11306-022-01899-3"
"39155783","A novel clinical data management platform for acute pancreatitis","Chen S, Zhang C, Wang Z, Zhang J, Yu W, Wang Y, Si W, Liang T, Zhang Y.","J Zhejiang Univ Sci B. 2024 Aug 15;25(8):711-718. doi: 10.1631/jzus.B2300539.","Chen S","J Zhejiang Univ Sci B","2024","2024/08/19","PMC11337090","","10.1631/jzus.B2300539"
"38653911","Correlation Aware Relevance-Based Semantic Index for Clinical Big Data Repository","Deshpande P, Rasin A.","J Imaging Inform Med. 2024 Oct;37(5):2597-2611. doi: 10.1007/s10278-024-01095-w. Epub 2024 Apr 23.","Deshpande P","J Imaging Inform Med","2024","2024/04/23","PMC11522240","","10.1007/s10278-024-01095-w"
"37112129","An Open-Source Platform for GIS Data Management and Analytics","Piccoli F, Locatelli SG, Schettini R, Napoletano P.","Sensors (Basel). 2023 Apr 7;23(8):3788. doi: 10.3390/s23083788.","Piccoli F","Sensors (Basel)","2023","2023/04/28","PMC10143508","","10.3390/s23083788"
"31659070","Verification of Newly FDA-Approved Kappa and Lambda Free Light Chain Assays on a Previously Untested Platform","Muluhngwi P, Sharp CN, Pozzi N, Elin RJ, Jortani SA.","J Appl Lab Med. 2019 Nov;4(3):323-330. doi: 10.1373/jalm.2019.029215. Epub 2019 May 21.","Muluhngwi P","J Appl Lab Med","2019","2019/10/30","","","10.1373/jalm.2019.029215"
"34483871","Clinica: An Open-Source Software Platform for Reproducible Clinical Neuroscience Studies","Routier A, Burgos N, Díaz M, Bacci M, Bottani S, El-Rifai O, Fontanella S, Gori P, Guillon J, Guyot A, Hassanaly R, Jacquemont T, Lu P, Marcoux A, Moreau T, Samper-González J, Teichmann M, Thibeau-Sutre E, Vaillant G, Wen J, Wild A, Habert MO, Durrleman S, Colliot O.","Front Neuroinform. 2021 Aug 13;15:689675. doi: 10.3389/fninf.2021.689675. eCollection 2021.","Routier A","Front Neuroinform","2021","2021/09/06","PMC8415107","","10.3389/fninf.2021.689675"
"38769056","The Galaxy platform for accessible, reproducible, and collaborative data analyses: 2024 update","Galaxy Community.","Nucleic Acids Res. 2024 Jul 5;52(W1):W83-W94. doi: 10.1093/nar/gkae410.","Galaxy Community","Nucleic Acids Res","2024","2024/05/20","PMC11223835","","10.1093/nar/gkae410"
"31903739","Sandwich-Like Sensor for the Highly Specific and Reproducible Detection of Rhodamine 6G on a Surface-Enhanced Raman Scattering Platform","Wang J, Li J, Zeng C, Qu Q, Wang M, Qi W, Su R, He Z.","ACS Appl Mater Interfaces. 2020 Jan 29;12(4):4699-4706. doi: 10.1021/acsami.9b16773. Epub 2020 Jan 15.","Wang J","ACS Appl Mater Interfaces","2020","2020/01/07","","","10.1021/acsami.9b16773"
"41343683","Verification and reproducible curation of the BioModels repository","Smith LP, Malik-Sheriff RS, Nguyen TVN, Hermjakob H, Karr J, Shaikh B, Drescher L, Moraru II, Schaff JC, Agmon E, Patrie AA, Blinov ML, Hellerstein JL, May EE, Nickerson DP, Gennari JH, Sauro HM.","PLoS Comput Biol. 2025 Dec 4;21(12):e1013239. doi: 10.1371/journal.pcbi.1013239. eCollection 2025 Dec.","Smith LP","PLoS Comput Biol","2025","2025/12/04","PMC12677764","","10.1371/journal.pcbi.1013239"
"35446428","The Galaxy platform for accessible, reproducible and collaborative biomedical analyses: 2022 update","Galaxy Community.","Nucleic Acids Res. 2022 Jul 5;50(W1):W345-W351. doi: 10.1093/nar/gkac247.","Galaxy Community","Nucleic Acids Res","2022","2022/04/21","PMC9252830","","10.1093/nar/gkac247"
"39896466","Verification and reproducible curation of the BioModels repository","Smith L, Malik-Sheriff RS, Nguyen TVN, Hermjakob H, Karr J, Shaikh B, Drescher L, Moraru II, Schaff JC, Agmon E, Patrie AA, Blinov ML, Hellerstein JL, May EE, Nickerson DP, Gennari JH, Sauro HM.","bioRxiv [Preprint]. 2025 Jun 17:2025.01.16.633337. doi: 10.1101/2025.01.16.633337.","Smith L","bioRxiv","2025","2025/02/03","PMC11785046","","10.1101/2025.01.16.633337"
"33993254","Automated production of research data marts from a canonical fast healthcare interoperability resource data repository: applications to COVID-19 research","Lenert LA, Ilatovskiy AV, Agnew J, Rudisill P, Jacobs J, Weatherston D, Deans KR Jr.","J Am Med Inform Assoc. 2021 Jul 30;28(8):1605-1611. doi: 10.1093/jamia/ocab108.","Lenert LA","J Am Med Inform Assoc","2021","2021/05/16","PMC8243354","","10.1093/jamia/ocab108"
"32810405","BRIDGE: An Open Platform for Reproducible High-Throughput Free Energy Simulations","Senapathi T, Suruzhon M, Barnett CB, Essex J, Naidoo KJ.","J Chem Inf Model. 2020 Nov 23;60(11):5290-5295. doi: 10.1021/acs.jcim.0c00206. Epub 2020 Sep 2.","Senapathi T","J Chem Inf Model","2020","2020/08/19","","","10.1021/acs.jcim.0c00206"
"35870448","Neuroscience Cloud Analysis As a Service: An open-source platform for scalable, reproducible data analysis","Abe T, Kinsella I, Saxena S, Buchanan EK, Couto J, Briggs J, Kitt SL, Glassman R, Zhou J, Paninski L, Cunningham JP.","Neuron. 2022 Sep 7;110(17):2771-2789.e7. doi: 10.1016/j.neuron.2022.06.018. Epub 2022 Jul 22.","Abe T","Neuron","2022","2022/07/23","PMC9464703","NIHMS1821120","10.1016/j.neuron.2022.06.018"
"30783789","Inter-platform reproducibility of ultrasonic attenuation and backscatter coefficients in assessing NAFLD","Han A, Zhang YN, Boehringer AS, Andre MP, Erdman JW Jr, Loomba R, Sirlin CB, O'Brien WD Jr.","Eur Radiol. 2019 Sep;29(9):4699-4708. doi: 10.1007/s00330-019-06035-9. Epub 2019 Feb 19.","Han A","Eur Radiol","2019","2019/02/21","PMC6684824","NIHMS1522122","10.1007/s00330-019-06035-9"
"38475202","A Redactable Blockchain-Based Data Management Scheme for Agricultural Product Traceability","Yang S, Li S, Chen W, Zhao Y.","Sensors (Basel). 2024 Mar 4;24(5):1667. doi: 10.3390/s24051667.","Yang S","Sensors (Basel)","2024","2024/03/13","PMC10935001","","10.3390/s24051667"
"38783412","OpenSAFELY: A platform for analysing electronic health records designed for reproducible research","Nab L, Schaffer AL, Hulme W, DeVito NJ, Dillingham I, Wiedemann M, Andrews CD, Curtis H, Fisher L, Green A, Massey J, Walters CE, Higgins R, Cunningham C, Morley J, Mehrkar A, Hart L, Davy S, Evans D, Hickman G, Inglesby P, Morton CE, Smith RM, Ward T, O'Dwyer T, Maude S, Bridges L, Butler-Cole BFC, Stables CL, Stokes P, Bates C, Cockburn J, Hester F, Parry J, Bhaskaran K, Schultze A, Rentsch CT, Mathur R, Tomlinson LA, Williamson EJ, Smeeth L, Walker A, Bacon S, MacKenna B, Goldacre B.","Pharmacoepidemiol Drug Saf. 2024 Jun;33(6):e5815. doi: 10.1002/pds.5815.","Nab L","Pharmacoepidemiol Drug Saf","2024","2024/05/24","PMC7616137","EMS197224","10.1002/pds.5815"
"34847059","The Collaborative Metadata Repository (CoMetaR) Web App: Quantitative and Qualitative Usability Evaluation","Stöhr MR, Günther A, Majeed RW.","JMIR Med Inform. 2021 Nov 29;9(11):e30308. doi: 10.2196/30308.","Stöhr MR","JMIR Med Inform","2021","2021/11/30","PMC8669586","","10.2196/30308"
"37482620","The metabolomics workbench file status website: a metadata repository promoting FAIR principles of metabolomics data","Powell CD, Moseley HNB.","BMC Bioinformatics. 2023 Jul 24;24(1):299. doi: 10.1186/s12859-023-05423-9.","Powell CD","BMC Bioinformatics","2023","2023/07/23","PMC10364356","","10.1186/s12859-023-05423-9"
"30147039","Samply.MDR - A Metadata Repository and Its Application in Various Research Networks","Kadioglu D, Breil B, Knell C, Lablans M, Mate S, Schlue D, Serve H, Storf H, Ückert F, Wagner T, Weingardt P, Prokosch HU.","Stud Health Technol Inform. 2018;253:50-54.","Kadioglu D","Stud Health Technol Inform","2018","2018/08/28","","",""
"38222410","Promoting TEFCA with Blockchain Technology: A Decentralized Approach to Patient-centered Healthcare Data Management","Zhuang Y, Zhang L.","AMIA Annu Symp Proc. 2024 Jan 11;2023:824-833. eCollection 2023.","Zhuang Y","AMIA Annu Symp Proc","2024","2024/01/15","PMC10785864","",""
"33404959","An Integrated Platform for Skin Cancer Heterogenous and Multilayered Data Management","Maglogiannis I, Kontogianni G, Papadodima O, Karanikas H, Billiris A, Chatziioannou A.","J Med Syst. 2021 Jan 6;45(1):10. doi: 10.1007/s10916-020-01679-3.","Maglogiannis I","J Med Syst","2021","2021/01/06","","","10.1007/s10916-020-01679-3"
"39373194","EMhub: a web platform for data management and on-the-fly processing in scientific facilities","de la Rosa-Trevin JM, Sharov G, Fleischmann S, Morado D, Bollinger JC, Miller DJ, Terry DS, Blanchard SC, Fernandez IS, Carroni M.","Acta Crystallogr D Struct Biol. 2024 Nov 1;80(Pt 11):780-790. doi: 10.1107/S2059798324009471. Epub 2024 Oct 7.","de la Rosa-Trevin JM","Acta Crystallogr D Struct Biol","2024","2024/10/07","PMC11544427","","10.1107/S2059798324009471"
"33993573","Quantitative platform for accurate and reproducible assessment of transverse (T(2) ) relaxation time","Radunsky D, Stern N, Nassar J, Tsarfaty G, Blumenfeld-Katzir T, Ben-Eliezer N.","NMR Biomed. 2021 Aug;34(8):e4537. doi: 10.1002/nbm.4537. Epub 2021 May 16.","Radunsky D","NMR Biomed","2021","2021/05/16","","","10.1002/nbm.4537"
"34697315","Physiologic biomechanics enhance reproducible contractile development in a stem cell derived cardiac muscle platform","Tsan YC, DePalma SJ, Zhao YT, Capilnasiu A, Wu YW, Elder B, Panse I, Ufford K, Matera DL, Friedline S, O'Leary TS, Wubshet N, Ho KKY, Previs MJ, Nordsletten D, Isom LL, Baker BM, Liu AP, Helms AS.","Nat Commun. 2021 Oct 25;12(1):6167. doi: 10.1038/s41467-021-26496-1.","Tsan YC","Nat Commun","2021","2021/10/26","PMC8546060","","10.1038/s41467-021-26496-1"
"36243817","Implementation of FAIR principles in the IPCC: the WGI AR6 Atlas repository","Iturbide M, Fernández J, Gutiérrez JM, Pirani A, Huard D, Al Khourdajie A, Baño-Medina J, Bedia J, Casanueva A, Cimadevilla E, Cofiño AS, De Felice M, Diez-Sierra J, García-Díez M, Goldie J, Herrera DA, Herrera S, Manzanas R, Milovac J, Radhakrishnan A, San-Martín D, Spinuso A, Thyng KM, Trenham C, Yelekçi Ö.","Sci Data. 2022 Oct 15;9(1):629. doi: 10.1038/s41597-022-01739-y.","Iturbide M","Sci Data","2022","2022/10/15","PMC9569379","","10.1038/s41597-022-01739-y"
"39438519","Blockchain-enabled verification of medical records using soul-bound tokens and cloud computing","Singh P, Sagar S, Singh S, Alshahrani HM, Getahun M, Soufiene BO.","Sci Rep. 2024 Oct 22;14(1):24830. doi: 10.1038/s41598-024-75708-3.","Singh P","Sci Rep","2024","2024/10/22","PMC11496552","","10.1038/s41598-024-75708-3"
"34040252","PANOPLY: a cloud-based platform for automated and reproducible proteogenomic data analysis","Mani DR, Maynard M, Kothadia R, Krug K, Christianson KE, Heiman D, Clauser KR, Birger C, Getz G, Carr SA.","Nat Methods. 2021 Jun;18(6):580-582. doi: 10.1038/s41592-021-01176-6.","Mani DR","Nat Methods","2021","2021/05/27","PMC8791030","NIHMS1765107","10.1038/s41592-021-01176-6"
"41259098","Reproducibility and accuracy of bacterial methylome profiling using Oxford Nanopore Technologies nanopore sequencing platform","Schababerle T, Hayat O, Jung J, Le M, Polic I, Wees H, Bhatti M, Shelburne S, Liu X, Kalia A.","Microb Genom. 2025 Nov;11(11). doi: 10.1099/mgen.0.001564.","Schababerle T","Microb Genom","2025","2025/11/19","","","10.1099/mgen.0.001564"
"38832272","Detecting the provenance of price hike in agri-food supply chain using private Ethereum blockchain network","Haider Sayma M, Hasan MR, Khatun M, Rajee A, Begum A.","Heliyon. 2024 May 21;10(11):e30972. doi: 10.1016/j.heliyon.2024.e30972. eCollection 2024 Jun 15.","Haider Sayma M","Heliyon","2024","2024/06/04","PMC11145203","","10.1016/j.heliyon.2024.e30972"
"33095183","Proposed Implementation of Blockchain in British Columbia's Health Care Data Management","Cadoret D, Kailas T, Velmovitsky P, Morita P, Igboeli O.","J Med Internet Res. 2020 Oct 23;22(10):e20897. doi: 10.2196/20897.","Cadoret D","J Med Internet Res","2020","2020/10/23","PMC7647806","","10.2196/20897"
"39176867","An Open Information Model-Based Repository for Sustainable Re-Use of Heterogeneous Pandemics Research Data","Scheuermann K, Hufeland P, Haarbrandt B, Hanss S, Joseph M, Kohler S, Krefting D, Richter J, Tute E, Wolf KH, Marschollek M.","Stud Health Technol Inform. 2024 Aug 22;316:1921-1925. doi: 10.3233/SHTI240808.","Scheuermann K","Stud Health Technol Inform","2024","2024/08/23","","","10.3233/SHTI240808"
"29126118","Decentralized and reproducible geocoding and characterization of community and environmental exposures for multisite studies","Brokamp C, Wolfe C, Lingren T, Harley J, Ryan P.","J Am Med Inform Assoc. 2018 Mar 1;25(3):309-314. doi: 10.1093/jamia/ocx128.","Brokamp C","J Am Med Inform Assoc","2018","2017/11/11","PMC7378876","","10.1093/jamia/ocx128"
"38445954","High Accuracy of Clinical Verification of Electrohydrodynamic-Driven Nanobox-on-Mirror Platform for Molecular Identification of Respiratory Viruses","Li J, Guan R, Wuethrich A, Yan M, Cheng J, Liu G, Zhan J, Trau M, Sun Y.","Anal Chem. 2024 Mar 19;96(11):4495-4504. doi: 10.1021/acs.analchem.3c05120. Epub 2024 Mar 6.","Li J","Anal Chem","2024","2024/03/06","","","10.1021/acs.analchem.3c05120"
"34001121","Pragmatic MDR: a metadata repository with bottom-up standardization of medical metadata through reuse","Hegselmann S, Storck M, Gessner S, Neuhaus P, Varghese J, Bruland P, Meidt A, Mertens C, Riepenhausen S, Baier S, Stöcker B, Henke J, Schmidt CO, Dugas M.","BMC Med Inform Decis Mak. 2021 May 17;21(1):160. doi: 10.1186/s12911-021-01524-8.","Hegselmann S","BMC Med Inform Decis Mak","2021","2021/05/18","PMC8130274","","10.1186/s12911-021-01524-8"
"39176613","Securing Reproducibility and Accountability in Distributed Healthcare Analytics: A Framework Based on Blockchain and Cryptography","Nucciarelli L, Gottardelli B, Gatta R, Damiani A.","Stud Health Technol Inform. 2024 Aug 22;316:1269-1273. doi: 10.3233/SHTI240643.","Nucciarelli L","Stud Health Technol Inform","2024","2024/08/23","","","10.3233/SHTI240643"
"36777488","Evaluation of Decentralized Verifiable Credentials to Authenticate Authorized Trading Partners and Verify Drug Provenance","Ashkar GL, Patel KS, de Jesus J, Vinnakota N, Helms N, Jack W, Chien W, Taylor B.","Blockchain Healthc Today. 2021 Mar 11;4. doi: 10.30953/bhty.v4.168. eCollection 2021.","Ashkar GL","Blockchain Healthc Today","2021","2023/02/13","PMC9907409","","10.30953/bhty.v4.168"
"36575383","OpenGenomeBrowser: a versatile, dataset-independent and scalable web platform for genome data management and comparative genomics","Roder T, Oberhänsli S, Shani N, Bruggmann R.","BMC Genomics. 2022 Dec 27;23(1):855. doi: 10.1186/s12864-022-09086-3.","Roder T","BMC Genomics","2022","2022/12/27","PMC9795662","","10.1186/s12864-022-09086-3"
"29897418","SciApps: a cloud-based platform for reproducible bioinformatics workflows","Wang L, Lu Z, Van Buren P, Ware D.","Bioinformatics. 2018 Nov 15;34(22):3917-3920. doi: 10.1093/bioinformatics/bty439.","Wang L","Bioinformatics","2018","2018/06/14","PMC6223375","","10.1093/bioinformatics/bty439"
"35919378","Lessons learned from developing a statewide research data repository to combat the opioid epidemic in Alabama","Hudnall M, Lewis D, Parton J, Sellers C.","JAMIA Open. 2022 Aug 1;5(3):ooac065. doi: 10.1093/jamiaopen/ooac065. eCollection 2022 Oct.","Hudnall M","JAMIA Open","2022","2022/08/03","PMC9341439","","10.1093/jamiaopen/ooac065"
"39392971","Multimodal Deep Representation Learning for Quantum Cross-Platform Verification","Qian Y, Du Y, He Z, Hsieh MH, Tao D.","Phys Rev Lett. 2024 Sep 27;133(13):130601. doi: 10.1103/PhysRevLett.133.130601.","Qian Y","Phys Rev Lett","2024","2024/10/11","","","10.1103/PhysRevLett.133.130601"
"32479607","The Galaxy platform for accessible, reproducible and collaborative biomedical analyses: 2020 update","Jalili V, Afgan E, Gu Q, Clements D, Blankenberg D, Goecks J, Taylor J, Nekrutenko A.","Nucleic Acids Res. 2020 Jul 2;48(W1):W395-W402. doi: 10.1093/nar/gkaa434.","Jalili V","Nucleic Acids Res","2020","2020/06/02","PMC7319590","","10.1093/nar/gkaa434"
"41188203","Recombinant Yeast Platform for Production and Verification of Diverse Quercetin Heteroconjugates","Sultana MJ, Nishikawa M, Sudaka Y, Ikushiro S.","J Agric Food Chem. 2025 Nov 19;73(46):29638-29649. doi: 10.1021/acs.jafc.5c10497. Epub 2025 Nov 4.","Sultana MJ","J Agric Food Chem","2025","2025/11/04","","","10.1021/acs.jafc.5c10497"
"39475723","BakRep - a searchable large-scale web repository for bacterial genomes, characterizations and metadata","Fenske L, Jelonek L, Goesmann A, Schwengers O.","Microb Genom. 2024 Oct;10(10):001305. doi: 10.1099/mgen.0.001305.","Fenske L","Microb Genom","2024","2024/10/30","PMC11524574","","10.1099/mgen.0.001305"
"40226443","Guidelines and metadata model for a repository of volcanic samples","Corsaro RA, D'Oriano C, Di Muro A, Geyer A, Gurioli L, Pappalardo L, Pennisi M, Pompilio M, Principe C, Re G.","Bull Volcanol. 2025;87(5):32. doi: 10.1007/s00445-025-01816-1. Epub 2025 Apr 9.","Corsaro RA","Bull Volcanol","2025","2025/04/14","PMC11982162","","10.1007/s00445-025-01816-1"
"37552975","Highly reproducible and cost-effective one-pot organoid differentiation using a novel platform based on PF-127 triggered spheroid assembly","Zhang XS, Xie G, Ma H, Ding S, Wu YX, Fei Y, Cheng Q, Huang Y, Wang Y.","Biofabrication. 2023 Aug 21;15(4). doi: 10.1088/1758-5090/acee21.","Zhang XS","Biofabrication","2023","2023/08/08","","","10.1088/1758-5090/acee21"
"38610290","Blockchain-Based Method for Spatial Retrieval and Verification of Remote Sensing Images","Liu Y, Chang Y.","Sensors (Basel). 2024 Mar 24;24(7):2078. doi: 10.3390/s24072078.","Liu Y","Sensors (Basel)","2024","2024/04/13","PMC11014153","","10.3390/s24072078"
"29036464","The MIMIC Code Repository: enabling reproducibility in critical care research","Johnson AE, Stone DJ, Celi LA, Pollard TJ.","J Am Med Inform Assoc. 2018 Jan 1;25(1):32-39. doi: 10.1093/jamia/ocx084.","Johnson AE","J Am Med Inform Assoc","2018","2017/10/17","PMC6381763","","10.1093/jamia/ocx084"
"37896628","N-Accesses: A Blockchain-Based Access Control Framework for Secure IoT Data Management","Hu T, Yang S, Wang Y, Li G, Wang Y, Wang G, Yin M.","Sensors (Basel). 2023 Oct 18;23(20):8535. doi: 10.3390/s23208535.","Hu T","Sensors (Basel)","2023","2023/10/28","PMC10610556","","10.3390/s23208535"
"34336176","Healthcare and Fitness Data Management Using the IoT-Based Blockchain Platform","Frikha T, Chaari A, Chaabane F, Cheikhrouhou O, Zaguia A.","J Healthc Eng. 2021 Jul 9;2021:9978863. doi: 10.1155/2021/9978863. eCollection 2021.","Frikha T","J Healthc Eng","2021","2021/08/02","PMC8286190","","10.1155/2021/9978863"
"34433217","Linking a Consortium-Wide Data Quality Assessment Tool with the MIRACUM Metadata Repository","Kapsner LA, Mang JM, Mate S, Seuchter SA, Vengadeswaran A, Bathelt F, Deppenwiese N, Kadioglu D, Kraska D, Prokosch HU.","Appl Clin Inform. 2021 Aug;12(4):826-835. doi: 10.1055/s-0041-1733847. Epub 2021 Aug 25.","Kapsner LA","Appl Clin Inform","2021","2021/08/25","PMC8387126","","10.1055/s-0041-1733847"
"32897710","Storage Conditions of Human Kidney Tissue Sections Affect Spatial Lipidomics Analysis Reproducibility","Lukowski JK, Pamreddy A, Velickovic D, Zhang G, Pasa-Tolic L, Alexandrov T, Sharma K, Anderton CR; Kidney Precision Medicine Project.","J Am Soc Mass Spectrom. 2020 Dec 2;31(12):2538-2546. doi: 10.1021/jasms.0c00256. Epub 2020 Sep 25.","Lukowski JK","J Am Soc Mass Spectrom","2020","2020/09/08","PMC8162764","NIHMS1699798","10.1021/jasms.0c00256"
"34744655","PEERS - An Open Science ""Platform for the Exchange of Experimental Research Standards"" in Biomedicine","Sil A, Bespalov A, Dalla C, Ferland-Beckham C, Herremans A, Karantzalos K, Kas MJ, Kokras N, Parnham MJ, Pavlidi P, Pristouris K, Steckler T, Riedel G, Emmerich CH.","Front Behav Neurosci. 2021 Oct 21;15:755812. doi: 10.3389/fnbeh.2021.755812. eCollection 2021.","Sil A","Front Behav Neurosci","2021","2021/11/08","PMC8567102","","10.3389/fnbeh.2021.755812"
"32340974","Data Validation and Verification Using Blockchain in a Clinical Trial for Breast Cancer: Regulatory Sandbox","Hirano T, Motohashi T, Okumura K, Takajo K, Kuroki T, Ichikawa D, Matsuoka Y, Ochi E, Ueno T.","J Med Internet Res. 2020 Jun 2;22(6):e18938. doi: 10.2196/18938.","Hirano T","J Med Internet Res","2020","2020/04/29","PMC7298640","","10.2196/18938"
"29849057","Stability and reproducibility of proteomic profiles measured with an aptamer-based platform","Kim CH, Tworoger SS, Stampfer MJ, Dillon ST, Gu X, Sawyer SJ, Chan AT, Libermann TA, Eliassen AH.","Sci Rep. 2018 May 30;8(1):8382. doi: 10.1038/s41598-018-26640-w.","Kim CH","Sci Rep","2018","2018/06/01","PMC5976624","","10.1038/s41598-018-26640-w"
"37361737","Investigating the potential of the semantic web for education: Exploring Wikidata as a learning platform","Evenstein Sigalov S, Nachmias R.","Educ Inf Technol (Dordr). 2023 Mar 13:1-50. doi: 10.1007/s10639-023-11664-1. Online ahead of print.","Evenstein Sigalov S","Educ Inf Technol (Dordr)","2023","2023/06/26","PMC10009355","","10.1007/s10639-023-11664-1"
"29790989","The Galaxy platform for accessible, reproducible and collaborative biomedical analyses: 2018 update","Afgan E, Baker D, Batut B, van den Beek M, Bouvier D, Cech M, Chilton J, Clements D, Coraor N, Grüning BA, Guerler A, Hillman-Jackson J, Hiltemann S, Jalili V, Rasche H, Soranzo N, Goecks J, Taylor J, Nekrutenko A, Blankenberg D.","Nucleic Acids Res. 2018 Jul 2;46(W1):W537-W544. doi: 10.1093/nar/gky379.","Afgan E","Nucleic Acids Res","2018","2018/05/24","PMC6030816","","10.1093/nar/gky379"
"32412312","Establishing Diagnostic Reference Levels for CT Through a Provincial Medical Informatics Metadata Repository in Ontario","MacGregor K, Concepcion L, Dowdell T, Gray B.","Can Assoc Radiol J. 2021 Nov;72(4):694-700. doi: 10.1177/0846537120923020. Epub 2020 May 15.","MacGregor K","Can Assoc Radiol J","2021","2020/05/16","","","10.1177/0846537120923020"
"34192116","Secure and Provenance Enhanced Internet of Health Things Framework: A Blockchain Managed Federated Learning Approach","Rahman MA, Hossain MS, Islam MS, Alrajeh NA, Muhammad G.","IEEE Access. 2020 Nov 11;8:205071-205087. doi: 10.1109/ACCESS.2020.3037474. eCollection 2020.","Rahman MA","IEEE Access","2020","2021/06/30","PMC8043507","","10.1109/ACCESS.2020.3037474"
"35224477","Semantic Integration of Multi-Modal Data and Derived Neuroimaging Results Using the Platform for Imaging in Precision Medicine (PRISM) in the Arkansas Imaging Enterprise System (ARIES)","Bona J, Kemp AS, Cox C, Nolan TS, Pillai L, Das A, Galvin JE, Larson-Prior L, Virmani T, Prior F.","Front Artif Intell. 2022 Feb 10;4:649970. doi: 10.3389/frai.2021.649970. eCollection 2021.","Bona J","Front Artif Intell","2022","2022/02/28","PMC8866818","","10.3389/frai.2021.649970"
"34419085","WHO/ISUP grading of clear cell renal cell carcinoma and papillary renal cell carcinoma; validation of grading on the digital pathology platform and perspectives on reproducibility of grade","Browning L, Colling R, Verrill C.","Diagn Pathol. 2021 Aug 21;16(1):75. doi: 10.1186/s13000-021-01130-2.","Browning L","Diagn Pathol","2021","2021/08/22","PMC8380382","","10.1186/s13000-021-01130-2"
"39316901","Dual-functional probe-based multi-signal immunosensor platform for tropane alkaloids: Verification and evaluation","Wang Z, Han K, Feng Z, Sun B, Zhang S, Wang S, Jiang H.","Food Chem. 2025 Jan 15;463(Pt 3):141298. doi: 10.1016/j.foodchem.2024.141298. Epub 2024 Sep 17.","Wang Z","Food Chem","2025","2024/09/24","","","10.1016/j.foodchem.2024.141298"
"31593804","In vitro testing of flash-frozen sublingual membranes for storage and reproducible permeability studies of macromolecular drugs from solution or nanofiber mats","Berka P, Stránská D, Semecký V, Berka K, Doležal P.","Int J Pharm. 2019 Dec 15;572:118711. doi: 10.1016/j.ijpharm.2019.118711. Epub 2019 Oct 5.","Berka P","Int J Pharm","2019","2019/10/09","","","10.1016/j.ijpharm.2019.118711"
"40282806","Food Safety Distribution Systems Using Private Blockchain: Ensuring Traceability and Data Integrity Verification","Oh SE, Kim JH, Kim JY, Ahn JH.","Foods. 2025 Apr 18;14(8):1405. doi: 10.3390/foods14081405.","Oh SE","Foods","2025","2025/04/26","PMC12027158","","10.3390/foods14081405"
"36677000","Some Lessons Learned on the Impact of the Storage Conditions, Syringe Wash Solvent, and the Way of GC-MS Injection on the Reproducibility of Metabolomic Studies","Kurbatov I, Kiseleva O, Arzumanian V, Dolgalev G, Poverennaya E.","Metabolites. 2023 Jan 3;13(1):75. doi: 10.3390/metabo13010075.","Kurbatov I","Metabolites","2023","2023/01/21","PMC9866955","","10.3390/metabo13010075"
"32217334","Improving the reproducibility, accuracy, and stability of an electrochemical biosensor platform for point-of-care use","Chen LC, Wang E, Tai CS, Chiu YC, Li CW, Lin YR, Lee TH, Huang CW, Chen JC, Chen WL.","Biosens Bioelectron. 2020 May 1;155:112111. doi: 10.1016/j.bios.2020.112111. Epub 2020 Feb 20.","Chen LC","Biosens Bioelectron","2020","2020/03/29","","","10.1016/j.bios.2020.112111"
"34795092","Intelligent Integrative Platform for Sharing Heterogenuous Stem Cell Research Data","Borziak K, Parvanova I, Finkelstein J.","Stud Health Technol Inform. 2021 Nov 18;287:109-113. doi: 10.3233/SHTI210826.","Borziak K","Stud Health Technol Inform","2021","2021/11/19","","","10.3233/SHTI210826"
"30980333","The Galaxy Platform for Reproducible Affinity Proteomic Mass Spectrometry Data Analysis","Stewart PA, Kuenzi BM, Mehta S, Kumar P, Johnson JE, Jagtap P, Griffin TJ, Haura EB.","Methods Mol Biol. 2019;1977:249-261. doi: 10.1007/978-1-4939-9232-4_16.","Stewart PA","Methods Mol Biol","2019","2019/04/14","PMC7787333","NIHMS1654508","10.1007/978-1-4939-9232-4_16"
"37815256","A repository of grade 1 and 2 meningioma MRIs in a public dataset for radiomics reproducibility tests","Vassantachart A, Cao Y, Shen Z, Cheng K, Gribble M, Ye JC, Zada G, Hurth K, Mathew A, Guzman S, Yang W.","Med Phys. 2024 Mar;51(3):2334-2344. doi: 10.1002/mp.16763. Epub 2023 Oct 10.","Vassantachart A","Med Phys","2024","2023/10/10","PMC10939960","NIHMS1937373","10.1002/mp.16763"
"37856190","ART2Dose: A comprehensive dose verification platform for online adaptive radiotherapy","Lin J, Chen M, Lai Y, Trivedi Z, Wu J, Foo T, Gonzalez Y, Reynolds R, Park C, Yan Y, Godley A, Jiang S, Jia X, Lin MH, Pompos A, Lu W.","Med Phys. 2024 Jan;51(1):18-30. doi: 10.1002/mp.16806. Epub 2023 Oct 19.","Lin J","Med Phys","2024","2023/10/19","","","10.1002/mp.16806"
"34528664","ISA API: An open platform for interoperable life science experimental metadata","Johnson D, Batista D, Cochrane K, Davey RP, Etuk A, Gonzalez-Beltran A, Haug K, Izzo M, Larralde M, Lawson TN, Minotto A, Moreno P, Nainala VC, O'Donovan C, Pireddu L, Roger P, Shaw F, Steinbeck C, Weber RJM, Sansone SA, Rocca-Serra P.","Gigascience. 2021 Sep 16;10(9):giab060. doi: 10.1093/gigascience/giab060.","Johnson D","Gigascience","2021","2021/09/16","PMC8444265","","10.1093/gigascience/giab060"
"37810747","A health integrated platform for pharmacy clinical intervention data management and intelligent visual analytics and reporting","Frestel J, Teoh SWK, Broderick C, Dao A, Sajogo M.","Explor Res Clin Soc Pharm. 2023 Sep 22;12:100332. doi: 10.1016/j.rcsop.2023.100332. eCollection 2023 Dec.","Frestel J","Explor Res Clin Soc Pharm","2023","2023/10/09","PMC10556808","","10.1016/j.rcsop.2023.100332"
"30181553","Ki67 reproducibility using digital image analysis: an inter-platform and inter-operator study","Acs B, Pelekanou V, Bai Y, Martinez-Morilla S, Toki M, Leung SCY, Nielsen TO, Rimm DL.","Lab Invest. 2019 Jan;99(1):107-117. doi: 10.1038/s41374-018-0123-7. Epub 2018 Sep 4.","Acs B","Lab Invest","2019","2018/09/06","","","10.1038/s41374-018-0123-7"
"29028892","Nephele: a cloud platform for simplified, standardized and reproducible microbiome data analysis","Weber N, Liou D, Dommer J, MacMenamin P, Quiñones M, Misner I, Oler AJ, Wan J, Kim L, Coakley McCarthy M, Ezeji S, Noble K, Hurt DE.","Bioinformatics. 2018 Apr 15;34(8):1411-1413. doi: 10.1093/bioinformatics/btx617.","Weber N","Bioinformatics","2018","2017/10/14","PMC5905584","","10.1093/bioinformatics/btx617"
"37529934","ReProMSig: an integrative platform for development and application of reproducible multivariable models for cancer prognosis supporting guideline-based transparent reporting","Zhao T, Cao L, Ji J, Chang DK, Wu J.","Brief Bioinform. 2023 Sep 20;24(5):bbad267. doi: 10.1093/bib/bbad267.","Zhao T","Brief Bioinform","2023","2023/08/02","","","10.1093/bib/bbad267"
"33659392","BRIDGE: An Open Platform for Reproducible Protein-Ligand Simulations and Free Energy of Binding Calculations","Senapathi T, Barnett CB, Naidoo KJ.","Bio Protoc. 2020 Sep 5;10(17):e3731. doi: 10.21769/BioProtoc.3731. eCollection 2020 Sep 5.","Senapathi T","Bio Protoc","2020","2021/03/04","PMC7842724","","10.21769/BioProtoc.3731"
"38570648","A scalable blockchain based framework for efficient IoT data management using lightweight consensus","Haque EU, Shah A, Iqbal J, Ullah SS, Alroobaea R, Hussain S.","Sci Rep. 2024 Apr 3;14(1):7841. doi: 10.1038/s41598-024-58578-7.","Haque EU","Sci Rep","2024","2024/04/03","PMC10991409","","10.1038/s41598-024-58578-7"
"36201903","A plan verification platform for online adaptive proton therapy using deep learning-based Monte-Carlo denoising","Zhang G, Chen X, Dai J, Men K.","Phys Med. 2022 Nov;103:18-25. doi: 10.1016/j.ejmp.2022.09.018. Epub 2022 Oct 3.","Zhang G","Phys Med","2022","2022/10/06","","","10.1016/j.ejmp.2022.09.018"
"36850701","Peer-to-Peer User Identity Verification Time Optimization in IoT Blockchain Network","Kairaldeen AR, Abdullah NF, Abu-Samah A, Nordin R.","Sensors (Basel). 2023 Feb 13;23(4):2106. doi: 10.3390/s23042106.","Kairaldeen AR","Sensors (Basel)","2023","2023/02/28","PMC9961683","","10.3390/s23042106"
"34042771","Introducing a Platform for Integrating and Sharing Stem Cell Research Data","Borziak K, Parvanova I, Finkelstein J.","Stud Health Technol Inform. 2021 May 27;281:387-391. doi: 10.3233/SHTI210186.","Borziak K","Stud Health Technol Inform","2021","2021/05/27","","","10.3233/SHTI210186"
"31099337","Secure and Scalable mHealth Data Management Using Blockchain Combined With Client Hashchain: System Design and Validation","Motohashi T, Hirano T, Okumura K, Kashiyama M, Ichikawa D, Ueno T.","J Med Internet Res. 2019 May 16;21(5):e13385. doi: 10.2196/13385.","Motohashi T","J Med Internet Res","2019","2019/05/18","PMC6542324","","10.2196/13385"
"38004816","Development and Evaluation/Verification of a Fully Automated Test Platform for the Rapid Detection of Cyclospora cayetanensis in Produce Matrices","Zhu H, Kim BJ, Spizz G, Rothrock D, Yasmin R, Arida J, Grocholl J, Montagna R, Schwartz B, Trujillo S, Almeria S.","Microorganisms. 2023 Nov 19;11(11):2805. doi: 10.3390/microorganisms11112805.","Zhu H","Microorganisms","2023","2023/11/25","PMC10673183","","10.3390/microorganisms11112805"
"37667526","Contrast-agent-based perfusion MRI code repository and testing framework: ISMRM Open Science Initiative for Perfusion Imaging (OSIPI)","van Houdt PJ, Ragunathan S, Berks M, Ahmed Z, Kershaw LE, Gurney-Champion OJ, Tadimalla S, Arvidsson J, Sun Y, Kallehauge J, Dickie B, Lévy S, Bell L, Sourbron S, Thrippleton MJ;  on behalf of the ISMRM Perfusion Study Group.","Magn Reson Med. 2024 May;91(5):1774-1786. doi: 10.1002/mrm.29826. Epub 2023 Sep 4.","van Houdt PJ","Magn Reson Med","2024","2023/09/05","","","10.1002/mrm.29826"
"38338229","Identifying the Barriers to Acceptance of Blockchain-Based Patient-Centric Data Management Systems in Healthcare","Mutambik I, Lee J, Almuqrin A, Alharbi ZH.","Healthcare (Basel). 2024 Jan 30;12(3):345. doi: 10.3390/healthcare12030345.","Mutambik I","Healthcare (Basel)","2024","2024/02/10","PMC10855174","","10.3390/healthcare12030345"
"40380523","Using a Semantic Network Application as an Enhanced Metadata Repository","Zohner J, Michel-Backofen A, Marquardt K.","Stud Health Technol Inform. 2025 May 15;327:603-604. doi: 10.3233/SHTI250413.","Zohner J","Stud Health Technol Inform","2025","2025/05/17","","","10.3233/SHTI250413"
"32205788","Building a Research Data Repository for Chronic Condition Self-Management Using Harmonized Data","Moore SM, Musil CM, Alder ML, Pignatiello G, Higgins P, Webel A, Wright KD.","Nurs Res. 2020 Jul/Aug;69(4):254-263. doi: 10.1097/NNR.0000000000000435.","Moore SM","Nurs Res","2020","2020/03/25","","","10.1097/NNR.0000000000000435"
"39568639","A FAIR, open-source virtual reality platform for dendritic spine analysis","Reimer ML, Kauer SD, Benson CA, King JF, Patwa S, Feng S, Estacion MA, Bangalore L, Waxman SG, Tan AM.","Patterns (N Y). 2024 Aug 12;5(9):101041. doi: 10.1016/j.patter.2024.101041. eCollection 2024 Sep 13.","Reimer ML","Patterns (N Y)","2024","2024/11/21","PMC11573899","","10.1016/j.patter.2024.101041"
"36365923","agroString: Visibility and Provenance through a Private Blockchain Platform for Agricultural Dispense towards Consumers","Vangipuram SLT, Mohanty SP, Kougianos E, Ray C.","Sensors (Basel). 2022 Oct 27;22(21):8227. doi: 10.3390/s22218227.","Vangipuram SLT","Sensors (Basel)","2022","2022/11/11","PMC9656739","","10.3390/s22218227"
"36330959","Mouse Phenome Database: towards a more FAIR-compliant and TRUST-worthy data repository and tool suite for phenotypes and genotypes","Bogue MA, Ball RL, Philip VM, Walton DO, Dunn MH, Kolishovski G, Lamoureux A, Gerring M, Liang H, Emerson J, Stearns T, He H, Mukherjee G, Bluis J, Desai S, Sundberg B, Kadakkuzha B, Kunde-Ramamoorthy G, Chesler EJ.","Nucleic Acids Res. 2023 Jan 6;51(D1):D1067-D1074. doi: 10.1093/nar/gkac1007.","Bogue MA","Nucleic Acids Res","2023","2022/11/04","PMC9825561","","10.1093/nar/gkac1007"
"33978761","The Dockstore: enhancing a community platform for sharing reproducible and accessible computational protocols","Yuen D, Cabansay L, Duncan A, Luu G, Hogue G, Overbeck C, Perez N, Shands W, Steinberg D, Reid C, Olunwa N, Hansen R, Sheets E, O'Farrell A, Cullion K, O'Connor BD, Paten B, Stein L.","Nucleic Acids Res. 2021 Jul 2;49(W1):W624-W632. doi: 10.1093/nar/gkab346.","Yuen D","Nucleic Acids Res","2021","2021/05/12","PMC8218198","","10.1093/nar/gkab346"
"35629225","Diffusion of a Lifelog-Based Digital Healthcare Platform for Future Precision Medicine: Data Provision and Verification Study","Lee K, Lee J, Hwang S, Kim Y, Lee Y, Urtnasan E, Koh SB, Youk H.","J Pers Med. 2022 May 16;12(5):803. doi: 10.3390/jpm12050803.","Lee K","J Pers Med","2022","2022/05/28","PMC9147795","","10.3390/jpm12050803"
"37258104","Measurement of serum anti-Müllerian hormone by revised Gen II or automated assay: Reproducibility under various blood/serum storage conditions","Lee JY, Kim CH, Choe SA, Seo S, Kim SH.","Clin Exp Reprod Med. 2023 Jun;50(2):107-116. doi: 10.5653/cerm.2022.05687. Epub 2023 May 24.","Lee JY","Clin Exp Reprod Med","2023","2023/05/31","PMC10258520","","10.5653/cerm.2022.05687"
"36975161","A Streamlined High-Throughput Plasma Proteomics Platform for Clinical Proteomics with Improved Proteome Coverage, Reproducibility, and Robustness","Woo J, Zhang Q.","J Am Soc Mass Spectrom. 2023 Apr 5;34(4):754-762. doi: 10.1021/jasms.3c00022. Epub 2023 Mar 28.","Woo J","J Am Soc Mass Spectrom","2023","2023/03/28","PMC10080683","","10.1021/jasms.3c00022"
"29728780","Root Exploit Detection and Features Optimization: Mobile Device and Blockchain Based Medical Data Management","Firdaus A, Anuar NB, Razak MFA, Hashem IAT, Bachok S, Sangaiah AK.","J Med Syst. 2018 May 4;42(6):112. doi: 10.1007/s10916-018-0966-x.","Firdaus A","J Med Syst","2018","2018/05/06","","","10.1007/s10916-018-0966-x"
"37988206","IronForge: An Open, Secure, Fair, Decentralized Federated Learning","Yu G, Wang X, Sun C, Wang Q, Yu P, Ni W, Liu RP.","IEEE Trans Neural Netw Learn Syst. 2025 Jan;36(1):354-368. doi: 10.1109/TNNLS.2023.3329249. Epub 2025 Jan 7.","Yu G","IEEE Trans Neural Netw Learn Syst","2025","2023/11/21","","","10.1109/TNNLS.2023.3329249"
"30260242","A novel data management platform to improve image-guided precision preclinical biological research","Persoon L, Hoof SV, van der Kruijssen F, Granton P, Sanchez Rivero A, Beunk H, Dubois L, Doosje JW, Verhaegen F.","Br J Radiol. 2019 Mar;92(1095):20180455. doi: 10.1259/bjr.20180455. Epub 2018 Oct 11.","Persoon L","Br J Radiol","2019","2018/09/28","PMC6541185","","10.1259/bjr.20180455"
"37282571","Diabetes Health Supervision and Treatment Strategy Based on Data Management and Analysis on eKTANG Platform","Jiang Y, Wang Y.","Comb Chem High Throughput Screen. 2024;27(3):428-435. doi: 10.2174/1386207326666230605124450.","Jiang Y","Comb Chem High Throughput Screen","2024","2023/06/07","","","10.2174/1386207326666230605124450"
"37218289","De-black-boxing health AI: demonstrating reproducible machine learning computable phenotypes using the N3C-RECOVER Long COVID model in the All of Us data repository","Pfaff ER, Girvin AT, Crosskey M, Gangireddy S, Master H, Wei WQ, Kerchberger VE, Weiner M, Harris PA, Basford M, Lunt C, Chute CG, Moffitt RA, Haendel M; N3C and RECOVER Consortia.","J Am Med Inform Assoc. 2023 Jun 20;30(7):1305-1312. doi: 10.1093/jamia/ocad077.","Pfaff ER","J Am Med Inform Assoc","2023","2023/05/23","PMC10280348","","10.1093/jamia/ocad077"
"35602618","Construction of a Public Service Cloud Platform for Disabled People Based on the Big Data Management Model of the Internet of Things","Liu X, Chang G.","Comput Intell Neurosci. 2022 May 11;2022:3153454. doi: 10.1155/2022/3153454. eCollection 2022.","Liu X","Comput Intell Neurosci","2022","2022/05/23","PMC9117066","","10.1155/2022/3153454"
"35648013","Under lock and key: Incorporation of blockchain technology in the field of ophthalmic artificial intelligence for big data management - A perfect match?","Ramesh PV, Devadas AK, Ray P, Ramesh SV, Joshua T, Priyan V, Ramesh MK, Rajasekaran R.","Indian J Ophthalmol. 2022 Jun;70(6):2188-2190. doi: 10.4103/ijo.IJO_143_22.","Ramesh PV","Indian J Ophthalmol","2022","2022/06/01","PMC9359239","","10.4103/ijo.IJO_143_22"
"37171846","The Swiss Pathogen Surveillance Platform - towards a nation-wide One Health data exchange platform for bacterial, viral and fungal genomics and associated metadata","Neves A, Walther D, Martin-Campos T, Barbie V, Bertelli C, Blanc D, Bouchet G, Erard F, Greub G, Hirsch HH, Huber M, Kaiser L, Leib SL, Leuzinger K, Lazarevic V, Mäusezahl M, Molina J, Neher RA, Perreten V, Ramette A, Roloff T, Schrenzel J, Seth-Smith HMB, Stephan R, Terumalai D, Wegner F, Egli A.","Microb Genom. 2023 May;9(5):mgen001001. doi: 10.1099/mgen.0.001001.","Neves A","Microb Genom","2023","2023/05/12","PMC10272868","","10.1099/mgen.0.001001"
"37960509","OutcropHyBNet: Hybrid Backbone Networks with Data Augmentation for Accurate Stratum Semantic Segmentation of Monocular Outcrop Images in Carbon Capture and Storage Applications","Madokoro H, Sato K, Nix S, Chiyonobu S, Nagayoshi T, Sato K.","Sensors (Basel). 2023 Oct 29;23(21):8809. doi: 10.3390/s23218809.","Madokoro H","Sensors (Basel)","2023","2023/11/14","PMC10650223","","10.3390/s23218809"
"40588931","A Novel Blockchain-Based Model for Secure Genomic Data Management","Shaikh M, Ebrahimi A, Wiil UK.","Stud Health Technol Inform. 2025 Jun 26;328:302-307. doi: 10.3233/SHTI250724.","Shaikh M","Stud Health Technol Inform","2025","2025/07/01","","","10.3233/SHTI250724"
"41006391","An open source platform to automate the design, verification, and manufacture of 3D printed microfluidic devices","Goenner B, Temple S, Zapata S, Wakeham D, Snelgrove A, Gaillardon PE, Nordin GP, Gale BK.","Sci Rep. 2025 Sep 26;15(1):33077. doi: 10.1038/s41598-025-15976-9.","Goenner B","Sci Rep","2025","2025/09/26","PMC12475089","","10.1038/s41598-025-15976-9"
"39399658","Linking the ECRIN Metadata Repository with the BBMRI-ERIC Directory to connect clinical studies with related biobanks and collections","Ohmann C, Canham S, Majcen K, Meloni V, Pireddu L, Sulis A, Delussu G, Frexia F, Holub P.","Open Res Eur. 2024 Oct 7;4:50. doi: 10.12688/openreseurope.17131.2. eCollection 2024.","Ohmann C","Open Res Eur","2024","2024/10/14","PMC11467644","","10.12688/openreseurope.17131.2"
"39558178","NASA open science data repository: open science for life in space","Gebre SG, Scott RT, Saravia-Butler AM, Lopez DK, Sanders LM, Costes SV.","Nucleic Acids Res. 2025 Jan 6;53(D1):D1697-D1710. doi: 10.1093/nar/gkae1116.","Gebre SG","Nucleic Acids Res","2025","2024/11/18","PMC11701653","","10.1093/nar/gkae1116"
"41213442","Semantic-based audiovisual integration enhances active storage in visual working memory","Zhao S, Hui S, Chen M, Feng C, Zhai M, Feng W.","Neuroimage. 2025 Dec 1;323:121577. doi: 10.1016/j.neuroimage.2025.121577. Epub 2025 Nov 8.","Zhao S","Neuroimage","2025","2025/11/10","","","10.1016/j.neuroimage.2025.121577"
"36324787","Does platform type matter? A semantic analysis of user attitude formation on online platforms","Zhang L, Zhan G, Li Q, Ren J.","Front Psychol. 2022 Oct 17;13:1005429. doi: 10.3389/fpsyg.2022.1005429. eCollection 2022.","Zhang L","Front Psychol","2022","2022/11/03","PMC9619103","","10.3389/fpsyg.2022.1005429"
"35168728","Highly reproducible and sensitive electrochemical biosensor for Chlamydia trachomatis detection based on duplex-specific nuclease-assisted target-responsive DNA hydrogels and bovine serum albumin carrier platform","Cheng L, He Y, Yang Y, Chen J, He H, Liu Y, Lin Z, Hong G.","Anal Chim Acta. 2022 Mar 8;1197:339496. doi: 10.1016/j.aca.2022.339496. Epub 2022 Jan 15.","Cheng L","Anal Chim Acta","2022","2022/02/16","","","10.1016/j.aca.2022.339496"
"40308739","Discovering linked data collections through a new national metadata platform","Miller KM, Flack FS, Smith MB, Bennett V, Marshall CE.","Int J Popul Data Sci. 2025 Apr 30;10(1):2461. doi: 10.23889/ijpds.v10i1.2461. eCollection 2025.","Miller KM","Int J Popul Data Sci","2025","2025/05/01","PMC12042732","","10.23889/ijpds.v10i1.2461"
"40164439","Scalable and efficient on-chain data management in blockchain for large biomedical data","Ni E, Knight E, Gerstein M.","J Biomed Inform. 2025 May;165:104818. doi: 10.1016/j.jbi.2025.104818. Epub 2025 Mar 29.","Ni E","J Biomed Inform","2025","2025/03/31","PMC12102614","NIHMS2077328","10.1016/j.jbi.2025.104818"
"39025562","Edwards curve digital signature algorithm for video integrity verification on blockchain framework","Lawrence L, Shreelekshmi R.","Sci Justice. 2024 Jul;64(4):367-376. doi: 10.1016/j.scijus.2024.04.008. Epub 2024 May 13.","Lawrence L","Sci Justice","2024","2024/07/18","","","10.1016/j.scijus.2024.04.008"
"35639939","Globally Accessible Distributed Data Sharing (GADDS): a decentralized FAIR platform to facilitate data sharing in the life sciences","Vazquez P, Hirayama-Shoji K, Novik S, Krauss S, Rayner S.","Bioinformatics. 2022 Aug 2;38(15):3812-3817. doi: 10.1093/bioinformatics/btac362.","Vazquez P","Bioinformatics","2022","2022/05/31","PMC9344842","","10.1093/bioinformatics/btac362"
"40880529","surveydown: An open-source, markdown-based platform for programmable and reproducible surveys","Hu P, Bunea B, Helveston JP.","PLoS One. 2025 Aug 29;20(8):e0331002. doi: 10.1371/journal.pone.0331002. eCollection 2025.","Hu P","PLoS One","2025","2025/08/29","PMC12396762","","10.1371/journal.pone.0331002"
"39686024","Retrieval Integrity Verification and Multi-System Data Interoperability Mechanism of a Blockchain Oracle for Smart Healthcare with Internet of Things (IoT) Integration","Zhou Z, Chen L, Zhao Y, Yang X, Han Z, He Z.","Sensors (Basel). 2024 Nov 24;24(23):7487. doi: 10.3390/s24237487.","Zhou Z","Sensors (Basel)","2024","2024/12/17","PMC11644699","","10.3390/s24237487"
"35895741","A deep semantic vegetation health monitoring platform for citizen science imaging data","Khan A, Asim W, Ulhaq A, Robinson RW.","PLoS One. 2022 Jul 27;17(7):e0270625. doi: 10.1371/journal.pone.0270625. eCollection 2022.","Khan A","PLoS One","2022","2022/07/27","PMC9328533","","10.1371/journal.pone.0270625"
"33862661","A Permissioned Blockchain Network for Security and Sharing of De-identified Tuberculosis Research Data in Brazil","Lima VC, Bernardi FA, Alves D, Kritski AL, Galliez RM, Rijo RPCL.","Methods Inf Med. 2020 Dec;59(6):205-218. doi: 10.1055/s-0041-1727194. Epub 2021 Apr 16.","Lima VC","Methods Inf Med","2020","2021/04/16","","","10.1055/s-0041-1727194"
"40732470","Blockchain-Based Trusted Data Management with Privacy Preservation for Secure IoT Systems","Zhou H, Gao H, Ma Z, Lai G.","Sensors (Basel). 2025 Jul 11;25(14):4344. doi: 10.3390/s25144344.","Zhou H","Sensors (Basel)","2025","2025/07/30","PMC12300857","","10.3390/s25144344"
"39948167","Circuit response and experimental verification of high energy storage density materials","Li Z, Fu K, Cheng Y, Hong K, Zhang G.","Sci Rep. 2025 Feb 13;15(1):5432. doi: 10.1038/s41598-025-89300-w.","Li Z","Sci Rep","2025","2025/02/13","PMC11825866","","10.1038/s41598-025-89300-w"
"32869137","Automating creativity assessment with SemDis: An open platform for computing semantic distance","Beaty RE, Johnson DR.","Behav Res Methods. 2021 Apr;53(2):757-780. doi: 10.3758/s13428-020-01453-w.","Beaty RE","Behav Res Methods","2021","2020/09/02","PMC8062332","","10.3758/s13428-020-01453-w"
"32792932","Experimental Pipeline (Expipe): A Lightweight Data Management Platform to Simplify the Steps From Experiment to Data Analysis","Lepperød ME, Dragly SA, Buccino AP, Mobarhan MH, Malthe-Sørenssen A, Hafting T, Fyhn M.","Front Neuroinform. 2020 Jul 24;14:30. doi: 10.3389/fninf.2020.00030. eCollection 2020.","Lepperød ME","Front Neuroinform","2020","2020/08/15","PMC7393253","","10.3389/fninf.2020.00030"
"37203616","The Importance of Being FAIR and FAST - The Clinical Epidemiology and Study Platform of the German Network University Medicine (NUKLEUS)","Krefting D, Anton G, Chaplinskaya-Sobol I, Hanss S, Hoffmann W, Hopff SM, Kraus M, Lorbeer R, Lorenz-Depiereux B, Illig T, Schäfer C, Schaller J, Stahl D, Valentin H, Heuschmann P, Vehreschild J.","Stud Health Technol Inform. 2023 May 18;302:93-97. doi: 10.3233/SHTI230071.","Krefting D","Stud Health Technol Inform","2023","2023/05/19","","","10.3233/SHTI230071"
"40102516","Blockchain ensuring academic integrity with a degree verification prototype","Cardenas-Quispe MA, Pacheco A.","Sci Rep. 2025 Mar 18;15(1):9281. doi: 10.1038/s41598-025-93913-6.","Cardenas-Quispe MA","Sci Rep","2025","2025/03/19","PMC11920411","","10.1038/s41598-025-93913-6"
"37266206","Retracted: Healthcare and Fitness Data Management Using the IoT-Based Blockchain Platform","Healthcare Engineering JO.","J Healthc Eng. 2023 May 24;2023:9831689. doi: 10.1155/2023/9831689. eCollection 2023.","Healthcare Engineering JO","J Healthc Eng","2023","2023/06/02","PMC10232103","","10.1155/2023/9831689"
"32821064","ACTION-EHR: Patient-Centric Blockchain-Based Electronic Health Record Data Management for Cancer Care","Dubovitskaya A, Baig F, Xu Z, Shukla R, Zambani PS, Swaminathan A, Jahangir MM, Chowdhry K, Lachhani R, Idnani N, Schumacher M, Aberer K, Stoller SD, Ryu S, Wang F.","J Med Internet Res. 2020 Aug 21;22(8):e13598. doi: 10.2196/13598.","Dubovitskaya A","J Med Internet Res","2020","2020/08/22","PMC7474412","","10.2196/13598"
"39821806","Reproducible, Scale-Up Production of Human Liver Organoids (HLOs) on a Pillar Plate Platform via Microarray 3D Bioprinting","Shrestha S, Vanga MG, Jonnadula C, Acharya P, Lee M, Lee MY.","Methods Mol Biol. 2025 Jan 17. doi: 10.1007/7651_2024_603. Online ahead of print.","Shrestha S","Methods Mol Biol","2025","2025/01/17","","","10.1007/7651_2024_603"
"30892656","Fair compute loads enabled by blockchain: sharing models by alternating client and server roles","Kuo TT, Gabriel RA, Ohno-Machado L.","J Am Med Inform Assoc. 2019 May 1;26(5):392-403. doi: 10.1093/jamia/ocy180.","Kuo TT","J Am Med Inform Assoc","2019","2019/03/21","PMC7787356","","10.1093/jamia/ocy180"
"39990799","GitHub is an effective platform for collaborative and reproducible laboratory research","Chen KY, Toro-Moreno M, Subramaniam AR.","ArXiv [Preprint]. 2025 Feb 10:arXiv:2408.09344v2.","Chen KY","ArXiv","2025","2025/02/24","PMC11844616","",""
"34338058","Fast MCsquare-Based Independent Dose Verification Platform for Pencil Beam Scanning Proton Therapy","Liu C, Ho MW, Park J, Hsi WC, Liang X, Li Z, Song Y, Feng H, Zhang Y.","Technol Cancer Res Treat. 2021 Jan-Dec;20:15330338211033076. doi: 10.1177/15330338211033076.","Liu C","Technol Cancer Res Treat","2021","2021/08/02","PMC8326813","","10.1177/15330338211033076"
"31599058","PhyloSuite: An integrated and scalable desktop platform for streamlined molecular sequence data management and evolutionary phylogenetics studies","Zhang D, Gao F, Jakovlić I, Zou H, Zhang J, Li WX, Wang GT.","Mol Ecol Resour. 2020 Jan;20(1):348-355. doi: 10.1111/1755-0998.13096. Epub 2019 Nov 6.","Zhang D","Mol Ecol Resour","2020","2019/10/11","","","10.1111/1755-0998.13096"
"35924113","Feature Extraction Approach for Speaker Verification to Support Healthcare System Using Blockchain Security for Data Privacy","Upadhyay S, Kumar M, Kumar A, Karnati R, Mahommad GB, Althubiti SA, Alenezi F, Polat K.","Comput Math Methods Med. 2022 Jul 25;2022:8717263. doi: 10.1155/2022/8717263. eCollection 2022.","Upadhyay S","Comput Math Methods Med","2022","2022/08/04","PMC9343193","","10.1155/2022/8717263"
"40420483","Vendor-agnostic 3D multiparametric relaxometry improves cross-platform reproducibility","Fujita S, Gagoski B, Nielsen JF, Zaitsev M, Jun Y, Cho J, Yong X, Uhl Q, Xu P, Milshteyn E, Shaik IA, Liu Q, Chen Q, Afacan O, Kirsch JE, Rathi Y, Bilgic B.","Magn Reson Med. 2025 Sep;94(3):937-948. doi: 10.1002/mrm.30566. Epub 2025 May 26.","Fujita S","Magn Reson Med","2025","2025/05/27","PMC12204796","NIHMS2080221","10.1002/mrm.30566"
"30576482","NBDC RDF portal: a comprehensive repository for semantic data in life sciences","Kawashima S, Katayama T, Hatanaka H, Kushida T, Takagi T.","Database (Oxford). 2018 Jan 1;2018:bay123. doi: 10.1093/database/bay123.","Kawashima S","Database (Oxford)","2018","2018/12/22","PMC6301334","","10.1093/database/bay123"
"29896896","Technical Note: Extension of CERR for computational radiomics: A comprehensive MATLAB platform for reproducible radiomics research","Apte AP, Iyer A, Crispin-Ortuzar M, Pandya R, van Dijk LV, Spezi E, Thor M, Um H, Veeraraghavan H, Oh JH, Shukla-Dave A, Deasy JO.","Med Phys. 2018 Jun 13:10.1002/mp.13046. doi: 10.1002/mp.13046. Online ahead of print.","Apte AP","Med Phys","2018","2018/06/14","PMC6597320","NIHMS975498","10.1002/mp.13046"
"32600891","Use of a Secure Web-Based Data Management Platform to Track Resident Operative Performance and Program Educational Quality Over Time","Meholick AL, Jesneck JL, Thanawala RM, Seymour NE.","J Surg Educ. 2020 Nov-Dec;77(6):e187-e195. doi: 10.1016/j.jsurg.2020.05.022. Epub 2020 Jun 26.","Meholick AL","J Surg Educ","2020","2020/07/01","","","10.1016/j.jsurg.2020.05.022"
"34156448","ReMeDy: a platform for integrating and sharing published stem cell research data with a focus on iPSC trials","Borziak K, Parvanova I, Finkelstein J.","Database (Oxford). 2021 Jun 22;2021:baab038. doi: 10.1093/database/baab038.","Borziak K","Database (Oxford)","2021","2021/06/22","PMC8218701","","10.1093/database/baab038"
"32883210","""METAGENOTE: a simplified web platform for metadata annotation of genomic samples and streamlined submission to NCBI's sequence read archive""","Quiñones M, Liou DT, Shyu C, Kim W, Vujkovic-Cvijin I, Belkaid Y, Hurt DE.","BMC Bioinformatics. 2020 Sep 3;21(1):378. doi: 10.1186/s12859-020-03694-0.","Quiñones M","BMC Bioinformatics","2020","2020/09/05","PMC7471527","","10.1186/s12859-020-03694-0"
"39583833","Transforming agri-food value chains in Bangladesh: A practical application of blockchain for traceability and fair pricing","Rashid MRA, Hasan M, Islam MA, Tasnim ST, Taifa RJ, Mahbub S, Mansoor N, Ali MS, Jabid T, Islam M, Islam MM.","Heliyon. 2024 Nov 2;10(21):e40091. doi: 10.1016/j.heliyon.2024.e40091. eCollection 2024 Nov 15.","Rashid MRA","Heliyon","2024","2024/11/25","PMC11582413","","10.1016/j.heliyon.2024.e40091"
"41241215","THRAISE: An automated and reproducible web platform for RNA-seq analysis","Heo HH, Um SJ.","Mol Cells. 2025 Dec;48(12):100299. doi: 10.1016/j.mocell.2025.100299. Epub 2025 Nov 13.","Heo HH","Mol Cells","2025","2025/11/15","PMC12702357","","10.1016/j.mocell.2025.100299"
"31134468","UNRAVEL: big data analytics research data platform to improve care of patients with cardiomyopathies using routine electronic health records and standardised biobanking","Sammani A, Jansen M, Linschoten M, Bagheri A, de Jonge N, Kirkels H, van Laake LW, Vink A, van Tintelen JP, Dooijes D, Te Riele ASJM, Harakalova M, Baas AF, Asselbergs FW.","Neth Heart J. 2019 Sep;27(9):426-434. doi: 10.1007/s12471-019-1288-4.","Sammani A","Neth Heart J","2019","2019/05/29","PMC6712144","","10.1007/s12471-019-1288-4"
"40776146","Architectural Framework for Developing a Healthcare Research Data Repository: A Scalable and Interoperable Approach","Santos RS, Moreno RA, Rebelo MS, Pires FA, Krieger JE, Gutierrez MA.","Stud Health Technol Inform. 2025 Aug 7;329:1616-1617. doi: 10.3233/SHTI251129.","Santos RS","Stud Health Technol Inform","2025","2025/08/08","","","10.3233/SHTI251129"
"30791498","A Semantic-Enabled Platform for Realizing an Interoperable Web of Things","Lanza J, Sánchez L, Gómez D, Santana JR, Sotres P.","Sensors (Basel). 2019 Feb 19;19(4):869. doi: 10.3390/s19040869.","Lanza J","Sensors (Basel)","2019","2019/02/23","PMC6412853","","10.3390/s19040869"
"40067093","BioArchLinux: community-driven fresh reproducible software repository for life sciences","Zhang G, Ristola P, Su H, Kumar B, Zhang B, Hu Y, Elliot MG, Drobot V, Zhu J, Staal J, Larralde M, Wang S, Yi Y, Yu H.","Bioinformatics. 2025 Mar 4;41(3):btaf106. doi: 10.1093/bioinformatics/btaf106.","Zhang G","Bioinformatics","2025","2025/03/11","PMC11925497","","10.1093/bioinformatics/btaf106"
"34679857","Sperm Repository for a Breeding Program of the Eastern Oyster Crassostrea virginica: Sample Collection, Processing, Cryopreservation, and Data Management Plan","Yang H, Huo Y, Yee JC, Rikard S, Walton WC, Saillant E.","Animals (Basel). 2021 Sep 28;11(10):2836. doi: 10.3390/ani11102836.","Yang H","Animals (Basel)","2021","2021/10/23","PMC8532978","","10.3390/ani11102836"
"31861851","Experience in Developing an FHIR Medical Data Management Platform to Provide Clinical Decision Support","Semenov I, Osenev R, Gerasimov S, Kopanitsa G, Denisov D, Andreychuk Y.","Int J Environ Res Public Health. 2019 Dec 20;17(1):73. doi: 10.3390/ijerph17010073.","Semenov I","Int J Environ Res Public Health","2019","2019/12/22","PMC6981801","","10.3390/ijerph17010073"
"33572822","Universal Verification Platform and Star Simulator for Fast Star Tracker Design","Schulz VH, Marcelino GM, Seman LO, Santos Barros J, Kim S, Cho M, Villarrubia González G, Leithardt VRQ, Bezerra EA.","Sensors (Basel). 2021 Jan 29;21(3):907. doi: 10.3390/s21030907.","Schulz VH","Sensors (Basel)","2021","2021/02/12","PMC7866273","","10.3390/s21030907"
"40681592","Construction and efficiency analysis of an embedded system-based verification platform for edge computing","Cao J, Yu Z, Zhu B, Cao M, Yang J.","Sci Rep. 2025 Jul 18;15(1):26114. doi: 10.1038/s41598-025-10580-3.","Cao J","Sci Rep","2025","2025/07/18","PMC12274280","","10.1038/s41598-025-10580-3"
"36364543","Reproducible Non-Volatile Multi-State Storage and Emulation of Synaptic Plasticity Based on a Copper-Nanoparticle-Embedded HfO(x)/ZnO Bilayer with Ultralow-Switching Current and Ideal Data Retention","Chen S, Chen H, Lai Y.","Nanomaterials (Basel). 2022 Oct 26;12(21):3769. doi: 10.3390/nano12213769.","Chen S","Nanomaterials (Basel)","2022","2022/11/11","PMC9656838","","10.3390/nano12213769"
"31712118","Circulating Sex Steroid Measurements of Men by Mass Spectrometry Are Highly Reproducible after Prolonged Frozen Storage","Handelsman DJ, Desai R, Seibel MJ, Le Couteur DG, Cumming RG.","J Steroid Biochem Mol Biol. 2020 Mar;197:105528. doi: 10.1016/j.jsbmb.2019.105528. Epub 2019 Nov 9.","Handelsman DJ","J Steroid Biochem Mol Biol","2020","2019/11/13","","","10.1016/j.jsbmb.2019.105528"
"40710442","A Design Architecture for Decentralized and Provenance-Assisted eHealth Systems for Enhanced Personalized Medicine","Sergio WL, Ströele V, Braga R.","J Pers Med. 2025 Jul 19;15(7):325. doi: 10.3390/jpm15070325.","Sergio WL","J Pers Med","2025","2025/07/25","PMC12299404","","10.3390/jpm15070325"
"31819105","Applied Veterinary Informatics: Development of a Semantic and Domain-Specific Method to Construct a Canine Data Repository","Boland MR, Casal ML, Kraus MS, Gelzer AR.","Sci Rep. 2019 Dec 9;9(1):18641. doi: 10.1038/s41598-019-55035-8.","Boland MR","Sci Rep","2019","2019/12/11","PMC6901510","","10.1038/s41598-019-55035-8"
"32795433","Reproducibility of Non-Invasive Endothelial Cell Loss Assessment of the Pre-Stripped DMEK Roll After Preparation and Storage","Safi T, Seitz B, Berg K, Schulz K, Langenbucher A, Daas L.","Am J Ophthalmol. 2021 Jan;221:17-26. doi: 10.1016/j.ajo.2020.08.001. Epub 2020 Aug 11.","Safi T","Am J Ophthalmol","2021","2020/08/16","","","10.1016/j.ajo.2020.08.001"
"30408207","Intradonor reproducibility and changes in hemolytic variables during red blood cell storage: results of recall phase of the REDS-III RBC-Omics study","Lanteri MC, Kanias T, Keating S, Stone M, Guo Y, Page GP, Brambilla DJ, Endres-Dighe SM, Mast AE, Bialkowski W, D'Andrea P, Cable RG, Spencer BR, Triulzi DJ, Murphy EL, Kleinman S, Gladwin MT, Busch MP; NHLBI Recipient Epidemiology Donor Evaluation Study (REDS)-III Program.","Transfusion. 2019 Jan;59(1):79-88. doi: 10.1111/trf.14987. Epub 2018 Nov 8.","Lanteri MC","Transfusion","2019","2018/11/09","PMC7007704","NIHMS1069176","10.1111/trf.14987"
"29790950","The research data management platform (RDMP): A novel, process driven, open-source tool for the management of longitudinal cohorts of clinical data","Nind T, Galloway J, McAllister G, Scobbie D, Bonney W, Hall C, Tramma L, Reel P, Groves M, Appleby P, Doney A, Guthrie B, Jefferson E.","Gigascience. 2018 Jul 1;7(7):giy060. doi: 10.1093/gigascience/giy060.","Nind T","Gigascience","2018","2018/05/24","PMC6041881","","10.1093/gigascience/giy060"
"31138292","Changing platforms without stopping the train: experiences of data management and data management systems when adapting platform protocols by adding and closing comparisons","Hague D, Townsend S, Masters L, Rauchenberger M, Van Looy N, Diaz-Montana C, Gannon M, James N, Maughan T, Parmar MKB, Brown L, Sydes MR; STAMPEDE and FOCUS4 investigators.","Trials. 2019 May 29;20(1):294. doi: 10.1186/s13063-019-3322-7.","Hague D","Trials","2019","2019/05/30","PMC6540437","","10.1186/s13063-019-3322-7"
"33593271","MQF and buffered MQF: quotient filters for efficient storage of k-mers with their counts and metadata","Shokrof M, Brown CT, Mansour TA.","BMC Bioinformatics. 2021 Feb 16;22(1):71. doi: 10.1186/s12859-021-03996-x.","Shokrof M","BMC Bioinformatics","2021","2021/02/17","PMC7885209","","10.1186/s12859-021-03996-x"
"32935033","The Concept Dictionary and Glossary at MCHP: Tools and Techniques to Support a Population Research Data Repository","Smith M, Turner K, Bond R, Kawakami T, Roos LL.","Int J Popul Data Sci. 2019 Dec 5;4(1):1124. doi: 10.23889/ijpds.v4i1.1124.","Smith M","Int J Popul Data Sci","2019","2020/09/16","PMC7482512","","10.23889/ijpds.v4i1.1124"
"29678022","Using RDF and Git to Realize a Collaborative Metadata Repository","Stöhr MR, Majeed RW, Günther A.","Stud Health Technol Inform. 2018;247:556-560.","Stöhr MR","Stud Health Technol Inform","2018","2018/04/22","","",""
"36504549","In defense of decentralized research data management","Hanke M, Pestilli F, Wagner AS, Markiewicz CJ, Poline JB, Halchenko YO.","Neuroforum. 2021;27(1):17-25. doi: 10.1515/nf-2020-0037. Epub 2021 Jan 11.","Hanke M","Neuroforum","2021","2022/12/12","PMC9731181","NIHMS1849159","10.1515/nf-2020-0037"
"31287543","Semalytics: a semantic analytics platform for the exploration of distributed and heterogeneous cancer data in translational research","Mignone A, Grand A, Fiori A, Medico E, Bertotti A.","Database (Oxford). 2019 Jan 1;2019:baz080. doi: 10.1093/database/baz080.","Mignone A","Database (Oxford)","2019","2019/07/10","PMC6615453","","10.1093/database/baz080"
"40019391","MSConnect: Open-Source, End-to-End Platform for Automated Mass Spectrometry Data Management, Analysis, and Visualization","Xie X, Reyes PS, Lin HL, Mannewitz GA, Truong T, Webber KGI, Payne SH, Kelly RT.","J Proteome Res. 2025 Apr 4;24(4):1757-1764. doi: 10.1021/acs.jproteome.4c00854. Epub 2025 Feb 28.","Xie X","J Proteome Res","2025","2025/02/28","PMC12009169","NIHMS2069709","10.1021/acs.jproteome.4c00854"
"41377523","SaVor - A Reproducible Structural Variant Calling and Benchmarking Platform from Short-Read Data","Mugoya T, Sethuraman A.","bioRxiv [Preprint]. 2025 Dec 1:2025.11.26.690832. doi: 10.1101/2025.11.26.690832.","Mugoya T","bioRxiv","2025","2025/12/11","PMC12687769","","10.1101/2025.11.26.690832"
"32503191","FairCs-Blockchain-Based Fair Crowdsensing Scheme using Trusted Execution Environment","Liang Y, Li Y, Shin BS.","Sensors (Basel). 2020 Jun 3;20(11):3172. doi: 10.3390/s20113172.","Liang Y","Sensors (Basel)","2020","2020/06/07","PMC7309114","","10.3390/s20113172"
"41404704","VirJenDB: a FAIR (meta)data and bioinformatics platform for all viruses","Saghaei S, Siemers M, Ossetek KL, Richter S, Edwards RA, Roux S, Zielezinski A, Dutilh BE, Marz M, Cassman NA.","Nucleic Acids Res. 2026 Jan 6;54(D1):D912-D924. doi: 10.1093/nar/gkaf1224.","Saghaei S","Nucleic Acids Res","2026","2025/12/17","PMC12807664","","10.1093/nar/gkaf1224"
"32777825","APRICOT: Advanced Platform for Reproducible Infrastructures in the Cloud via Open Tools","Giménez-Alventosa V, Segrelles JD, Moltó G, Roca-Sogorb M.","Methods Inf Med. 2020 Dec;59(S 02):e33-e45. doi: 10.1055/s-0040-1712460. Epub 2020 Aug 10.","Giménez-Alventosa V","Methods Inf Med","2020","2020/08/11","PMC7746519","","10.1055/s-0040-1712460"
"34174938","Advancing clinical genomics and precision medicine with GVViZ: FAIR bioinformatics platform for variable gene-disease annotation, visualization, and expression analysis","Ahmed Z, Renart EG, Zeeshan S, Dong X.","Hum Genomics. 2021 Jun 26;15(1):37. doi: 10.1186/s40246-021-00336-1.","Ahmed Z","Hum Genomics","2021","2021/06/27","PMC8235866","","10.1186/s40246-021-00336-1"
"40640156","Random access and semantic search in DNA data storage enabled by Cas9 and machine-guided design","Imburgia C, Organick L, Zhang K, Cardozo N, McBride J, Bee C, Wilde D, Roote G, Jorgensen S, Ward D, Anderson C, Strauss K, Ceze L, Nivala J.","Nat Commun. 2025 Jul 10;16(1):6388. doi: 10.1038/s41467-025-61264-5.","Imburgia C","Nat Commun","2025","2025/07/10","PMC12246221","","10.1038/s41467-025-61264-5"
"41350574","A privacy preserving medical data management framework using blockchain enabled encrypted role based access control","Taloba AI, Rayan A.","Sci Rep. 2025 Dec 6;15(1):43864. doi: 10.1038/s41598-025-30916-3.","Taloba AI","Sci Rep","2025","2025/12/05","PMC12708723","","10.1038/s41598-025-30916-3"
"36690091","U-net-based semantic classification for flood extent extraction using SAR imagery and GEE platform: A case study for 2019 central US flooding","Li Z, Demir I.","Sci Total Environ. 2023 Apr 15;869:161757. doi: 10.1016/j.scitotenv.2023.161757. Epub 2023 Jan 21.","Li Z","Sci Total Environ","2023","2023/01/23","","","10.1016/j.scitotenv.2023.161757"
"40775897","Exploring End-Users' Patient Portal Usage Leveraging a State Fair Platform","Olson C, Thatipelli S, Schneberger P, Lunos S, Boman K, Melton GB, Adam P, Allen M, Rizvi R.","Stud Health Technol Inform. 2025 Aug 7;329:445-449. doi: 10.3233/SHTI250879.","Olson C","Stud Health Technol Inform","2025","2025/08/08","","","10.3233/SHTI250879"
"40968974","A Zero-Knowledge Proof-Enabled Blockchain-Based Academic Record Verification System","Berrios Moya JA, Ayoade J, Uddin MA.","Sensors (Basel). 2025 May 30;25(11):3450. doi: 10.3390/s25113450.","Berrios Moya JA","Sensors (Basel)","2025","2025/09/19","PMC12158337","","10.3390/s25113450"
"41129381","ShortCake: an integrated platform for efficient and reproducible single-cell analysis","Nakato R, Nagai LAE.","Bioinformatics. 2025 Nov 1;41(11):btaf559. doi: 10.1093/bioinformatics/btaf559.","Nakato R","Bioinformatics","2025","2025/10/23","PMC12619637","","10.1093/bioinformatics/btaf559"
"40470341","How can we make GPS tracking studies more open, reproducible, and collaborative? A vision for the OpenGPS platform","Malekzadeh M, Ha HJ, Sila-Nowicka K, Brum-Bastos V, Lee J, Demšar U, Long JA.","Data Brief. 2025 May 2;60:111603. doi: 10.1016/j.dib.2025.111603. eCollection 2025 Jun.","Malekzadeh M","Data Brief","2025","2025/06/05","PMC12136898","","10.1016/j.dib.2025.111603"
"31341559","Reproducible Large-Scale Synthesis of Surface Silanized Nanoparticles as an Enabling Nanoproteomics Platform: Enrichment of the Human Heart Phosphoproteome","Roberts DS, Chen B, Tiambeng TN, Wu Z, Ge Y, Jin S.","Nano Res. 2019 Jun;12(6):1473-1481. doi: 10.1007/s12274-019-2418-4. Epub 2019 May 29.","Roberts DS","Nano Res","2019","2019/07/26","PMC6656398","NIHMS1034978","10.1007/s12274-019-2418-4"
"33150057","Molecular Detection Mapping and Analysis Platform for R (MDMAPR) facilitating the standardization, analysis, visualization, and sharing of qPCR data and metadata","Yu J, Young RG, Deeth LE, Hanner RH.","PeerJ. 2020 Oct 23;8:e9974. doi: 10.7717/peerj.9974. eCollection 2020.","Yu J","PeerJ","2020","2020/11/05","PMC7587055","","10.7717/peerj.9974"
"32205903","Are we ready to share qualitative research data? Knowledge and preparedness among qualitative researchers, IRB Members, and data repository curators","Mozersky J, Walsh H, Parsons M, McIntosh T, Baldwin K, DuBois JM.","IASSIST Q. 2020 Jan 8;43(4):952. doi: 10.29173/iq952.","Mozersky J","IASSIST Q","2020","2020/03/25","PMC7089584","NIHMS1574365","10.29173/iq952"
"33431029","The ChemicalToolbox: reproducible, user-friendly cheminformatics analysis on the Galaxy platform","Bray SA, Lucas X, Kumar A, Grüning BA.","J Cheminform. 2020 Jun 1;12(1):40. doi: 10.1186/s13321-020-00442-7.","Bray SA","J Cheminform","2020","2021/01/12","PMC7268608","","10.1186/s13321-020-00442-7"
"40124712","The BioGenome Portal: a web-based platform for biodiversity genomics data management","Righi E, Guigó R.","NAR Genom Bioinform. 2025 Mar 22;7(1):lqaf020. doi: 10.1093/nargab/lqaf020. eCollection 2025 Mar.","Righi E","NAR Genom Bioinform","2025","2025/03/24","PMC11928930","","10.1093/nargab/lqaf020"
"39756295","Evaluating seagrass lipid biomarkers as indicator for organic carbon provenance and storage capacity in Zostera marina (L.) sediments","Dahl M, Asplund ME, Björk M, Bergman S, Braun S, Forsberg SC, Hällberg P, Löfgren E, Smittenberg R, Svensson JR, Gullström M.","Sci Total Environ. 2025 Jan 10;959:178324. doi: 10.1016/j.scitotenv.2024.178324. Epub 2025 Jan 4.","Dahl M","Sci Total Environ","2025","2025/01/05","","","10.1016/j.scitotenv.2024.178324"
"30402350","BioInstaller: a comprehensive R package to construct interactive and reproducible biological data analysis applications based on the R platform","Li J, Cui B, Dai Y, Bai L, Huang J.","PeerJ. 2018 Oct 31;6:e5853. doi: 10.7717/peerj.5853. eCollection 2018.","Li J","PeerJ","2018","2018/11/08","PMC6215441","","10.7717/peerj.5853"
"40370711","Open science and phenotyping in UK administrative health, education and social care data: the ECHILD phenotype code list repository","Jay MA, Lewis K, Shi D, Langella R, Stone T, Chobhthaigh SN, Zylbersztejn A, Blackburn R, Harron K.","Int J Popul Data Sci. 2025 May 13;10(2):2943. doi: 10.23889/ijpds.v10i2.2943. eCollection 2025.","Jay MA","Int J Popul Data Sci","2025","2025/05/15","PMC12076273","","10.23889/ijpds.v10i2.2943"
"41411291","OpenIDS2: A low-cost, 3D-printed, open-source platform for reproducible construction of DNA microarray synthesizers","Kim J, Kim H, Bang D.","PLoS One. 2025 Dec 18;20(12):e0338478. doi: 10.1371/journal.pone.0338478. eCollection 2025.","Kim J","PLoS One","2025","2025/12/18","PMC12714190","","10.1371/journal.pone.0338478"
"41032636","The FAIR journey of a patient-driven registry: Reflections and practical solutions from the Duchenne Data Platform FAIRification experience","Lalout N, Wilkinson MD, Wandrei D, Tassoni A, Atalaia A, Prieto M, Camara A, Quemada E, Franken M, Jonker AH, Paliouras G, Siminiuc S, Carta C, Dos Santos Vieira B, Roos M, Kaliyaperumal R, Evangelista T, 't Hoen PAC, Vroom E.","J Neuromuscul Dis. 2025 Oct 1:22143602251382969. doi: 10.1177/22143602251382969. Online ahead of print.","Lalout N","J Neuromuscul Dis","2025","2025/10/01","","","10.1177/22143602251382969"
"36777051","The Last Mile: DSCSA Solution Through Blockchain Technology: Drug Tracking, Tracing, and Verification at the Last Mile of the Pharmaceutical Supply Chain with BRUINchain","Chien W, de Jesus J, Taylor B, Dods V, Alekseyev L, Shoda D, Shieh PB.","Blockchain Healthc Today. 2020 Mar 23;3. doi: 10.30953/bhty.v3.134. eCollection 2020.","Chien W","Blockchain Healthc Today","2020","2023/02/13","PMC9907423","","10.30953/bhty.v3.134"
"40926267","The systematic assessment of completeness of public metadata accompanying omics studies in the Gene Expression Omnibus data repository","Huang YN, Jaiswal PV, Rajes A, Yadav A, Yu D, Liu F, Scheg G, Shih E, Boldirev G, Nakashidze I, Sarkar A, Mehta JH, Wang K, Patel KK, Mirza MAB, Hapani KC, Peng Q, Ayyala R, Guo R, Kapur S, Ramesh T, Ciorbă D, Munteanu V, Bostan V, Dimian M, Abedalthagafi MS, Mangul S.","Genome Biol. 2025 Sep 9;26(1):274. doi: 10.1186/s13059-025-03725-0.","Huang YN","Genome Biol","2025","2025/09/09","PMC12421755","","10.1186/s13059-025-03725-0"
"40716656","Reproducibility assessment of magnetic resonance spectroscopy of pregenual anterior cingulate cortex across sessions and vendors via the cloud computing platform CloudBrain-MRS","Chen R, Lin M, Chen J, Lin L, Wang J, Li X, Wang J, Huang X, Qian L, Liu S, Long Y, Guo D, Qu X, Han H.","Neuroimage. 2025 Sep;318:121400. doi: 10.1016/j.neuroimage.2025.121400. Epub 2025 Jul 25.","Chen R","Neuroimage","2025","2025/07/27","","","10.1016/j.neuroimage.2025.121400"
"41162684","Systematic data capture reduces the need for source data verification: exploratory analysis from a phase 2 multicenter randomized controlled platform trial","Abbasi AB, Liu KD, Russell DW, Files DC, Thomas KW, Yousef F, Gandotra S, Discacciati A, Lim N, Asare AL, Eklund M, Matthay M, Esserman LJ; I-SPY COVID Investigators.","Commun Med (Lond). 2025 Oct 29;5(1):444. doi: 10.1038/s43856-025-01126-9.","Abbasi AB","Commun Med (Lond)","2025","2025/10/30","PMC12572212","","10.1038/s43856-025-01126-9"
"32466209","IoT-Blockchain Enabled Optimized Provenance System for Food Industry 4.0 Using Advanced Deep Learning","Khan PW, Byun YC, Park N.","Sensors (Basel). 2020 May 25;20(10):2990. doi: 10.3390/s20102990.","Khan PW","Sensors (Basel)","2020","2020/05/30","PMC7287702","","10.3390/s20102990"
"41296167","A systematic study on blockchain technology for genomic data management in healthcare: approaches, challenges, and research opportunities","Arya A, Malik A.","Med Biol Eng Comput. 2026 Feb;64(2):401-418. doi: 10.1007/s11517-025-03480-1. Epub 2025 Nov 26.","Arya A","Med Biol Eng Comput","2026","2025/11/26","","","10.1007/s11517-025-03480-1"
"40315243","Using an analogue-digital hybrid clinical data management platform during a two-dose preventive Ebola virus vaccine trial in Goma, the Democratic Republic of the Congo","Brindle HE, Tetsa-Tata D, Edwards T, Choi EM, Kasonia K, Aboubacar S, Mambula G, Kavunga-Membo H, Grais R, Johnson J, Bausch DG, Muyembe-Tamfum JJ, Ama IS, Lees S, Watson-Jones D, Camacho A, Roberts CH.","PLOS Glob Public Health. 2025 May 2;5(5):e0004487. doi: 10.1371/journal.pgph.0004487. eCollection 2025.","Brindle HE","PLOS Glob Public Health","2025","2025/05/02","PMC12047755","","10.1371/journal.pgph.0004487"
"30284872","The relationship between response consistency in picture naming and storage impairment in people with semantic variant primary progressive aphasia","van Scherpenberg C, Fieder N, Savage S, Nickels L.","Neuropsychology. 2019 Jan;33(1):13-34. doi: 10.1037/neu0000485. Epub 2018 Oct 4.","van Scherpenberg C","Neuropsychology","2019","2018/10/05","","","10.1037/neu0000485"
"31889088","CIBER-CLAP (CIBERCV Cardioprotection Large Animal Platform): A multicenter preclinical network for testing reproducibility in cardiovascular interventions","Rossello X, Rodriguez-Sinovas A, Vilahur G, Crisóstomo V, Jorge I, Zaragoza C, Zamorano JL, Bermejo J, Ordoñez A, Boscá L, Vázquez J, Badimón L, Sánchez-Margallo FM, Fernández-Avilés F, Garcia-Dorado D, Ibanez B.","Sci Rep. 2019 Dec 30;9(1):20290. doi: 10.1038/s41598-019-56613-6.","Rossello X","Sci Rep","2019","2020/01/01","PMC6937304","","10.1038/s41598-019-56613-6"
"41471522","Efficient Signed Certificate Verification for IoT and V2V Messages via Blockchain Integration","Khoury D, Eledlebi K, Hamze K, Sayah J, Sondi P, Danach K, Semaan D, Farran H, Haddad S.","Sensors (Basel). 2025 Dec 11;25(24):7528. doi: 10.3390/s25247528.","Khoury D","Sensors (Basel)","2025","2025/12/31","PMC12736745","","10.3390/s25247528"
"39277341","Letter to the editor: ""Edwards curve digital signature algorithm for video integrity verification on blockchain framework""","Lawrence L, Shreelekshmi R.","Sci Justice. 2024 Sep;64(5):583-584. doi: 10.1016/j.scijus.2024.08.005. Epub 2024 Sep 12.","Lawrence L","Sci Justice","2024","2024/09/14","","","10.1016/j.scijus.2024.08.005"
"29664282","Highly Sensitive and Reproducible SERS Sensor for Biological pH Detection Based on a Uniform Gold Nanorod Array Platform","Bi L, Wang Y, Yang Y, Li Y, Mo S, Zheng Q, Chen L.","ACS Appl Mater Interfaces. 2018 May 9;10(18):15381-15387. doi: 10.1021/acsami.7b19347. Epub 2018 Apr 25.","Bi L","ACS Appl Mater Interfaces","2018","2018/04/18","","","10.1021/acsami.7b19347"
"37502053","Retracted: Construction of a Public Service Cloud Platform for Disabled People Based on the Big Data Management Model of the Internet of Things","Neuroscience CIA.","Comput Intell Neurosci. 2023 Jul 19;2023:9898407. doi: 10.1155/2023/9898407. eCollection 2023.","Neuroscience CIA","Comput Intell Neurosci","2023","2023/07/28","PMC10371640","","10.1155/2023/9898407"
"41175316","Tubeless Insulin Pump Combined with a Cloud-Based Data Management Platform: Real-World Evidence from 14,765 French People with Diabetes","Jeandidier N, Bagel A, Bonin A, Guigand G, Guerci B.","Diabetes Ther. 2025 Dec;16(12):2293-2310. doi: 10.1007/s13300-025-01814-8. Epub 2025 Nov 1.","Jeandidier N","Diabetes Ther","2025","2025/11/01","PMC12623546","","10.1007/s13300-025-01814-8"
"39821810","Reproducible, Scale-Up Production of Human Brain Organoids (HBOs) on a Pillar Plate Platform via Spheroid Transfer","Joshi P, Acharya P, Zolfaghar M, Vanga MG, Shrestha S, Lee MY.","Methods Mol Biol. 2025 Jan 17. doi: 10.1007/7651_2024_604. Online ahead of print.","Joshi P","Methods Mol Biol","2025","2025/01/17","","","10.1007/7651_2024_604"
"39992943","Validation and user experience testing of DataCryptChain: An open-source standard combining blockchain technology with asymmetric encryption for private, secure, shareable, and tamper-proof research data","Franc JM.","PLOS Digit Health. 2025 Feb 24;4(2):e0000741. doi: 10.1371/journal.pdig.0000741. eCollection 2025 Feb.","Franc JM","PLOS Digit Health","2025","2025/02/24","PMC11849895","","10.1371/journal.pdig.0000741"
"29691672","Generic Anti-PEG Antibody Assay on ProterixBio's (Formerly BioScale) ViBE Platform Shows Poor Reproducibility","Chilewski SD, Shields J, Mora JR, Myler H.","AAPS J. 2018 Apr 24;20(3):65. doi: 10.1208/s12248-018-0228-3.","Chilewski SD","AAPS J","2018","2018/04/26","","","10.1208/s12248-018-0228-3"
"41487774","Dose-Summation-Guided Re-irradiation Planning for Brain Metastases: Cross-Platform Verification Between Brainlab Elements and GammaPlan","Matsunaga S, Shuto T, Sasame J.","Cureus. 2025 Dec 2;17(12):e98296. doi: 10.7759/cureus.98296. eCollection 2025 Dec.","Matsunaga S","Cureus","2025","2026/01/05","PMC12756902","","10.7759/cureus.98296"
"32708851","EDSSA: An Encoder-Decoder Semantic Segmentation Networks Accelerator on OpenCL-Based FPGA Platform","Huang H, Wu Y, Yu M, Shi X, Qiao F, Luo L, Wei Q, Liu X.","Sensors (Basel). 2020 Jul 17;20(14):3969. doi: 10.3390/s20143969.","Huang H","Sensors (Basel)","2020","2020/07/26","PMC7411893","","10.3390/s20143969"
"30454070","Correction to: Consistent and reproducible cultures of large-scale 3D mammary epithelial structures using an accessible bioprinting platform","Reid JA, Mollica PA, Bruno RD, Sachs PC.","Breast Cancer Res. 2018 Nov 19;20(1):136. doi: 10.1186/s13058-018-1069-9.","Reid JA","Breast Cancer Res","2018","2018/11/21","PMC6245868","","10.1186/s13058-018-1069-9"
"40424064","Cavity-Like Silver Aggregates-Based Colloidal SERS Microfluidic Platform for Highly Reproducible Online Reaction Process Analysis","Yan S, Zhang Z, Chen J, Wang Q, Wu Y, Sui Y, Wang S, Che Q, Zhou N, Chen L, Chen L.","Small. 2025 Jul;21(30):e2501338. doi: 10.1002/smll.202501338. Epub 2025 May 27.","Yan S","Small","2025","2025/05/27","","","10.1002/smll.202501338"
"41453979","Semantic decentralized authentication for IoT-based e-learning using Hedera Hashgraph and Knowledge Graphs","Luo L, Zhang Y, Tang Q.","Sci Rep. 2025 Dec 26;16(1):3225. doi: 10.1038/s41598-025-33206-0.","Luo L","Sci Rep","2025","2025/12/26","PMC12830672","","10.1038/s41598-025-33206-0"
"41696299","Verification of the General Applicability of a Predictive Model for the Physical Properties of Molten Salts in Heat Energy Storage Applications","Li J, Shan J, Guo J.","ACS Omega. 2026 Jan 28;11(5):8685-8689. doi: 10.1021/acsomega.5c12254. eCollection 2026 Feb 10.","Li J","ACS Omega","2026","2026/02/16","PMC12903176","","10.1021/acsomega.5c12254"
"39881154","A fair non-collateral consensus protocol based on Merkle tree for hierarchical IoT blockchain","Fateminasab SS, Bahrepour D, Tabbakh SRK.","Sci Rep. 2025 Jan 29;15(1):3645. doi: 10.1038/s41598-025-87025-4.","Fateminasab SS","Sci Rep","2025","2025/01/29","PMC11779977","","10.1038/s41598-025-87025-4"
"39809465","Triplicate Dynamic Cell Culture Platform for Enhanced Reproducibility in Anti-Cancer Drug Testing","Lu YL, Lin CM, Huang JH.","ACS Biomater Sci Eng. 2025 Feb 10;11(2):1222-1231. doi: 10.1021/acsbiomaterials.4c02142. Epub 2025 Jan 14.","Lu YL","ACS Biomater Sci Eng","2025","2025/01/14","PMC11815626","","10.1021/acsbiomaterials.4c02142"
"34400238","A local platform for user-friendly FAIR data management and reproducible analytics","Wieser F, Stryeck S, Lang K, Hahn C, Thallinger GG, Feichtinger J, Hack P, Stepponat M, Merchant N, Lindstaedt S, Oberdorfer G.","J Biotechnol. 2021 Nov 20;341:43-50. doi: 10.1016/j.jbiotec.2021.08.004. Epub 2021 Aug 13.","Wieser F","J Biotechnol","2021","2021/08/17","","","10.1016/j.jbiotec.2021.08.004"
"34263836","Automatic optical inspection platform for real-time surface defects detection on plane optical components based on semantic segmentation","Karangwa J, Kong L, Yi D, Zheng J.","Appl Opt. 2021 Jul 1;60(19):5496-5506. doi: 10.1364/AO.424547.","Karangwa J","Appl Opt","2021","2021/07/15","","","10.1364/AO.424547"
"41614048","Neurosynth Compose: A web-based platform for flexible and reproducible neuroimaging meta-analysis","Kent JD, Lee N, Laird AR, Salo T, Peraza J, Bottenhorn KL, Oudyk K, Nichols TE, Poline JB, de la Vega A.","Imaging Neurosci (Camb). 2026 Jan 27;4:IMAG.a.1114. doi: 10.1162/IMAG.a.1114. eCollection 2026.","Kent JD","Imaging Neurosci (Camb)","2026","2026/01/30","PMC12849227","","10.1162/IMAG.a.1114"
"41548944","Reproducible and Efficient Phenotyping for Cell Therapy Manufacturing Using the Accellix Automated Flow Cytometer Platform","Van Vloten J, Yoo S, Sandhu G, Teschner L, Nguyen D, Than E, Mali R, Rill D, Ayers C, Montero Julian FA.","PDA J Pharm Sci Technol. 2026 Jan 18:pdajpst.2025-000035.1. doi: 10.5731/pdajpst.2025-000035.1. Online ahead of print.","Van Vloten J","PDA J Pharm Sci Technol","2026","2026/01/18","","","10.5731/pdajpst.2025-000035.1"
"41270546","PanGeneWhale - A dockerized Kotlin-based GUI platform for reproducible and user-friendly pangenomic analysis","Gomes Netto WB, Sousa SS, Nakamaru SMB, Philippsen HK, de Castro Silva D, Costa DKD, de Oliveira ACFM, Baraúna RA, das Graças DA, Silva A, de Oliveira Veras AA.","Comput Biol Chem. 2026 Feb;120(Pt 1):108779. doi: 10.1016/j.compbiolchem.2025.108779. Epub 2025 Nov 15.","Gomes Netto WB","Comput Biol Chem","2026","2025/11/21","","","10.1016/j.compbiolchem.2025.108779"
"41722205","Ag aerogel/ZIF-8 nanocomposite as a sensitive and reproducible SERS platform for gaseous molecule detection","Xue X, Wang Z, Zhao C, Qiao Y, Wang P, Wang J, Shi J, Liu B, Zhang J.","Spectrochim Acta A Mol Biomol Spectrosc. 2026 Feb 17;353:127610. doi: 10.1016/j.saa.2026.127610. Online ahead of print.","Xue X","Spectrochim Acta A Mol Biomol Spectrosc","2026","2026/02/21","","","10.1016/j.saa.2026.127610"
"41536766","Ai-guided vectorization for efficient storage and semantic retrieval of visual data","Harby AA, Zulkernine F, Abdulsalam HM.","Discov Artif Intell. 2026;6(1):16. doi: 10.1007/s44163-025-00713-y. Epub 2025 Dec 5.","Harby AA","Discov Artif Intell","2026","2026/01/15","PMC12795887","","10.1007/s44163-025-00713-y"
"40700021","National centre for healthy ageing data platform: Developing a core set of research data from hospital electronic health record systems: A modified Delphi approach","Mann E, Naude K, Ravipati T, Beare R, Srikanth V, Andrew NE.","Health Inf Manag. 2026 Jan;55(1):100-108. doi: 10.1177/18333583251352310. Epub 2025 Jul 23.","Mann E","Health Inf Manag","2026","2025/07/23","PMC12756512","","10.1177/18333583251352310"
"41543876","Health Data for Linguistic Minority Group Research in Canada: Proof-of-Concept Centralized Health Care Metadata Repository Development and Usability Study","Martin-Schreiber V, Peixoto C, Batista R, Belanger C, Tanuseputro P, Hsu AT, Bjerre LM.","JMIR Infodemiology. 2026 Feb 9;6:e77242. doi: 10.2196/77242.","Martin-Schreiber V","JMIR Infodemiology","2026","2026/01/16","PMC12930145","","10.2196/77242"
"41152278","An RGB-TIR Dataset from UAV Platform for Robust Urban Traffic Scenes Semantic Segmentation","Ouyang J, Wang Q, Shang Y, Jin P, Zhong H, Zhou L, Shen T.","Sci Data. 2025 Oct 28;12(1):1701. doi: 10.1038/s41597-025-05994-7.","Ouyang J","Sci Data","2025","2025/10/29","PMC12569153","","10.1038/s41597-025-05994-7"
"30198846","Metadata Correction: Alcohol Consumption Reduction Among a Web-Based Supportive Community Using the Hello Sunday Morning Blog Platform: Observational Study","Kirkman JJL, Leo B, Moore JC.","J Med Internet Res. 2018 Sep 10;20(9):e11288. doi: 10.2196/11288.","Kirkman JJL","J Med Internet Res","2018","2018/09/11","PMC6130333","","10.2196/11288"
