"Document Title",Authors,"Author Affiliations","Publication Title",Date Added To Xplore,"Publication Year","Volume","Issue","Start Page","End Page","Abstract","ISSN",ISBNs,"DOI",Funding Information,PDF Link,"Author Keywords","IEEE Terms","Mesh_Terms",Article Citation Count,Patent Citation Count,"Reference Count","License",Online Date,Issue Date,"Meeting Date","Publisher",Document Identifier
"Design of an Improved Model for Forensic Chain-of-Custody Using ZK-TIV, MV-PGChain, and AWReS","T. S. Rohankar; V. S. Gulhane","Dept. of Information Technology, Sipna College of Engineering and Technology, Amravati, India; Dept. of Information Technology, Sipna College of Engineering and Technology, Amravati, India",2025 IEEE International Conference on Advances in Computing Research On Science Engineering and Technology (ACROSET),"16 Dec 2025","2025","","","1","6","The digital forensic investigation process overwhelmingly depends on the unbroken, tamper-proof, and audit able Chain of Custody for evidence data. However, most traditional Chain of Custody systems suffer limitations being either static permission control, weak traceability, or even worse lack implementation of cryptographically enforced privacy and integrity guarantees in evidence lifecycle management. These failures can disable real-time, transparent, and secure evidence life cycle management, especially in costly, heterogeneous, and multi-party environments. The work introduces FAIR-CoC, a Forensic Adaptive Integrity and Reputation Chain-of-Custody system conceptually based on the Hybrid Blockchain-IPFS CoC Ledger (HBI-CoC) architecture to resolve these problems. This system uses IPFS as a decentralized repository for forensic artifacts while using private Ethereum blockchain for immutable record keeping of cryptographic hashes, access metadata, and smart contract logic. Furthermore, the framework consists of five key parts, ZK-TIV (Zero-Knowledge Temporal Integrity Verifier) enables evidence access within permissible timestamp windows using zk-SNARK proofs without revealing accessor identities to enhance privacy and temporal accountability in the process; the MV-PGChain (MultiVector Provenance Graph Chain) builds high fidelity provenance graph capturing handler, location, tool, and timestamp changes, with Merkle root snap-shots anchored on-chains; AWReS (Access Weighted Reputation Scorer) dynamically assesses trustworthiness for custodians using on-chain behavioral analytics; HAT-FSS (Homomorphic Audit Tags for Forensic Shard Storage) allows encrypted auditability for IPFS-stored shards using homomorphic verification tags; PA-ESC (Predictive Access Escalation Smart Contracts) embeds AI-based access behavior modeling to automate privilege revocation or escalations. Collectively, these functionalities present a novel adaptive and privacy-preserving CoC framework with solid integrity, traceability, and trust guarantees. Experimental evaluations contend with low latency and accuracy whether across all modules, establishing FAIR-CoC as a leap forward toward secure, scalable, and intelligent forensic chain-ofcustody systems.","","978-1-6654-5810-8","10.1109/ACROSET66531.2025.11281309","","https://ieeexplore.ieee.org/stamp/stamp.jsp?arnumber=11281309","Blockchain;Chain of Custody;Zero-Knowledge Proofs;Forensic Provenance;Smart Contracts;Process","Privacy;Adaptation models;Forensics;Smart contracts;Predictive models;Metadata;Solids;Real-time systems;Blockchains;Low latency communication","","","","25","IEEE","16 Dec 2025","27-28 Sept. 2025","27-28 Sept. 2025","IEEE","IEEE Conferences"
"Decentralized software project outsourcing: Blockchain based auctioning and milestone verification","E. -O. MÎŞ; D. -Ş. Rusu; A. VasilĂŢEanu","Department of Engineering in Foreign Languages, Universitatea Naţională de Ştiinţă şi Tehnologie POLITEHNICA Bucureşti, Bucharest, Romania; Department of Engineering in Foreign Languages, Universitatea Naţională de Ştiinţă şi Tehnologie POLITEHNICA Bucureşti, Bucharest, Romania; Department of Engineering in Foreign Languages, Universitatea Naţională de Ştiinţă şi Tehnologie POLITEHNICA Bucureşti, Bucharest, Romania","2025 IEEE 2nd International Conference on Blockchain, Smart Healthcare and Emerging Technologies (SmartBlock4Health)","14 Oct 2025","2025","","","1","5","When it comes to outsourcing in the field of software engineering, we can identify numerous challenges that might be solved using blockchain. In this article we present a system that has the goal of easing auction-based outsourcing where a client lists its available contracts, and the contractors can bid on them. The auction process is one of the main problems that can be improved with blockchain due to its transparency, ensuring the bidding process is fair and lacks hidden agreements between the parties involved. Immutability provided by the ledger will help with resolving disputes, while the participants will preserve their anonymity for a biased-free auction process.","","979-8-3315-3541-4","10.1109/SmartBlock4Health64843.2025.11189442","","https://ieeexplore.ieee.org/stamp/stamp.jsp?arnumber=11189442","blockchain;milestone payments;auction;software engineering","Medical services;Software;Blockchains;Outsourcing;Contracts;Software engineering","","","","17","IEEE","14 Oct 2025","19-20 June 2025","19-20 June 2025","IEEE","IEEE Conferences"
"Research On Electricity Spot Market Trading System Based On Blockchain Technology","J. Ma; J. Wu; W. He; W. Zhao; Y. Han; X. Pan; J. Feng","State Grid Shanxi Electric Power Company Information Communication Branch, Taiyuan, China; State Grid Shanxi Electric Power Company Information Communication Branch, Taiyuan, China; State Grid Shanxi Electric Power Company, Taiyuan, China; State Grid Shanxi Electric Power Company, Taiyuan, China; Shanxi Electric Power Trading Center Co., Ltd, Taiyuan, China; State Grid Blockchain Technology (Beijing) CO.LTD., Beijing, China; State Grid Blockchain Technology (Beijing) CO.LTD., Beijing, China",2023 3rd International Conference on Computer Science and Blockchain (CCSB),"29 Jan 2024","2023","","","101","106","With the construction of the new power system and the promotion of the reform of the power market system, the number of market transaction varieties and participants of all parties has increased sharply, especially the development of the electricity spot market has put forward higher requirements for building a fair, efficient, reliable and safe market transaction environment. In this regard, in view of the problems of weak multi-agent trust, poor autonomy and low synergy efficiency in the electricity spot market, the blockchain is used to build a safe, fair, reliable and efficient electricity spot trading environment. Through smart contract technology, the operation efficiency and rules of the electricity spot market are improved, and the sense of equity, autonomy and efficiency of market participants is enhanced, and the efficient operation of the market and green and low-carbon development are promoted.","","979-8-3503-5907-7","10.1109/CCSB60789.2023.10398820","","https://ieeexplore.ieee.org/stamp/stamp.jsp?arnumber=10398820","Blockchain;electricity market;smart contracts","Supply and demand;Volume measurement;Smart contracts;Time measurement;Power system reliability;Blockchains;Reliability","","1","","11","IEEE","29 Jan 2024","17-19 Nov. 2023","17-19 Nov. 2023","IEEE","IEEE Conferences"
"Decentralized Social Trading: A Blockchain Approach for the Indian Market","P. Sellappan; K. Shanmugam","Symbiosis Institute of Business Management, Nagpur, Constituent of Symbiosis International (Deemed) University, Pune, India; Department of Management Studies, College of Engineering, Guindy Campus, Anna University, Chennai, India",2025 6th International Conference on Inventive Research in Computing Applications (ICIRCA),"31 Jul 2025","2025","","","401","407","Social trading has transformed financial markets by allowing investors to follow and replicate expert traders. In India, social information networks (SINs) and Social Trading Platforms (STPs) like broker-driven platforms, social media groups, and trading forums influence investment decisions. But these centralized systems have security risks, low transparency, and trade manipulation. On the other hand, global blockchain-based STPs, such as eToroX, dYdX, and Melon Protocol, use the technique of decentralization. It is based on smart contracts, and distributed ledger technology (DLT) and ensures secure and automatic trade execution. This paper analyses Indian SINs, STPs and global blockchain-based platforms, highlighting specific features and key differences in security, transparency, and efficiency. The authors suggest a new blockchain-based social trading framework for India. The proposed system encompasses smart contracts for trustless execution, decentralized identity verification, a credible trader reputation system, and SEBI compliance. The framework is aimed at improving market integrity, removing intermediaries, and ensuring a secure, transparent trading environment. The study highlights the advantages and challenges in implementing the proposed system. This work will provide a basis for developing a country-specific, safe, and secure social trading platform for Indian market.","","979-8-3315-2142-4","10.1109/ICIRCA65293.2025.11089774","","https://ieeexplore.ieee.org/stamp/stamp.jsp?arnumber=11089774","Blockchain;Social Trading;Smart Contracts;Indian Stock Market;Decentralized Finance (DeFi)","Distributed ledger;Social networking (online);Smart contracts;Finance;Decentralized applications;Trustless services;Blockchains;Systems support;Security;Stock markets","","","","40","IEEE","31 Jul 2025","25-27 June 2025","25-27 June 2025","IEEE","IEEE Conferences"
"vPass: Publicly Verifiable Fair Exchange Protocol for Vehicle Passports","I. Afia; H. S. Galal; R. AlTawy; A. M. Youssef","University of Victoria, BC, Canada; Concordia University, Quebec, Canada; University of Victoria, BC, Canada; Concordia University, Quebec, Canada",2023 IEEE International Conference on Blockchain and Cryptocurrency (ICBC),"12 Jul 2023","2023","","","1","9","In second-hand vehicle markets, blockchains are being proposed as means to provide verification of vehicle history, a.k.a. vehicle passport (VP). However, given that confidentiality of VPs often contradicts public verification, blockchains are not used to their full potential in the proposed frameworks. Specifically, although blockchain smart contracts offer a decentralized mechanism for untrusted parties to fairly exchange digital assets without the need for a trusted third party, VP exchange is always carried off-chain. In this work, we investigate the problem of “fair exchange” of confidential VPs over public blockchains where its plain information must be verified against its publicly committed value. We propose a zero-knowledge proof, called Consistent Commitment Encryption (CCE), that enables the public verification of the consistency between ElGamal encryption of a given VP and its Pedersen commitment. We employ our CCE to build vPass, a decentralized vehicle passport framework that enables second-hand vehicle buyers to purchase vehicle history information from designated service providers and get it verified and delivered on-chain while preserving its confidentiality. The security of CCE relies on the intractability of the discrete logarithm problem in elliptic curve groups and it has no trusted setup. We formally prove that CCE is sound, complete, and witness indistinguishable proof of knowledge, and report on comparisons with other generic proof systems. Moreover, we show that vPass provides fair exchange and confidentiality of the vehicle history, and compare it to existing VP systems. Finally, we provide a proof of concept implementation on Ethereum and report the system performance metrics.","2832-8906","979-8-3503-1019-1","10.1109/ICBC56567.2023.10174895","","https://ieeexplore.ieee.org/stamp/stamp.jsp?arnumber=10174895","Blockchain;zero-knowledge proofs;vehicle passports;fair exchange","Measurement;Elliptic curves;System performance;Smart contracts;Blockchains;Encryption;Cryptocurrency","","","","41","IEEE","12 Jul 2023","1-5 May 2023","1-5 May 2023","IEEE","IEEE Conferences"
"SCAFT: A Scalable Crowd-Assisted Fair Trading Protocol","C. Chenli; W. Tang; S. S. Mukherjee; T. Jung","Computer Sciences, Indiana Institute of Technology, Fort Wayne, IN, USA; Computer Science and Engineering, University of Notre Dame, Notre Dame, IN, USA; Computer Science and Engineering, University of Notre Dame, Notre Dame, IN, USA; Computer Science and Engineering, University of Notre Dame, Notre Dame, IN, USA",2024 IEEE International Conference on Blockchain (Blockchain),"18 Sep 2024","2024","","","442","449","The online data marketplace is experiencing rapid growth and ensuring fairness between trading participants is essential as they do not trust each other due to the nature of the Internet. With the emergence of blockchain technology, it is possible to guarantee online trading fairness without leveraging a single trusted authority. In existing solutions, data are encrypted, and the decryption keys are exchanged with cryptocurrencies atomically through a Hash Time-Locked Contract (HTLC). Unfortunately, existing protocols share an underlying assumption that requires a direct, secure channel between each pair of users (namely, each pair of seller and buyer) since some consensus must be secretly reached before deploying the HTLC. However, this assumption of pair-wise secure channels decreases the practicality of existing solutions because such channels are not widely available for normal users on the Internet, especially for the sellers, since they need to create a secure channel with every single buyer. Besides, the use of pair-wise secure channels makes the seller the only entity that can provide correct answers to smart contracts, which makes it harder to facilitate the trading process and to further improve the protocols' scalability. In this paper, we address the above concerns by proposing a novel scalable fair trading protocol called SCAFT that eliminates direct user communications and supports crowd-assisted selling. We analyzed our protocol's security and proved that SCAFT is secure against any polynomial adversaries considered in this paper. Evaluation results indicate that although our protocol causes extra gas consumption for both the seller and the buyer, the communication costs between them are further reduced.","2834-9946","979-8-3503-5159-0","10.1109/Blockchain62396.2024.00065","NASA ULI(grant numbers:80NSSC23M0058); NSF(grant numbers:OAC-2312973); ","https://ieeexplore.ieee.org/stamp/stamp.jsp?arnumber=10664365","Data trading;fair exchange;non-interactive atomic exchange;scalable fair trading protocol","Protocols;Costs;Scalability;Simulation;Smart contracts;Polynomials;Blockchains","","","","41","IEEE","18 Sep 2024","19-22 Aug. 2024","19-22 Aug. 2024","IEEE","IEEE Conferences"
"Combating Reentrancy Bugs on Sharded Blockchains","O. Marić; R. Künzler; L. Schmid; R. Kashitsyn",DFINITY Foundation; DFINITY Foundation; DFINITY Foundation; Gensyn AI,2025 IEEE International Conference on Blockchain and Cryptocurrency (ICBC),"14 Aug 2025","2025","","","1","9","Reentrancy is a well-known source of smart contract bugs on Ethereum, leading e.g. to double-spending vulnerabilities in DeFi applications. But less is known about this problem in other blockchains, which can have significantly different execution models. Sharded blockchains in particular generally use an asynchronous messaging model that differs substantially from the synchronous and transactional model of Ethereum. We study the features of this model and its effect on reentrancy bugs on three examples: the Internet Computer (ICP) blockchain, NEAR Protocol, and MultiversX. We argue that this model, while useful for improving performance, also makes it easier to introduce reentrancy bugs. For example, reviews of the pre-production versions of some of the most critical ICP smart contracts found that 66% (10/15) of the reviewed contracts — written by expert authors — contained reentrancy bugs of medium or high severity, with potential damages in tens of millions of dollars. We evaluate existing Ethereum programming techniques (in particular the effects-checks-interactions pattern, and locking) to prevent reentrancy bugs in the context of this new messaging model and identify some issues with them. We then present novel Rust and Motoko patterns that can be leveraged on ICP to solve these issues. Finally, we demonstrate that the formal verification tool TLA+ can be used to find and eliminate such bugs in real world smart contracts on sharded blockchains.","2832-8906","979-8-3315-4135-4","10.1109/ICBC64466.2025.11114615","","https://ieeexplore.ieee.org/stamp/stamp.jsp?arnumber=11114615","security;reentrancy;formal verification;smart contracts;blockchain","Codes;Translation;Computational modeling;Computer bugs;Smart contracts;Syntactics;Blockchains;Internet;Formal verification;Testing","","","","27","IEEE","14 Aug 2025","2-6 June 2025","2-6 June 2025","IEEE","IEEE Conferences"
"Blockchain Technology: A new way to Secure Voter Anonymity","M. Lathyan; Sahil; R. Tonger; V. Sisaudia","Department of Information Technology, Delhi Technological University, Delhi, India; Department of Information Technology, Delhi Technological University, Delhi, India; Department of Information Technology, Delhi Technological University, Delhi, India; Department of Information Technology, Delhi Technological University, Delhi, India","2023 5th International Conference on Advances in Computing, Communication Control and Networking (ICAC3N)","5 Jun 2024","2023","","","1465","1469","Blockchain technology is an emerging technology that has been widely used in the field of voting systems. In this paper, we propose a blockchain-based voting system for electronic voting. The proposed voting system provides a scalable, trustworthy, and reachable way to guarantee the integrity of democratic voting by utilizing the most recent blockchain technology. Moreover, a chain security mechanism is used to strengthen the security of voting transactions. Finally, the proposed system presents a viable solution to the problems that both traditional and electronic voting systems face. Blockchain technology offers several advantages for voting systems, but it also presents several challenges and limitations that need to be carefully considered and addressed to ensure the success of blockchain technology for boosting the security and transparency of the voting system. The implementation of voting methods based on blockchain technology can aid in safeguarding voters' privacy, preventing fraud, and promoting free and fair elections by using the technology's distinctive properties, such as encryption mechanisms and a decentralized network of computers. It also has substantial advantages, including the chance to modernize democracy and boost voter trust in the political process.","","979-8-3503-3086-1","10.1109/ICAC3N60023.2023.10541641","","https://ieeexplore.ieee.org/stamp/stamp.jsp?arnumber=10541641","Blockchain technology;decentralization;privacy;and smart contracts","Computers;Privacy;Smart contracts;Boosting;Blockchains;Fraud;Encryption","","","","15","IEEE","5 Jun 2024","15-16 Dec. 2023","15-16 Dec. 2023","IEEE","IEEE Conferences"
"Value Attribution through Provenance Tracking in Blockchain Networks","S. Chakraborty; B. Vishwanathan; P. Jayachandran","IBM Research, India; IBM Software Labs, India; IBM Research, India",2019 IEEE International Conference on Web Services (ICWS),"29 Aug 2019","2019","","","413","417","Blockchain networks are trustless, enabling different organizations to come together and collaborate towards a business goal. Enterprise blockchain networks are permissioned, where participation in the network is by invitation and each participant has an identity to transact on the network. Typically the incentive for joining such a permissioned network, is the value gained in terms of ease of doing business with untrusted entities, a reduction in disputes, or greater visibility into the business process and associated data, to name a few. This also means that participation in the network is asymmetric, i.e., different participants bring different levels of value to the network and gain different value from the network. The purpose of this paper is to present a mechanism to track the value brought and gained by participants, by using fine grained provenance tracking in a decentralized manner leveraging blockchain. In addition, the fine-grained provenance tracking permits us to share the value back with the contributing organizations in a fair and decentralized manner, paving the way for new modes of value sharing, incentivization and monetization mechanisms for organizations participating in the blockchain ecosystem.","","978-1-7281-2717-0","10.1109/ICWS.2019.00074","","https://ieeexplore.ieee.org/stamp/stamp.jsp?arnumber=8818415","Blockchain, Provenance, Value Attribution, Incentive, Know Your Customer","Web services;Biological system modeling;Pipelines;Ecosystems;Organizations;Trustless services;Blockchains","","4","","17","IEEE","29 Aug 2019","8-13 July 2019","8-13 July 2019","IEEE","IEEE Conferences"
"Tender System Verification with Satisfiability Modulo Theories","R. Dávila; R. Aldeco-Pérez; E. Bárcenas","IIMAS: Posgrado en Ciencia e Ingeniería de la Computación UNAM, Ciudad Universitaria, México; Dpto. de Computación UNAM, Facultad de Ingeniería, Ciudad Universitaria, México; Dpto. de Computación UNAM, Facultad de Ingeniería, Ciudad Universitaria, México",2021 9th International Conference in Software Engineering Research and Innovation (CONISOFT),"28 Dec 2021","2021","","","69","78","A tender process consists in competing offers from different candidate suppliers or contractors. The tender winner is supposed to supply or provide a service in better conditions than competitors. Tenders are developed using centralized un-verified systems, which reduce transparency, fairness and trust on the process, it also reduces the ability to detect malicious attempts to manipulate the process. Systems that provide formal verification, decentralization, trust and transparency can mitigate these risks. Satisfiability Modulo Theories provides a formal analysis to prove correctness of tender properties, verified properties ensures system reliability. In addition one technology that claims to do decentralization is Blockchain, a chain of distributed and decentralized records linked in a way such that integrity is ensured. This paper presents a formal verified, decentralized and automated proposal model, based on Satisfiability Modulo Theories and Blockchain technology, to make system procurement tenders more reliable, transparent and fair.","","978-1-6654-4361-6","10.1109/CONISOFT52520.2021.00021","","https://ieeexplore.ieee.org/stamp/stamp.jsp?arnumber=9653168","Satisfiability Modulo Theories;Automated verification;Blockchain;e-Procurement","Procurement;Technological innovation;System verification;Reliability theory;Blockchains;Software reliability;Proposals","","2","","17","IEEE","28 Dec 2021","25-29 Oct. 2021","25-29 Oct. 2021","IEEE","IEEE Conferences"
"Electronic Voting System Using Blockchain Technology","V. K. Gupta; P. Jain; S. Agarwal; Anupriya; V. Shukla; N. Goel","Amity School of Engineering and Technology, Amity University, Punjab, Mohali, Punjab, India; School of Computing Science Engineering and Artificial Intelligence, VIT Bhopal University, Kothrikalan, Bhopal, MP, India; Department of Information Technology, Ajay Kumar Garg Engineering college, Ghaziabad, UP, India; School of Computing, Graphic Era Hill University, Dehradun, Uttarakhand, India; Amity Law School, Amity University, Punjab, Mohali, Punjab, India; Department of Management, Lloyd Business School, Greater Noida, UP, India",2025 3rd International Conference on Disruptive Technologies (ICDT),"13 May 2025","2025","","","401","407","We discover that the voting mechanism has improved and changed with the aid of the blockchain. Due to its effectiveness in preserving voting integrity, blockchain technology in voting systems aids in election process control and fosters voter trust. The following issues plague the traditional voting system: confidence, security, and transparency. The existing system has frequently been described as being extremely susceptible to various threats, including fraud, hacking, and tampering. These issues can be resolved by blockchain technology, which uses an open-source encrypted ledger to keep track of every vote. Every voter in the automated blockchain voting system has a unique digital identity that is verified by blockchain technology. The vote they cast is then recorded on the blockchain system using their identification. Utilizing the blockchain ensures that votes are secure and unchangeable as long as they are registered in the blockchain database. Since the blockchain is an open platform that permits the voting method to be carried out with the assistance of other platforms, this also avoids the issue of a central authority.","","979-8-3315-1958-2","10.1109/ICDT63985.2025.10986372","","https://ieeexplore.ieee.org/stamp/stamp.jsp?arnumber=10986372","blockchain;centralized system;e-voting;hash values;SFEVoting;transparency","Electronic voting systems;Databases;Process control;Transforms;Blockchains;Fraud;Electronic voting;Disruptive technologies;Computer crime","","2","","19","IEEE","13 May 2025","7-8 March 2025","7-8 March 2025","IEEE","IEEE Conferences"
"DeSAT: Towards Transparent and Decentralized University Counselling Process","D. Thummar; Y. Jahnavi; M. Prathyusha; S. Shahanaz; B. C. Ghosh; S. K. Addya",National Institute of Technology Karnataka; National Institute of Technology Karnataka; National Institute of Technology Karnataka; National Institute of Technology Karnataka; Indian Institute of Technology Kharagpur; National Institute of Technology Karnataka,2022 IEEE International Conference on Blockchain (Blockchain),"19 Sep 2022","2022","","","149","156","The admission process in academic institutions (universities, colleges, etc.) is more digitized than ever. Starting from standardized tests to application processing, to shortlisting on the basis of merit, to even document verification, everything is carried out through online processes now. However, in spite of having huge benefits in terms of convenience, existing admission processes severely lack transparency. The entire process is dependent on certain central authoritative entities such as the testing authorities followed by the institutes themselves. Moreover, critical tasks such as verifying educational and identity-related documents of students is a tedious affair and the effort is duplicated across all institutions. In this work, we attempt to overcome these limitations of the existing workflow of academic institutes' admission process by designing a distributed ledger based framework that involves the academic institutes, testing authorities, document and credential validators, as well as the students. Our framework DeSAT uses verifiable credentials together with a permissioned ledger to remove the duplicate efforts in verification of test scores as well as validation of students' documents. In addition, it makes the entire process transparent and auditable while enforcing fair merit-based seat allotment through smart contracts. Through a prototype implementation using Hyperledger Fabric, Indy, and Aries, we demonstrate the practicality of DeSAT and show that our system offers acceptable performance while scaling with the number of participating institutions.","","978-1-6654-6104-7","10.1109/Blockchain55522.2022.00029","","https://ieeexplore.ieee.org/stamp/stamp.jsp?arnumber=9881860","Academic Admission;Blockchain;Hyperledger Fabric;Verifiable Credentials","Distributed ledger;Smart contracts;Prototypes;Process control;Blockchains;Stakeholders;Resource management","","1","","31","IEEE","19 Sep 2022","22-25 Aug. 2022","22-25 Aug. 2022","IEEE","IEEE Conferences"
"Decentralized and Thrustless E-Voting Leveraging Blockchain for Democratic Integrity","T. A; Y. D. M. M; D. R; V. V; S. R; V. G","Department of CSE, VelTech High Tech Dr. Rangarajan Dr. Sakunthala Engineering College, Chennai, India; Department of CSE, Koneru Lakshmaiah Education Foundation, Vaddeswaram, Andhrapradesh, India; Department of CSE, VelTech High Tech Dr. Rangarajan Dr. Sakunthala Engineering College, Chennai, India; Department of CSE, VelTech High Tech Dr. Rangarajan Dr. Sakunthala Engineering College, Chennai, India; Department of CSE, VelTech High Tech Dr. Rangarajan Dr. Sakunthala Engineering College, Chennai, India; Department of CSE, VelTech High Tech Dr. Rangarajan Dr. Sakunthala Engineering College, Chennai, India","2025 8th International Conference on Circuit, Power & Computing Technologies (ICCPCT)","9 Oct 2025","2025","","","452","456","In contemporary discourse, electronic voting (evoting) has surfaced as a highly accessible and effective mechanism for augmenting voter engagement within democratic frameworks. Nonetheless, apprehensions regarding the security, privacy, transparency, and the potential for electoral malpractice render it a highly debated subject. Conventional e-voting architectures depend on centralized servers and trust-centric authorities, which are susceptible to cyber threats, hacking incidents, and human fallibility. In response to these apprehensions, the notion of a decentralized and trust less e voting agenda, underpinned by blockchain technology, has attracted considerable scholarly focus. Blockchain, as a form of distributed ledger technology (DLT), provides intrinsic benefits such as transparency, immutability, and decentralization. These characteristics render it particularly advantageous for e-voting mechanisms, ensuring that votes are documented securely and transparently while concurrently safeguarding the confidentiality of individual voters. Within a decentralized e-voting architecture, the blockchain functions as an immutable ledger wherein all votes are cryptographically fortified, thereby thwarting tampering and preserving the integrity of electoral outcomes. Given that no single authority governs the blockchain, the system exhibits resilience against manipulation by any discrete entity, thus justifying the hazards attendant with centralized voting infrastructures. As this technology progresses, it is poised to serve as a pivotal enabler of free, fair, and transparent elections on a global scale.","","979-8-3315-4317-4","10.1109/ICCPCT65132.2025.11176479","","https://ieeexplore.ieee.org/stamp/stamp.jsp?arnumber=11176479","Decentralized;Trust less;Blockchain;E-voting;Smart Contracts;Democratic Integrity","Sharding;Distributed ledger;Scalability;Smart contracts;User interfaces;Trustless services;Blockchains;Servers;Electronic voting;Resilience","","","","15","IEEE","9 Oct 2025","7-8 Aug. 2025","7-8 Aug. 2025","IEEE","IEEE Conferences"
"Decentralized commit-reveal scheme to defend against front-running attacks on Decentralized EXchanges","N. Choi; H. Kim","Department of Computer Science, Kyonggi University, Suwon, Repulic of Korea; Division of Computer Science and Engineering, Kyonggi University, Suwon, Repulic of Korea",2024 IEEE International Conference on Blockchain and Cryptocurrency (ICBC),"21 Aug 2024","2024","","","640","644","In this paper, we focus on the security issues of decentralized exchanges (DEXs), specifically on front-running attacks. Front-running attacks, which exploit the transparency of blockchain and its transaction processing mechanisms, pose a significant threat by undermining the reliability and efficiency of DEXs and eroding user trust. To solve this problem, this paper proposes a new decentralized commit-reveal scheme that overcomes the limitations of the existing commit-reveal scheme and enhances user experience and the spirit of decentralization. This scheme was developed through Ethereuem’s Uniswap, and guarantees safe transactions through the proposed relay router and deputy reveal mechanism and effectively blocks frontrunning attacks. We demonstrate the security and efficiency of the proposed scheme through scenario-based verification and identify a new solution to front-running attacks in the DEX environment.","2832-8906","979-8-3503-1674-2","10.1109/ICBC59979.2024.10634344","Ministry of Education; ","https://ieeexplore.ieee.org/stamp/stamp.jsp?arnumber=10634344","Decentralized-EXchange;Decentralized Finance;Ethereum;front-running;DEX","User experience;Stability analysis;Blockchains;Cryptocurrency;Security;Reliability;Surges","","3","","14","IEEE","21 Aug 2024","27-31 May 2024","27-31 May 2024","IEEE","IEEE Conferences"
"Construction of Talent Evaluation System for Industry-Education Integration in Guangdong, Hong Kong, and Macao Greater Bay Area Based on Blockchain","X. Huang","School of Management, Guangzhou Huali College, Guangzhou, China",2023 IEEE 3rd International Conference on Social Sciences and Intelligence Management (SSIM),"22 Mar 2024","2023","","","89","94","According to the rapid development of the Greater Bay Area of Guangdong, Hong Kong, and Macao, a talent evaluation system was developed in this study based on blockchain technology. The system was an accurate, transparent, and secure tool for industry and education. An evaluation system was developed, too for distributed identity verification, decentralized skill authentication, and smart contracts. It was designed based on the result of the analysis of the industrial structure and talent demand of the Greater Bay Area. Several determination criteria were used to improve the accuracy and uniqueness of the evaluation. Blockchain technology was used to ensure the compatibility of the information with the incentive mechanism to enhance transparency. Smart contracts were used for the automation of the evaluation process to optimize the evaluation efficiency. A simulation was carried out with the hash value of the blockchain's distributed ledger, the skill-matching degree parameters, and academic authenticity parameters to ensure the safe transmission and storage of private information. The results showed that the application of the blockchain-based talent evaluation system met the industry's demand for high-quality talent and provided intuitive and comprehensive feedback for educational institutions and the in-depth development of the integration of industry and education. The system, as an advanced blockchain technology, provides theoretical guidance for the integration of industry and education and a solid foundation for the innovative development of talent cultivation.","","979-8-3503-2778-6","10.1109/SSIM59263.2023.10469641","","https://ieeexplore.ieee.org/stamp/stamp.jsp?arnumber=10469641","Guangdong;Hong Kong and Macao;blockchain;teaching and integrating talents;digital assessment;digital archives","Industries;Technological innovation;Distributed ledger;Education;Smart contracts;Social sciences;Solids","","","","15","IEEE","22 Mar 2024","15-17 Dec. 2023","15-17 Dec. 2023","IEEE","IEEE Conferences"
"A Fair and Reliable Data Trading Scheme based on Blockchain","Z. Wu; H. Pan; X. Si; H. Qian; F. Cai","Henan International Joint Laboratory of Blockchain and Data Sharing, Zhengzhou, Henan, China; Henan International Joint Laboratory of Blockchain and Data Sharing, Zhengzhou, Henan, China; Department of Computer Science and Engineer, SHANGHAI Jiao Tong University, Shanghai, China; Henan International Joint Laboratory of Blockchain and Data Sharing, Zhengzhou, Henan, China; Henan International Joint Laboratory of Blockchain and Data Sharing, Zhengzhou, Henan, China",2022 2nd International Conference on Computer Science and Blockchain (CCSB),"21 Mar 2023","2022","","","34","41","To solve the single point of failure and opaque transaction problems in the current centralized data trading model, we propose a blockchain-based data trading scheme. Firstly, we construct a blockchain-based data transaction model to provide users with peer-to-peer trusted transaction services. Then, we design a two-stage one-to-many data pricing method based on smart contracts and the Rubinstein model, which can guarantee the reasonableness of data transaction pricing and achieve a fair price between a single data demander and multiple data owners. Next, we suggest a forensic dispute arbitration method based on on-chain and off-chain data collaboration and a data integrity verification method, which aims to ensure the reliability of de-centralized data transactions and prevent malicious acts such as data owners providing false data, data requesters refusing to pay, and data stored in the cloud being tampered with. Finally, we perform experiments based on consortium blockchain. Experimental results show that the scheme of this paper has better functionality and performance than other schemes of data transactions.","","979-8-3503-3188-2","10.1109/CCSB58128.2022.00013","","https://ieeexplore.ieee.org/stamp/stamp.jsp?arnumber=10071599","data trading;blockchain;data pricing;dispute arbitration;data integrity verification;smart contract","Forensics;Data integrity;Smart contracts;Collaboration;Pricing;Data models;Blockchains","","3","","21","IEEE","21 Mar 2023","28-30 Oct. 2022","28-30 Oct. 2022","IEEE","IEEE Conferences"
"A blockchain-based unified PID with applications in healthcare","J. A. Hernandez; M. Colom","Centre Borelli, ENS Paris-Saclay, France; Centre Borelli, ENS Paris-Saclay, France",2024 6th International Conference on Blockchain Computing and Applications (BCCA),"22 Jan 2025","2024","","","759","765","This work proposes DOIschain, a decentralized blockchain-based architecture to generate and store persistent, immutable, and perennial identifiers for digital objects (IDO) for the final products of computational scientific research. A supra identifier is proposed to guarantee the global reproducibility, traceability, authenticity, and provenance of the results and artifacts of scientific research. Reproducibility and credibility are achieved through the correct, reliable, and FAIR-compliant identification in blockchain and preservation in the Interplanetary File system (IPFS) of the computational artifacts, such as metadata, the publication paper, the software source code, and datasets. A use case in the health sector is presented within the framework of the BraTS (Brain Tumor Segmentation) competition and a simplified proof-of-concept DOIschains implementation where a persistent generic basic PID for medical datasets is described.","","979-8-3503-5153-8","10.1109/BCCA62388.2024.10844401","BP; ","https://ieeexplore.ieee.org/stamp/stamp.jsp?arnumber=10844401","Persistent Identifier;Blockchain;IPFS;medical datasets","Source coding;Prototypes;Medical services;Persistent identifiers;Reproducibility of results;Software;Blockchains;Software reliability;InterPlanetary File System;Object recognition","","","","35","IEEE","22 Jan 2025","26-29 Nov. 2024","26-29 Nov. 2024","IEEE","IEEE Conferences"
"IoT-Enabled Cloud-Based Fair Provable Data Possession Scheme based on Blockchain","H. Byeon; H. Kaur; S. Agal; S. Kumar; M. Manu; R. Maranan","Department of Digital Anti-Aging Healthcare, Inje University, Gimhae, Republic of Korea; Department of Computer Science and Engineering, Gulzar Group of Institutions Khanna, Ludhiana; Department of Computer Engineering, Dr. V. R. Godhania College of Engineering and Technology, Chhaya, Porbandar, Gujarat, India; Tata Consultancy Services, Bhopal; Department of Allied Science, Graphic Era Hill University, Uttarakhand, India; Department of Research and Innovation, Saveetha School of Engineering, SIMATS, Chennai, Tamil Nadu, India",2023 Second International Conference On Smart Technologies For Smart Nation (SmartTechCon),"19 Jan 2024","2023","","","276","282","In traditional Provable Data Possession (PDP) schemes, the assumption of client honesty has posed a significant challenge, undermining the system's fairness. A fair Provable Data Possession scheme is proposed to address this issue, leveraging blockchain technology within an IoT-enabled cloud environment. In conventional PDP schemes, the server is unfairly assumed to be semi-honest, while the client is trusted. In the blockchain-based fair PDP scheme, the generation of verification metadata is shifted from the client to consensus among blockchain nodes, ensuring fairness and trustworthiness. The fair PDP scheme incorporates efficient hash functions and Pedersen commitments, enabling a robust and efficient verification process. A comprehensive analysis covers security, computational overhead, communication overhead, and redundancy. Results demonstrate that the proposed scheme surpasses similar approaches, exhibiting superior computational and communication efficiency while maintaining a reduced redundancy rate. By integrating blockchain technology into the PDP paradigm, the fair PDP scheme achieves fairness and enhances efficiency in data possession verification within the IoT-enabled cloud ecosystem. Furthermore, the mutual trust mechanism established through distributed blockchain properties ensures a reliable and equitable data possession verification process between the client and the cloud server.","","979-8-3503-0541-8","10.1109/SmartTechCon57526.2023.10391469","","https://ieeexplore.ieee.org/stamp/stamp.jsp?arnumber=10391469","Blockchain;Internet of Things;Provable Data Possession (PDP);IoT-enabled cloud;Verification metadata;Redundancy rate;Data possession verification","Hash functions;Ecosystems;Termination of employment;Metadata;Blockchains;Computational efficiency;Servers","","2","","28","IEEE","19 Jan 2024","18-19 Aug. 2023","18-19 Aug. 2023","IEEE","IEEE Conferences"
"Blockchain-Based PoC (Proof of Contribution Framework): Securing Research Deliverables and Intellectual Property with Web3 Technologies","S. Mazumdar; U. Pal; S. Banerjee; T. Bhattacharjee; R. Das","Department of CSE, IIITNR, Raipur, India; Department of CSE, HIT, Haldia, India; Department of ESE, IIITNR, Haldia, India; Department of DSAI, IIITNR, Raipur, India; Dept of Information technology, Parul University, India","2025 International Conference on Intelligent Computing, Information and Control Systems (ICOIICS)","24 Feb 2026","2025","","","781","786","This project applies the latest cutting-edge Web3 technologies to design a Blockchain-Based Proof of Contribution (PoC) Framework aimed at improving efficiency, security, and transparency in managing research outputs and safeguarding intellectual property in collaborative settings. This framework uses the features of smart contracts on Ethereum and blockchain technology to guarantee transparency and accountability by automating the process involved in awarding the funds raised, verification of donations, and resolving disputes. After hashing a contribution cryptographically, every one of them stays on the blockchain, generating an irreversible record of its veracity. The application of IPFS in this makes decentralized and safe offchain storage possible, scalable, and intact. It has an automated dispute resolution process, which guarantees that the outcomes will be fair and not sent out for arbitration from outside. The framework deals with issues of trust, data security, and intellectual property in order to provide a safe and effective setting in which researchers can focus on creativity, knowing their work is safely documented, appropriately acknowledged, and protected from misuse.","","979-8-3315-9897-6","10.1109/ICOIICS67115.2025.11390219","","https://ieeexplore.ieee.org/stamp/stamp.jsp?arnumber=11390219","Blockchain;Proof of Contribution;Smart Contracts;Ethereum;IPFS;Research Management;Intellectual Property Protection;Decentralized Storage;Web3 Technologies;Transparency;Data Security;Collaborative Research","Smart contracts;Collaboration;Intellectual property;Control systems;Blockchains;Protection;Creativity","","","","17","IEEE","24 Feb 2026","19-21 Nov. 2025","19-21 Nov. 2025","IEEE","IEEE Conferences"
"Blockchain-Driven Optimistic Fair Exchange Based on PVSS and zkSNARKs","Z. Ou; T. Liu; Y. Men; L. Zhang; H. Kan","Hainan University, Haikou, China; Hainan University, Haikou, China; Hainan University, Haikou, China; Hainan University, Haikou, China; Fudan University, Shanghai, China",2025 28th International Conference on Computer Supported Cooperative Work in Design (CSCWD),"23 Jun 2025","2025","","","404","410","Achieving a fair exchange between two mutually distrusting parties presents significant obstacles. The involvement of trusted third parties is often essential to ensure fairness in such exchanges. In this paper, we propose a blockchain-driven optimistic fair exchange protocol based on publicly verifiable secret sharing (PVSS) and zero-knowledge succinct non-interactive arguments of knowledge (zkSNARKs). In our solution, arbiters, i.e., PVSS shareholders, serve as decentralized trusted third parties, registering on smart contracts with both autonomy and accountability. We assume a majority of arbiters are honest, ensuring that adversaries cannot successfully collude and that the fairness of the exchange protocol is upheld. In cases where both exchange parties are honest, the involvement of arbiters is unnecessary, making the fair exchange protocol optimistic. Additionally, we leverage zkSNARKs to generate non-interactive zero-knowledge (NIZK) proofs that ensure the correctness of the exchanged data. As a result, the exchange protocol is publicly verifiable without revealing any information about the exchanged data. In abnormal cases where arbiters are involved, a threshold number of them can fairly resolve the dispute between the seller and the buyer, and earn digital assets as a reward. In addition to fairness, optimism, and public verifiability, the proposed protocol also ensures completeness, termination, and privacy. Finally, we conduct experiments to illustrate the correctness and feasibility of the optimistic fair exchange protocol.","2768-1904","979-8-3315-1305-4","10.1109/CSCWD64889.2025.11033583","National Natural Science Foundation of China(grant numbers:62272107); ","https://ieeexplore.ieee.org/stamp/stamp.jsp?arnumber=11033583","Optimistic fair exchange;Blockchain;PVSS;NIZK;zkSNARKs","Data privacy;Privacy;Protocols;Costs;Federated learning;Smart contracts;Microcomputers;Encryption;Blockchains","","","","27","IEEE","23 Jun 2025","5-7 May 2025","5-7 May 2025","IEEE","IEEE Conferences"
"Fair Data Exchange Scheme with Cryptographic Commitment and Smart Contract for Data Trading","X. Yan; Y. Li; Y. Zhu","School of Electronic and Information Engineering, Beijing Jiaotong University, Beijing, China; School of Electronic and Information Engineering, Beijing Jiaotong University, Beijing, China; School of Computer and Communication Engineering, University of Science and Technology Beijing, Beijing, China","2025 IEEE 24th International Conference on Trust, Security and Privacy in Computing and Communications (TrustCom)","2 Feb 2026","2025","","","2582","2587","Trading of data is increasingly prevalent as data gain significant economic value, but existing data exchange schemes often suffer from third-party dependency, high verification costs, or inadequate protection of fairness and confidentiality. An efficient decentralized fair exchange scheme for data trading which uses cryptographic commitment scheme and smart contract was proposed in this paper. Our solution guarantees exchange fairness, which requires payments and data to be exchanged correctly between the data buyer and the data seller. First, we design a data verification method with constant verification cost by using polynomial commitments, ensuring that the buyer receives the data matching an agreed-upon commitment. Second, we employ smart contracts to complete the atomic exchange of data and funds, and design a key transmission method by using the properties of bilinear pairings to ensure the confidentiality of trading data. Moreover, our scheme was proved to satisfy the desired security properties: seller fairness, buyer fairness and confidentiality. Simulation results demonstrate the efficiency and practicality of the proposed scheme.","2324-9013","979-8-3315-6532-9","10.1109/Trustcom66490.2025.00304","","https://ieeexplore.ieee.org/stamp/stamp.jsp?arnumber=11354879","Data Trading;Fair Exchange;Blockchain","Data privacy;Costs;Simulation;Smart contracts;Polynomials;Blockchains;Protection","","","","26","IEEE","2 Feb 2026","14-17 Nov. 2025","14-17 Nov. 2025","IEEE","IEEE Conferences"
"A Blockchain-Based E-Voting System for India: Addressing Security Challenges with Aadhaar Card Authentication","M. Shadab; P. Kumar; S. Kumar","Dept. of Information Technology, Rajkiya Engineering College, Ambedkar Nagar, Uttar Pradesh, India; Dept. of Information Technology, Rajkiya Engineering College, Ambedkar Nagar, Uttar Pradesh, India; Dept. of Information Technology, Rajkiya Engineering College, Ambedkar Nagar, Uttar Pradesh, India",2023 3rd International Conference on Pervasive Computing and Social Networking (ICPCSN),"4 Oct 2023","2023","","","1226","1231","The integration of technology in various spheres of social life has brought about positive transformations, and one significant game-changer is blockchain technology. With its decentralized architecture and immutability property, blockchain has revolutionized numerous services, offering a level playing field for both consumers and large entities like corporations and governments. The immutability feature ensures the integrity of the voting process by eliminating any possibility of tampering, while the decentralized nature of the blockchain allows for transparency, enabling independent verification of election results. Although blockchain-based e-voting systems provide advantages such as transparency, immutability, and decentralization, there are also challenges that need to be addressed. Among these challenges, scalability is a major concern. Additionally, ensuring the security of the election process is crucial, covering aspects like voter impersonation, hacking, and tampering of votes. However, by incorporating robust measures such as Aadhaar card authentication for voter identification, along with the implementation of advanced security protocols like multi-factor authentication and encryption.","","979-8-3503-2284-2","10.1109/ICPCSN58827.2023.00207","","https://ieeexplore.ieee.org/stamp/stamp.jsp?arnumber=10266247","Blockchain;E-voting;Aadhar Authentication;Indian Elections;EVM","Pervasive computing;Protocols;Multi-factor authentication;Social networking (online);Scalability;Blockchains;Encryption","","1","","13","IEEE","4 Oct 2023","19-20 June 2023","19-20 June 2023","IEEE","IEEE Conferences"
"A Blockchain-Based Decentralized, Fair and Authenticated Information Sharing Scheme in Zero Trust Internet-of-Things","Y. Liu; X. Hao; W. Ren; R. Xiong; T. Zhu; K. -K. R. Choo; G. Min","School of Computer Science, China University of Geosciences, Wuhan, China; School of Software, University of Technology Sydney, Ultimo, NSW, Australia; School of Computer Science, China University of Geosciences, Wuhan, China; School of Computer Science, China University of Geosciences, Wuhan, China; School of Computer Science, China University of Geosciences, Wuhan, China; Department of Information Systems and Cyber Security, University of Texas at San Antonio, San Antonio, TX, USA; Department of Computer Science, University of Exeter, Exeter, U.K.",IEEE Transactions on Computers,"18 Jan 2023","2023","72","2","501","512","Internet-of-Things (IoT) are increasingly operating in the zero-trust environments where any devices and systems may be compromised and hence untrusted. In addition, data collected by and sent from IoT devices may be shared with and processed by edge computing systems, in order to reduce the reliance on centralized (cloud) servers, leading to further security and privacy issues. To cope with these challenges, this paper proposes an innovative blockchain-enabled information sharing solution in zero-trust context to guarantee anonymity yet entity authentication, data privacy yet data trustworthiness, and participant stimulation yet fairness. This new solution is able to support filtering of fabricated information through smart contracts, effective voting, and consensus mechanisms, which can prevent unauthenticated participants from sharing garbage information. We also prove that the proposed solution is secure in the universal composability framework, and further evaluate its performance over an Ethereum-based blockchain platform to demonstrate its utility.","1557-9956","","10.1109/TC.2022.3157996","Foundation of Yunnan Key Laboratory of Blockchain Application Technology(grant numbers:202105AG070005,YNB202103); National Natural Science Foundation of China(grant numbers:61972366); Provincial Key Research and Development Program of Hubei(grant numbers:2020BAB105); Foundation of Henan Key Laboratory of Network Cryptography Technology(grant numbers:LNCT2020-A01); Foundation of Hubei Key Laboratory of Intelligent Geo-Information Processing(grant numbers:KLIGIP-2021B06); Cloud Technology Endowed Professorship; ","https://ieeexplore.ieee.org/stamp/stamp.jsp?arnumber=9732238","Blockchain;information sharing;zero-trust;Internet-of-Things;privacy protection;smart contract","Blockchains;Smart contracts;Authentication;Privacy;Internet of Things;Information sharing;Servers","","138","","43","IEEE","9 Mar 2022","1 Feb. 2023","","IEEE","IEEE Journals"
"Blockchain-based Trustless Fair Payment Protocol for Verifiable Confidential Outsourcing Computation","H. L. Lee; M. H. A. Au; S. -F. Sun","The University of Hong Kong, China; The Hong Kong Polytechnic University, China; Shanghai Jiao Tong University, China",2023 IEEE International Conference on Blockchain (Blockchain),"30 Jan 2024","2023","","","221","228","Outsourcing computation has emerged as a highly appealing service for companies seeking cost-effective alternative to perform on-premises expensive computational tasks. However, the conventional payment protocols employed by service providers and clients exhibit certain drawbacks, including inherent unfairness and reliance on a trusted third party. Furthermore, these protocols often assume the service providers are honest and will return valid results, which may not be a realistic assumption in practice. Additionally, conventional outsourcing computation fails to adequately address data confidentiality concerns, thereby giving rise to privacy issues. To address these challenges, this paper proposes a trustless fair payment protocol for verifiable confidential outsourced computation by leveraging blockchain technology and cryptography. It then provides an instantiation with efficiency optimizations. Lastly, it highlights limitations of the protocol and suggests potential directions for future work. The proposed protocol can remove the need of trusts between outsourcing computation service providers and their clients and achieve fairness. It provides assurance that results were computed correctly in a privacy-preserving manner, instilling confidence in clients.","2834-9946","979-8-3503-1929-3","10.1109/Blockchain60715.2023.00045","National Natural Science Foundation of China; ","https://ieeexplore.ieee.org/stamp/stamp.jsp?arnumber=10411482","blockchain;confidential outsourcing;verifiable outsourcing;trustless;fair","Privacy;Data privacy;Protocols;Trustless services;Outsourcing;Blockchains;Optimization","","2","","40","IEEE","30 Jan 2024","17-21 Dec. 2023","17-21 Dec. 2023","IEEE","IEEE Conferences"
"Blockchain-Based Consensus Algorithm for Decentralized Secure Voting Systems","G. Ramesh; U. Anand; P. B. E. Prabhakar; A. Pahade; M. H. Al-Farouni","Department of CSE, Gokaraju Rangaraju Institute of Engineering and Technology, Hyderabad, Telangana, India; Department of Management, Kalinga University, Raipur, India; Department of CSE, New Prince Shri Bhavani College of Engineering and Technology, Chennai, Tamil Nadu, India; Department of Computer Science & Engineering, IES College of Technology, Bhopal, Madhya Pradesh, India; Department of Computers Techniques Engineering, College of Technical Engineering, The Islamic University, Najaf, Iraq",2025 3rd International Conference on Cyber Resilience (ICCR),"19 Dec 2025","2025","","","1","7","Depending on past results, data manipulation, centralized control, and fraud could be problems with either digital or hand-voting systems. In a democratic state, everyone lacks honest and safe voting systems. Here, we present a fresh consensus approach for Proof of Eligibility and Identity (PoEI). The intended users of this system are distributed voting applications emphasizing security and forward-looking needs. This approach guarantees eligibility and enables anonymous voting by combining a custom permissioned blockchain with a zero-knowledge proof (ZKP)- based identity verification system. Furthermore, the approach guarantees the preservation of eligibility. While smart contracts manage voter registration, ballot submission, and automated tallying, cryptographic audit trails are responsible for increasing operational transparency. A virtual municipal election, which included 10,000 candidates, was conducted to confirm the approach. The election was an apparent success, given that there was no space for repeated voting and a transaction latency of less than a second. These findings suggest that the proposed model can replace current blockchain consensus systems, providing verifiability, tamper-proofness, and scalability. Ensuring its security, this work prepares for future electoral modernization grounded on distributed technologies.","","979-8-3315-5553-5","10.1109/ICCR67387.2025.11292227","","https://ieeexplore.ieee.org/stamp/stamp.jsp?arnumber=11292227","Decentralized elections;a safe electronic voting system;blockchain voting;zero-knowledge proofs;smart contracts;voter anonymity;algorithms for consensus","Resistance;Scalability;Smart contracts;Consensus algorithm;Vectors;Blockchains;Reliability;Electronic voting;Stress;Resilience","","","","50","IEEE","19 Dec 2025","3-4 July 2025","3-4 July 2025","IEEE","IEEE Conferences"
"Data Integrity Verification Scheme for Fair Arbitration Based on Blockchain","T. Gao; Z. Yao; X. Si","School of Cyberspace Security, Zhongyuan University of Technology, Zhengzhou, China; School of Cyberspace Security, Zhongyuan University of Technology, Zhengzhou, China; School of Cyberspace Security, Zhongyuan University of Technology, Zhengzhou, China",2024 4th International Conference on Blockchain Technology and Information Security (ICBCTIS),"24 Dec 2024","2024","","","191","197","The rapid development of Internet technology has promoted the integration and development of blockchain technology and other high-tech. Cloud storage data has security problems such as data damage and data loss. To solve the problems of untrustworthy the third-party auditor (TPA) and single point of failure in traditional cloud storage data integrity protection schemes, this scheme proposes a cloud storage data integrity verification scheme for fair arbitration based on blockchain. The TPA in the traditional scheme is replaced by a trusted blockchain for data integrity verification, and in order to prevent the client from doing evil, the data label for integrity verification is generated by the blockchain node. In order to improve storage efficiency and verification efficiency, the Verkle Tree structure is used to store transactions on the chain. The scheme uses the homomorphic verification label based on RSA for integrity verification, which can support batch audit. When data is corrupted, users can punish malicious Cloud Service Provide (CSP) by initiating arbitration against smart contracts. The experiment shows that this scheme can ensure the security of cloud storage data and complete the data integrity verification efficiently.","","979-8-3315-2832-4","10.1109/ICBCTIS64495.2024.00038","","https://ieeexplore.ieee.org/stamp/stamp.jsp?arnumber=10805373","Blockchain;Data Integrity;Verkle Tree;Batch Audit","Cloud computing;Data integrity;Scalability;Smart contracts;Solids;Search problems;Blockchains;Reliability;Protection;Secure storage","","1","","13","IEEE","24 Dec 2024","17-19 Aug. 2024","17-19 Aug. 2024","IEEE","IEEE Conferences"
"Blockchain-Based E-Governance for Transparent Allocation and Utilization of Local Government Funds in Rural Regions","A. Mainali; P. Devkota; N. Thapaliya; P. Shrestha; S. Yadav","Department of Computer Science and Engineering, Amrita School of Computing, Bengaluru, Amrita Vishwa Vidyapeetham, India; Department of Computer Science and Engineering, Amrita School of Computing, Bengaluru, Amrita Vishwa Vidyapeetham, India; Department of Computer Science and Engineering, Amrita School of Computing, Bengaluru, Amrita Vishwa Vidyapeetham, India; Department of Computer Science and Engineering, Amrita School of Computing, Bengaluru, Amrita Vishwa Vidyapeetham, India; Department of Electrical and Electronics Engineering, Amrita School of Engineering, Bengaluru, Amrita Vishwa Vidyapeetham, India",2025 9th International Conference on Inventive Systems and Control (ICISC),"13 Oct 2025","2025","","","1761","1766","Strong and clear administration of state resources can play a crucial role in rendering local governance and allow for fair advancement of rural areas. The conventional fund allocation procedures experience inefficiency, a lack of visibility, and misuse vulnerability. To revolutionize the way local bodies handle and utilize development funds, this paper postulates to develop a blockchain-based e-Governance system. The system automates the process of disbursing funds, improves accountability, and allows the people to participate by integrating smart contracts, immutable ledgers, identity verification linked with Aadhaar, and a real-time dashboard of citizens. Our model can be modularly deployed based on Hyperledger Fabric compared to many other past designs. Data sharing is secure because of IPFS, and we have multi-layered access to data by officials, auditors, and citizens. The architecture focuses on rural situations that have minimal resources and attempts to treat security, scalability, and sustainability collectively. The architecture, functional process, technical, and comparative findings of the identified platform are discussed in this paper, which can serve as an efficient blueprint for future digital governance systems.","","979-8-3315-1247-7","10.1109/ICISC65841.2025.11188433","","https://ieeexplore.ieee.org/stamp/stamp.jsp?arnumber=11188433","Blockchain;E-Governance;Fund Disbursement;Smart Contracts;Hyperledger Fabric;Immutable Ledger;RoleBased Access Control;IPFS Storage","Access control;Distributed ledger;Scalability;Smart contracts;Real-time systems;Fabrics;Blockchains;Resource management;Stakeholders;Sustainable development","","","","17","IEEE","13 Oct 2025","12-13 Aug. 2025","12-13 Aug. 2025","IEEE","IEEE Conferences"
"Blockchain and NFTs for Trusted Ownership, Trading, and Access of AI Models","A. Battah; M. Madine; I. Yaqoob; K. Salah; H. R. Hasan; R. Jayaraman","Department of Electrical Engineering and Computer Science, Khalifa University, Abu Dhabi, United Arab Emirates; Department of Electrical Engineering and Computer Science, Khalifa University, Abu Dhabi, United Arab Emirates; Department of Electrical Engineering and Computer Science, Khalifa University, Abu Dhabi, United Arab Emirates; Department of Electrical Engineering and Computer Science, Khalifa University, Abu Dhabi, United Arab Emirates; Department of Electrical Engineering and Computer Science, Khalifa University, Abu Dhabi, United Arab Emirates; Department of Industrial and Systems Engineering, Khalifa University, Abu Dhabi, United Arab Emirates",IEEE Access,"28 Oct 2022","2022","10","","112230","112249","The demand for high-quality Artificial Intelligence (AI) models is ever-increasing in this digital era. However, most of the existing methods leveraged for managing the ownership, trading, and access of AI models fall short of providing traceability, transparency, audit, security, and trustful features. In this paper, we propose a solution based on blockchain and Non-fungible Tokens (NFTs) to manage ownership rights and exchange of AI models in a transparent, traceable, auditable, secure, and trustworthy manner. Smart contracts are employed to enforce ownership, ease of access, and exchange policies for the unique NFT linked to an AI model. We use decentralized storage of the InterPlanetary File System (IPFS) and proxy re-encryption oracles to securely fetch, store, and share data related to AI models. We present algorithms along with their implementation, testing, and validation details. The proposed solution is evaluated using cost and security analyses to show its affordability and resiliency against security threats and attacks. All smart contract codes are made publicly available on GitHub.","2169-3536","","10.1109/ACCESS.2022.3215660","Khalifa University of Science and Technology(grant numbers:RCII-2019-002–Center for Digital Supply Chain and Operations Management,CIRA-2019-001); ","https://ieeexplore.ieee.org/stamp/stamp.jsp?arnumber=9924181","Blockchain;decentralized storage;non-fungible tokens (NFTs);oracles;provenance;proxy re-encryption;smart contracts","Artificial intelligence;Data models;Collaboration;Security;Computational modeling;Smart contracts;Data privacy;Blockchains;Nonfungible tokens","","42","","54","CCBY","19 Oct 2022","2022","","IEEE","IEEE Journals"
"Cryptocurrency-Powered Blockchain for Secure Product Authentication and Anti-Counterfeiting","P. Pandiyarajan; D. S. Sriram Suggu; A. Thottempudi; E. V. Yerroju; S. S. Seerla","Department of Computer Science and Engineering, Kalasalingam Academy of Research and Education, Krishnankoil, Tamil Nadu, India; Department of Computer Science and Engineering, Kalasalingam Academy of Research and Education, Krishnankoil, Tamil Nadu, India; Department of Computer Science and Engineering, Kalasalingam Academy of Research and Education, Krishnankoil, Tamil Nadu, India; Department of Computer Science and Engineering, Kalasalingam Academy of Research and Education, Tamil Nadu, India; Department of Computer Science and Engineering, Kalasalingam Academy of Research and Education, Tamil Nadu, India",2025 International Conference on Computing Technologies & Data Communication (ICCTDC),"22 Sep 2025","2025","","","1","6","A major global concern., counterfeit items hurt brand reputations., pose safety risks., and result in large financial losses in a variety of industries., including consumer goods., luxury goods., technology., and pharmaceuticals. Holograms and barcodes are examples of traditional authentication techniques that can be copied and altered. The Anti-Counterfeit Product Identification System Using Blockchain is a decentralized., transparent system that uses blockchain technology., smart contracts., and QR codes to guarantee product authenticity and traceability in order to address these issues. To ensure that product data is unchangeable and verifiable., the system incorporates the Ethereum blockchain., a tamper-proof and trustless platform. Solidity-written smart contracts carry out the authentication mechanism., ensuring safe., automated transactions free from middlemen. Every product has a unique QR code that can be scanned by stakeholders and customers using a React-based web interface to confirm product specifications. While PostgreSQL handles extra product details., the Node.js-built backend makes it easier for the blockchain and user interface to communicate. Hardhat is used in the development environment to expedite the deployment and testing of smart contracts. Manufacturers., retailers., and consumers may improve supply chain transparency., decrease fraud., and boost confidence by putting this blockchain-based anti-counterfeiting solution into place. This strategy encourages moral corporate conduct and legal compliance in addition to reducing the flow of fake goods. The study examines the benefits., design., and application of this technology-driven strategy against counterfeiting., showcasing how it may transform product authentication in a number of different sectors.","","979-8-3315-2798-3","10.1109/ICCTDC64446.2025.11158980","","https://ieeexplore.ieee.org/stamp/stamp.jsp?arnumber=11158980","Blockchain;Anti-Counterfeiting;Ethereum;Smart Contracts;QR Code Verification;Supply Chain Transparency;Decentralized Authentication;Product Authenticity;Tamper-Proof Data;Trustless Transactions Introduction;Sustainable Supply Chains;Ethical Trade;Blockchain Security;Fair Market Practices;Smart Contract Integrity;Secure Transactions","Industries;Smart contracts;Supply chains;Authentication;QR codes;Trustless services;Blockchains;Safety;Fraud;Pharmaceuticals","","","","9","IEEE","22 Sep 2025","4-5 July 2025","4-5 July 2025","IEEE","IEEE Conferences"
"Building Trust in the Metaverse: A Blockchain Approach for Social Networks","S. Swain; S. Chakraborty; K. Kumari; R. Dev; A. Bandyopadhyay; N. Sharma","School of Computer Engineering, KIIT Deemed to be University, Bhubaneshwar, India; Basic Science and Humanities Techno International New Town, Kolkata, India; School of Law, Modi University of Science and Technology, Rajashthan, India; School of Law, KIIT Deemed to be University, Bhubaneshwar, India; School of Computer Engineering, KIIT Deemed to be University, Bhubaneshwar, India; School of Computer Engineering, Lovely Professional University, Jalandhar, India",2025 International Conference on Smart & Sustainable Technology (INCSST),"28 Oct 2025","2025","","","1","6","Trust is a critical foundation for social interactions, particularly in the rapidly evolving landscape of the metaverse. This paper presents a blockchain-based framework to enhance trust and accountability in social networks within the metaverse. By leveraging the decentralized and tamper-proof nature of blockchain technology, we propose a system that ensures transparency, data integrity, and fair governance. Our approach integrates smart contracts to automate trust-related processes, such as identity verification, content moderation, and user reputation management, while preserving user privacy. Additionally, we address scalability and interoperability challenges to accommodate the dynamic and interconnected nature of the metaverse. Through simulation and analysis, we demonstrate that our blockchain-based model fosters trust, reduces misinformation, and strengthens community engagement in social networks. This work contributes to building a secure and reliable foundation for social interactions in the metaverse, paving the way for its sustainable growth.","","979-8-3315-4192-7","10.1109/INCSST64791.2025.11210256","","https://ieeexplore.ieee.org/stamp/stamp.jsp?arnumber=11210256","Metaverse;Blockchain;Trust;Social Networks;Smart Contracts;Transparency;Decentralization;Interoperability;Identity Verification","Privacy;Metaverse;Social networking (online);Scalability;Data integrity;Smart contracts;Buildings;Blockchains;Fake news;Interoperability","","","","15","IEEE","28 Oct 2025","4-6 July 2025","4-6 July 2025","IEEE","IEEE Conferences"
"Smart Contract-Based Decentralized Mining Pools for Proof-of- Work Blockchains","A. M. Papathanasiou; C. D. N. Kyriakidou; I. Pittaras; G. C. Polyzos","Department of Informatics, Mobile Multimedia Laboratory, School of Information Sciences and Technology, Athens University of Economics and Business, AUEB, Greece; Department of Informatics, Mobile Multimedia Laboratory, School of Information Sciences and Technology, Athens University of Economics and Business, AUEB, Greece; Department of Informatics, Mobile Multimedia Laboratory, School of Information Sciences and Technology, Athens University of Economics and Business, AUEB, Greece; Department of Informatics, Mobile Multimedia Laboratory, School of Information Sciences and Technology, Athens University of Economics and Business, AUEB, Greece",2024 IEEE International Conference on Blockchain (Blockchain),"18 Sep 2024","2024","","","227","234","Mining pools have gained wide attention allowing in-dividual miners, who contribute their computational resources to collectively mine blocks to be rewarded more predictably. Although (traditional) mining pools make the mining process more predictable and incentivize small miners to participate, they introduce centralization and miners need to trust the pool manager that the revenues would be fairly shared among members. Efforts to create decentralized mining pools have been reported in the literature. Nonetheless, the aforementioned schemes have not been widely adopted and are not currently in use, mostly due to their scalability issues and the probabilistic nature of their share validation algorithms, which may result in potential security problems, as only a random subset of shares is chosen for validation. Our solution aims to create an efficient scheme for decentralized mining pools for Proof-of- Work (PoW) blockchains by leveraging Ethereum smart contracts to share mining rewards accordingly, while also utilizing the InterPlanetary File System (IPFS) to minimize gas fees by storing only the necessary information in the smart contract.","2834-9946","979-8-3503-5159-0","10.1109/Blockchain62396.2024.00037","","https://ieeexplore.ieee.org/stamp/stamp.jsp?arnumber=10664230","Ethereum;InterPlanetary File System (IPFS);Merkle Trees;Incentives;Security","File systems;Scalability;Smart contracts;Probabilistic logic;Blockchains;Fuel processing industries;Cryptocurrency","","","","25","IEEE","18 Sep 2024","19-22 Aug. 2024","19-22 Aug. 2024","IEEE","IEEE Conferences"
"Advanced Ledger: Supply Chain Management with Contribution Trails and Fair Reward Distribution","T. Miyamae; S. Nishimaki; M. Nakamura; T. Fukuoka; M. Morinaga","Data & Security Research Laboratory, Fujitsu Limited, Kawasaki, Japan; Data & Security Research Laboratory, Fujitsu Limited, Kawasaki, Japan; Data & Security Research Laboratory, Fujitsu Limited, Kawasaki, Japan; Data & Security Research Laboratory, Fujitsu Limited, Kawasaki, Japan; Data & Security Research Laboratory, Fujitsu Limited, Kawasaki, Japan",2022 IEEE International Conference on Blockchain (Blockchain),"19 Sep 2022","2022","","","435","442","We have several issues in most current supply chain management systems. Consumers want to spend money on environmentally friendly products, but they are seldomly informed of the environmental contributions of the suppliers. Meanwhile, each supplier seeks to recover the costs for the environmental contributions to re-invest them into further contributions. Instead, in most current supply chains, the reward for each supplier is not clearly defined and fairly distributed. To address these issues, we propose a supply-chain contribution management platform for fair reward distribution called ‘Advanced Ledger.’ This platform records suppliers' environ-mental contribution trails, receives rewards from consumers in exchange for trail-backed fungible tokens, and fairly distributes the rewards to each supplier based on the contribution trails. In this paper, we overview the architecture of Advanced Ledger and 11 technical features, including decentralized autonomous organization (DAO) based contribution verification, contribution concealment, negative-valued tokens, fair reward distribution, atomic rewarding, and layer-2 rewarding. We then study the requirements and candidates of the smart contract platforms for implementing Advanced Ledger. Finally, we introduce a use case called ‘ESG token’ built on the Advanced Ledger architecture.","","978-1-6654-6104-7","10.1109/Blockchain55522.2022.00067","","https://ieeexplore.ieee.org/stamp/stamp.jsp?arnumber=9881842","supply;chain;blockchain;tokenization;rewarding;decentralization;scalability;privacy","Supply chain management;Costs;Decentralized autonomous organization;Atomic layer deposition;Smart contracts;Current supplies;Blockchains","","4","","64","IEEE","19 Sep 2022","22-25 Aug. 2022","22-25 Aug. 2022","IEEE","IEEE Conferences"
"Decentralized Privacy-Preserving Fair Exchange Scheme for V2G Based on Blockchain","Z. Wan; T. Zhang; W. Liu; M. Wang; L. Zhu","School of Computer Science and Technology, Shandong University, Qingdao, Shandong, China; School of Computer Science and Technology, Shandong University, Qingdao, Shandong, China; School of Computer Science and Technology, Shandong University, Qingdao, Shandong, China; School of Electrical Engineering, Shandong University, Jinan, Shandong, China; School of Cyberspace Security, Beijing Institute of Technology, Beijing, China",IEEE Transactions on Dependable and Secure Computing,"8 Jul 2022","2022","19","4","2442","2456","With the fast development of the electric vehicle (EV) technology, EVs are expected to be the mainstream in future. The large number of EVs facilitate development of the emerging vehicle-to-grid (V2G) technology, which realizes two-way electricity flows between EVs and the power grid. How to achieve fairness and privacy for EVs during electricity/service exchanges remains a challenging problem for V2G. In this article, we propose a privacy-preserving fair exchange scheme V2GEx for V2G based on the blockchain. V2GEx is composed of an extended blockchain that supports zero-knowledge funds, a fair exchange smart contract based on the hashchain micropayment mechanism, and a privacy-preserving protocol for V2G. We further propose a simpler and more efficient scheme called Uni-V2GEx, which preserves privacy for only one party. We also provide a rigorous security proof under the universal composability (UC) model to prove V2GEx's security. To evaluate its efficiency, we implement V2GEx and conduct comprehensive experiments to test its performance in terms of computation cost and processing delay. The experiment results show that V2GEx is highly efficient in that verification of V2GEx transactions costs only 20 ms and the average transaction processing latency is around 6 seconds in a 200-node blockchain network.","1941-0018","","10.1109/TDSC.2021.3059345","Natural Science Foundation of Shandong Province(grant numbers:ZR2020ZD01); National Natural Science Foundation of China(grant numbers:61972229); Natural Science Foundation of Shandong Province(grant numbers:ZR2019MF007); Fundamental Research Funds of Shandong University; National Key Research and Development Program of China(grant numbers:2019YFE0118400); ","https://ieeexplore.ieee.org/stamp/stamp.jsp?arnumber=9354536","Blockchain;V2G;fair exchange;zk-SNARK;privacy","Blockchain;Vehicle-to-grid;Privacy;Security;Smart contracts;Computational modeling;Petroleum","","35","","40","IEEE","15 Feb 2021","1 July-Aug. 2022","","IEEE","IEEE Journals"
"A Lightweight Blockchain-Based Fair Trading Framework Combined with Lazy Dispute Accountability for Cloud Big Data Storage","C. Li; C. H. Wang","Department of Computer Science and Information Engineering, National Chiayi University, Taiwan; Department of Computer Science and Information Engineering, National Chiayi University, Taiwan",2025 10th International Conference on Big Data Analytics (ICBDA),"4 Nov 2025","2025","","","1","8","Nowadays, more and more digital goods are being traded, and the sizes of them are also increasing. To address this, it is necessary to establish a fair trading environment and develop an efficient storage solution for commercial use. Therefore, we propose a fair trading scheme in the cloud storage environment for large sizes of data goods. We use blockchain smart contracts to achieve fair trading. Smart contracts have the following advantages: First, they are deployed on the blockchain, making the process transparent. Second, once deployed, the smart contracts cannot be modified, preventing cheating. Lastly, the transaction records can be stored on the blockchain directly and therefore the records will always be kept and unmodified. In addition, to reduce the cost of smart contract usages, a lightweight elliptic curve operations were used to reach both fairness and privacy. A slightly more expensive but optional lazy dispute accountability is designed for clarifying the responsibility of the two parties when the transaction fails for possible cheating actions. For the cloud storage part, the seller stores big data goods on the cloud to break through the restriction of local storage. Storing goods in the cloud also lowers transmission costs, as buyers can download the goods directly from the cloud instead of obtaining them from the seller. Additionally, anyone can perform data integrity verification to ensure that the cloud has not tampered with or deleted the goods. In our experiments, the proposed method reduces gas consumption by about 31.3% compared to the recent related work, achieving lower transaction costs and higher efficiency.","2832-3734","979-8-3315-0393-2","10.1109/ICBDA65366.2025.11211376","National Science and Technology Council (NSTC) of Taiwan(grant numbers:NSTC 112-2221-E-415-004,NSTC 113-2634-F-110-001-MBK); National Sun Yat-sen University in Taiwan; ","https://ieeexplore.ieee.org/stamp/stamp.jsp?arnumber=11211376","fair exchange;fair trading;smart contract;blockchain;network security;cloud storage","Cloud computing;Privacy;Costs;Scalability;Smart contracts;Big Data;Network security;Blockchains;Planning;Secure storage","","","","21","IEEE","4 Nov 2025","13-15 March 2025","13-15 March 2025","IEEE","IEEE Conferences"
"PolyLink: A Blockchain Based Decentralized Edge AI Platform for LLM Inference","H. Liu; J. Cao; B. Yang; D. Bai; Y. Cao; X. Shen; Y. Zhang; J. Liang; S. Jiang; M. Zhang","Department of Computing, The Hong Kong Polytechnic University, Hong Kong, China; Department of Computing, The Hong Kong Polytechnic University, Hong Kong, China; China Mobile (Hong Kong) Innovation Research Institute, Hong Kong, China; Department of Computing, The Hong Kong Polytechnic University, Hong Kong, China; Department of Computing, The Hong Kong Polytechnic University, Hong Kong, China; Department of Computing, The Hong Kong Polytechnic University, Hong Kong, China; Department of Computing, The Hong Kong Polytechnic University, Hong Kong, China; Department of Computing, The Hong Kong Polytechnic University, Hong Kong, China; School of Software Engineering, Sun Yat-sen University, China; Department of Computing, The Hong Kong Polytechnic University, Hong Kong, China",2025 IEEE International Conference on Blockchain (Blockchain),"4 Dec 2025","2025","","","101","108","The rapid advancement of large language models (LLMs) in recent years has revolutionized the AI landscape. However, the deployment model and usage of LLM services remain highly centralized, creating significant trust issues and costs for end users and developers. To address these issues, we propose PolyLink, a blockchain-based decentralized AI platform that decentralizes LLM development and inference. Specifically, PolyLink introduces a decentralized crowdsourcing architecture that supports single-device and cross-device model deployment and inference across heterogeneous devices at the edge. Moreover, to ensure the inference integrity, we design the TIQE protocol, which combines a lightweight cross-encoder model and an LLM-as-a-Judge for a high-accuracy inference evaluation. Lastly, we integrate a comprehensive token-based incentive model with dynamic pricing and reward mechanisms for all participants. We have deployed PolyLink and conducted an extensive real-world evaluation through geo-distributed deployment across heterogeneous devices. Results indicate that the inference and verification latency is practical. Our security analysis demonstrates that the system is resistant to model degradation attacks and validator corruptions. PolyLink is now available at https://github.com/IMCL-PolyLink/PolyLink.","2834-9946","979-8-3315-9015-4","10.1109/Blockchain67634.2025.00023","Hong Kong Polytechnic University; ","https://ieeexplore.ieee.org/stamp/stamp.jsp?arnumber=11264675","Blockchain;Web3;Edge Computing;DePIN;LLM","Resistance;Degradation;Crowdsourcing;Protocols;Costs;Large language models;Pricing;Edge AI;Blockchains;Security","","","","20","IEEE","4 Dec 2025","30 Oct.-2 Nov. 2025","30 Oct.-2 Nov. 2025","IEEE","IEEE Conferences"
"FairTrade: Efficient Atomic Exchange-based Fair Exchange Protocol for Digital Data Trading","C. Chenli; W. Tang; T. Jung","Department of Computer Science and Engineering, University of Notre Dame, Notre Dame, Indiana, USA; Department of Computer Science and Engineering, University of Notre Dame, Notre Dame, Indiana, USA; Department of Computer Science and Engineering, University of Notre Dame, Notre Dame, Indiana, USA",2021 IEEE International Conference on Blockchain (Blockchain),"24 Jan 2022","2021","","","38","46","Trading of data is increasingly important as data are becoming valuable. This paper studies the fair exchange problem where two untrusting parties need to trade data using digital tokens without anyone being able to cheat the other one. In existing approaches, data are encrypted with some sets of keys, and the keys are traded with digital tokens by leveraging the atomic exchange protocol. There exists a security hole because existing approaches fail to provide a complete and secure design for validating the correctness of the keys. We address this issue by presenting a key verification mechanism that leverages the collision-resistance of hash functions. Additionally, we present a novel atomic exchange protocol based on our key-secret-sharing mechanism, which is more efficient than the existing approach. Our experiments indicate the key verification mechanism incurs negligible overhead and our atomic exchange protocol is more efficient than the state-of-the-art protocol.","","978-1-6654-1760-0","10.1109/Blockchain53845.2021.00017","","https://ieeexplore.ieee.org/stamp/stamp.jsp?arnumber=9680585","Data trading;fair exchange;atomic exchange","Hash functions;Protocols;Conferences;Forgery;Blockchains","","10","","47","IEEE","24 Jan 2022","6-8 Dec. 2021","6-8 Dec. 2021","IEEE","IEEE Conferences"
"Fair Contract Signing Model Based on Blockchain and VES Algorithm","G. Wang; Y. Yu; Z. Song; T. Fu","School of Information School of Information YunNan University of Finance, KunMing, China; School of Information School of Information YunNan University of Finance, KunMing, China; Yunnan Key Laboratory of Service Computing, School of Information YunNan University of Finance, KunMing, China; Information Management Center, School of Information YunNan University of Finance, KunMing, China","2023 5th International Conference on Communications, Information System and Computer Engineering (CISCE)","12 Jun 2023","2023","","","476","480","The Verifiably Encrypted Signature (VES) algorithm is a common method for solving the fair exchange of digital signatures. It uses an offline trusted third party (TTP) as an adjudicator, playing a role similar to a guarantor. However, the fairness of signature exchange in traditional methods depends on the neutrality of the adjudicator, and there is a possibility that the adjudicator and a party may collude to commit fraud. To address this issue, this paper designs a fair signature exchange scheme without the TTP based on blockchain and VES algorithm, thus solving the problem of the trust crisis with adjudicator. At the same time, current blockchain smart contract do not support the generation and verification of the VES. As a result, this paper introduces the blockchain oracle to delegate these operations to off-chain execution. Finally, we achieve a closed-loop solution for a Fair Contract Signing model, this scheme utilizes smart contracts and blockchain oracle to complete all aspects of digital signature exchange.","2833-2423","979-8-3503-2679-6","10.1109/CISCE58541.2023.10142628","","https://ieeexplore.ieee.org/stamp/stamp.jsp?arnumber=10142628","VES;Blockchain;Fair Contract Signing","Process design;Technological innovation;Analytical models;Smart contracts;Process control;Blockchains;Fraud","","3","","17","IEEE","12 Jun 2023","14-16 April 2023","14-16 April 2023","IEEE","IEEE Conferences"
"Blockchain Empowered Arbitrable Data Auditing Scheme for Network Storage as a Service","Y. Xu; J. Ren; Y. Zhang; C. Zhang; B. Shen; Y. Zhang","College of Computer Science and Electronic Engineering, Hunan University, Changsha, China; Department of Computer Science and Technology, Tsinghua University, Beijing, China; Department of Computer Science and Technology, Tsinghua University, Beijing, China; School of Computer Science and Engineering, Central South University, Changsha, China; Academician Workstation of Management Science and Engineering, Jiangxi University of Finance and Economics, Nanchang, China; University of Oslo, Oslo, Norway",IEEE Transactions on Services Computing,"8 Apr 2020","2020","13","2","289","300","The maturity of network storage technology drives users to outsource local data to remote servers. Since these servers are not reliable enough for keeping users’ data, remote data auditing mechanisms are studied for mitigating the threat to data integrity. However, many traditional schemes achieve verifiable data integrity for users only without resolutions to data possession disputes, while others depend on centralized third-party auditors (TPAs) for credible arbitrations. Recently, the emergence of blockchain technology promotes inspiring countermeasures. In this article, we propose a decentralized arbitrable remote data auditing scheme for network storage service based on blockchain techniques. We use a smart contract to notarize integrity metadata of outsourced data recognized by users and servers on the blockchain, and also utilize the blockchain network as the self-recording channel for achieving non-repudiation verification interactions. We also propose a fairly arbitrable data auditing protocol with the support of the commutative hash technique, defending against dishonest provers and verifiers. Additionally, a decentralized adjudication mechanism is implemented by using the smart contract technique for creditably resolving data possession disputes without TPAs. The theoretical analysis and experimental evaluation reveal its effectiveness in undisputable data auditing and the limited requirement of costs.","1939-1374","","10.1109/TSC.2019.2953033","National Natural Science Foundation of China(grant numbers:61702562,61472451,B18059); Young Elite Scientists Sponsorship Program by CAST(grant numbers:2018QNRC001); Young Talents Plan of Hunan Province of China(grant numbers:2019RS2001); Fundamental Research Funds for the Central Universities; ","https://ieeexplore.ieee.org/stamp/stamp.jsp?arnumber=8907495","Network storage as a service;blockchain;remote data auditing;decentralized arbitration;fair anti-cheating","Blockchain;Servers;Data integrity;Metadata;Smart contracts;Hash functions","","136","","35","IEEE","20 Nov 2019","1 March-April 2020","","IEEE","IEEE Journals"
"Blockchain-Based Verifiable Multi-Keyword Ranked Search on Encrypted Cloud With Fair Payment","Y. Yang; H. Lin; X. Liu; W. Guo; X. Zheng; Z. Liu","Guangdong Provincial Key Laboratory of Data Security and Privacy Protection, Guangzhou, Guilin, China; University Key Laboratory of Information Security of Network Systems, Fuzhou University, Fuzhou, China; University Key Laboratory of Information Security of Network Systems, Fuzhou University, Fuzhou, China; College of Mathematics and Computer Science, Fuzhou University, Fuzhou, China; College of Mathematics and Computer Science, Fuzhou University, Fuzhou, China; Guangdong Provincial Key Laboratory of Data Security and Privacy Protection, Guangzhou, Guilin, China",IEEE Access,"8 Oct 2019","2019","7","","140818","140832","In traditional cloud computing system, searchable encryption is deemed as a core technology to realize data confidentiality protection and information retrieval functions. However, the online payment problem and mutual distrust between cloud platforms and users may hinder the wide adoption of cloud service. In this paper, we construct a blockchain based multi-keyword ranked search with fair payment (BMFP) system, which leverages smart contracts to verify the correctness and completeness of the search result, and automatically execute the fair payment operations. The system realizes public verifiability on a multi-keyword ranked search result. The data owner manages the search authority, and a concrete fair payment smart contract is designed. The BMFP is compatible with Ethereum, and the verification algorithm executed by the smart contract is cost-efficient.","2169-3536","","10.1109/ACCESS.2019.2943356","National Natural Science Foundation of China(grant numbers:61872091); Guangxi Key Laboratory of Cryptography and Information Security(grant numbers:GCIS201721); Opening Project of Guangdong Provincial Key Laboratory of Data Security and Privacy Protection(grant numbers:2019B030301004-13); Minjiang University(grant numbers:MJUKF-IPIC201906); ","https://ieeexplore.ieee.org/stamp/stamp.jsp?arnumber=8847333","Blockchain;cloud computing;fair payment;verifiable searchable encryption;top-k ranked search;multiple keywords","Blockchain;Encryption;Smart contracts;Cloud computing;Indexes;Keyword search","","31","","33","CCBY","24 Sep 2019","2019","","IEEE","IEEE Journals"
"Chaining Success: How Blockchain Reshapes the Landscape of Supply Chain","S. R. Sawant; J. A. Poladia; S. Shah","dept. of Artificial Intelligence and Data Science, K.J. Somaiya Institute Of Technology, Mumbai, India; dept. of Artificial Intelligence and Data Science, K.J. Somaiya Institute Of Technology, Mumbai, India; dept. of Artificial Intelligence and Data Science, K.J. Somaiya Institute Of Technology, Mumbai, India",2023 6th International Conference on Advances in Science and Technology (ICAST),"4 Mar 2024","2023","","","95","99","This study thoroughly explores the integration of blockchain technology into supply chain management, capitalizing on its core attributes of decentralization, immutability, and transparency. It delves into diverse applications and tangible benefits that blockchain introduces, including heightened transparency, traceability, security, and operational efficiency in supply chain processes. Real-world examples showcased in the study illustrate how blockchain establishes an unalterable ledger, ensuring authenticity and provenance. Moreover, the study introduces a meticulous methodology for adopting blockchain in supply chains. This method covers identifying pain points, assessing compatibility, formulating integration protocols, and devising strategies for user adoption. Practical case studies offer tangible insights, providing organizations with a practical roadmap for integrating blockchain into their supply chain operations. However, the paper candidly addresses challenges inherent in this transformative integration, such as scalability, interoperability, regulatory compliance, and user adoption. The paper envisions a future where blockchain converges with emerging technologies like AI and IoT, fostering an interconnected, data-driven supply chain network poised for innovation and resilience. In essence, it provides a comprehensive understanding of the pivotal role played by blockchain in modern supply chain management. By leveraging decentralization, immutability, smart contracts, transparency, and interoperability, it establishes a robust foundation. The paper also highlights the importance of addressing challenges through collaboration and innovation, pointing towards a future where blockchain, AI, and IoT converge to create an interconnected and innovative supply chain landscape.","","979-8-3503-5981-7","10.1109/ICAST59062.2023.10455024","","https://ieeexplore.ieee.org/stamp/stamp.jsp?arnumber=10455024","blockchain;supplychain;AI and IoT Transparency;smart contract","Technological innovation;Supply chain management;Scalability;Supply chains;Blockchains;Artificial intelligence;Interoperability","","4","","12","IEEE","4 Mar 2024","8-9 Dec. 2023","8-9 Dec. 2023","IEEE","IEEE Conferences"
"Decentralized Online Voting using Blockchain and Secret Contracts","A. Fernandes; K. Garg; A. Agrawal; A. Bhatia","Department of Computer Science and Information System, Birla Institute of Technology and Science, Pilani Campus, Pilani India; Department of Computer Science and Information System, Birla Institute of Technology and Science, Pilani Campus, Pilani India; Department of Computer Science and Information System, Birla Institute of Technology and Science, Pilani Campus, Pilani India; Department of Computer Science and Information System, Birla Institute of Technology and Science, Pilani Campus, Pilani India",2021 International Conference on Information Networking (ICOIN),"2 Feb 2021","2021","","","582","587","Voting is a complex process with a lot depending on it. Building an e-voting system that can guarantee anonymity, verifiability, and transparency together is a challenging task. Continuous efforts are being made to improve the voting system to achieve these properties. Recently, blockchain has hit the technology space with many promises, especially to make verifiable and transparent decentralized systems. However, a major challenge faced with blockchain-based e-voting systems is to achieve the users' anonymity while ensuring only authorized voters should be able to vote, and that too only once. To address these issues, this paper proposes a blockchain-based e-voting system with secret contracts. We have used Enigma (a secure multiparty computation platform) to design secret contracts. The proposed system meets most of the features required to conduct free and fair voting electronically.","1976-7684","978-1-7281-9101-0","10.1109/ICOIN50884.2021.9333966","","https://ieeexplore.ieee.org/stamp/stamp.jsp?arnumber=9333966","","Protocols;Space technology;Buildings;Blockchain;Electronic voting;Task analysis;Contracts","","12","","15","IEEE","2 Feb 2021","13-16 Jan. 2021","13-16 Jan. 2021","IEEE","IEEE Conferences"
"Blockchain Based Lottery System","P. Singh; M. Kansal; J. Singh; G. Singh; A. K. Verma; D. Manchanda","AKGEC, Information Technology, Ghaziabad, U.P, India; AKGEC, Information Technology, Ghaziabad, U.P, India; CSIT, AKGEC, Ghaziabad, U.P, India; CSIT, AKGEC, Ghaziabad, U.P, India; CSIT, AKGEC, Ghaziabad, U.P, India; CSIT, AKGEC, Ghaziabad, U.P, India",2024 2nd International Conference on Disruptive Technologies (ICDT),"11 Apr 2024","2024","","","153","158","Blockchain-based lottery System is offering transparent, inflexible, fair, and empirical services. It utilizes a tamper-only distributed tally and smart contracts to ensure system security. Blockchain-based Lottery System enables all participants to conduct thorough verification procedures, guaranteeing the system's proper functioning. The lottery entry and prize distribution rules are specified by the Ethereum blockchain, which powers the system. It prioritizes quick transactions while reducing any obstacles by using Ethereum's money for prize distribution and ticket purchases. Because of its reliance on Ethereum's strong ecosystem, the blockchain-based lottery system is both scalable and rigid, which makes it a perfect solution for lottery structures that are constantly growing. This study delves deeply into the user experience, technological underpinnings, and revolutionary potential of blockchain-based lottery systems, emphasizing how they might completely alter the lottery industry.","","979-8-3503-7105-5","10.1109/ICDT61202.2024.10489454","","https://ieeexplore.ieee.org/stamp/stamp.jsp?arnumber=10489454","Tokenization;Cryptographic security;Blockchain;Decentralized lottery;Random number generation;Smart contracts","Industries;Smart contracts;Ecosystems;Particle measurements;User experience;Blockchains;Security","","","","36","IEEE","11 Apr 2024","15-16 March 2024","15-16 March 2024","IEEE","IEEE Conferences"
"Eiffel: Extending Formal Verification of Distributed Algorithms to Utility Analysis","A. Baloochestani; L. Jehl","Department of computer science and electrical engineering, University of Stavanger, Stavanger, Norway; Department of computer science and electrical engineering, University of Stavanger, Stavanger, Norway",2023 5th Conference on Blockchain Research & Applications for Innovative Networks and Services (BRAINS),"17 Nov 2023","2023","","","1","7","The security of distributed systems, such as blockchains, relies heavily on the active participation of sufficient participants within the network. In order to incentivize such participation, different blockchains implement different rewarding mechanisms. However, for these mechanisms to be effective, it is essential that they are fair and accurately implemented, taking into account the rational participants. Consequently, utility analysis plays a vital role in assessing the efficacy of these mechanisms. Formal verification methods, such as TLA+, are commonly employed to ensure the correctness of distributed systems, including blockchains. However, the application of these methods for utility analysis remains relatively unexplored. In this paper, we propose Eiffel, a novel approach that extends the formal verification of distributed systems to encompass utility analysis. By leveraging TLA+, Eiffel enables the analysis of rewarding mechanisms and the detection of potential attacks. Eiffel focuses explicitly on the concept of Nash equilibrium, a fundamental notion in game theory that holds significant importance in utility analysis. Through the use of Eiffel, we demonstrate its versatility with different specifications, highlighting its applicability in committee-based blockchains and the Tendermint consensus algorithm. Our analyses show the effectiveness of Eiffel in evaluating rewarding mechanisms and identifying potential vulnerabilities.","2835-3021","979-8-3503-1782-4","10.1109/BRAINS59668.2023.10316928","","https://ieeexplore.ieee.org/stamp/stamp.jsp?arnumber=10316928","component;formatting;style;styling;insert","Consensus algorithm;Nash equilibrium;Blockchains;Behavioral sciences;Security;Distributed algorithms;Formal verification","","1","","23","IEEE","17 Nov 2023","11-13 Oct. 2023","11-13 Oct. 2023","IEEE","IEEE Conferences"
"Blockchain-Based Fellowship Management System with Zero-Knowledge Credential Verification","B. K. Gupta; A. Gupta; J. Alam; S. Maity","Indian Institute of Information Technology, Allahabad, UP, India; Indian Institute of Information Technology, Allahabad, UP, India; Indian Institute of Information Technology, Allahabad, UP, India; Indian Institute of Information Technology, Allahabad, UP, India",2024 13th International Conference on System Modeling & Advancement in Research Trends (SMART),"20 Feb 2025","2024","","","487","494","This paper presents a blockchain-based distributed fellowship management system incorporating Attribute-Based Encryption (ABE) and Zero-Knowledge Proofs (ZKP) to verify candidate eligibility without exposing sensitive information. The system ensures that only qualified candidates who meet predefined criteria can receive fellowships, reducing the likelihood of fraudulent applications and administrative errors. Blockchain technology creates an immutable, decentralized ledger that provides transparency and accountability, while ABE ensures fine-grained access control over sensitive data. The integration of ZKP enhances privacy by allowing candidates to prove their eligibility without revealing personal details. This approach streamlines the fellowship verification process, lowers administrative burdens, and increases the dependability and fairness of the system. Our proposal delivers a secure, privacy-preserving solution for managing fellowships with improved efficiency and trust.","2767-7362","979-8-3503-8058-3","10.1109/SMART63812.2024.10882489","Ministry of Education; ","https://ieeexplore.ieee.org/stamp/stamp.jsp?arnumber=10882489","Blockchain;Zero-Knowledge;Attribute-Based Encryption;Management System;Distributed Systems","Resistance;Privacy;Frequency modulation;Market research;Blockchains;Fraud;Stakeholders;Reliability;Proposals;Standards","","","","32","IEEE","20 Feb 2025","6-7 Dec. 2024","6-7 Dec. 2024","IEEE","IEEE Conferences"
"FPLotto: A fair blockchain-based lottery scheme for privacy protection","Y. Pan; Y. Zhao; X. Liu; G. Wang; M. Su","Nankai University, Tianjin, China; Nankai University, Tianjin, China; Nankai University, Tianjin, China; Nankai University, Tianjin, China; Nankai University, Tianjin, China",2022 IEEE International Conference on Blockchain (Blockchain),"19 Sep 2022","2022","","","21","28","Aiming at the existence of a trusted third party in the traditional lottery and the privacy leakage of the current blockchain lottery scheme, we propose a fair blockchain-based lottery scheme for privacy protection, called FPLotto. Benefiting from a Lagrange interpolating polynomial over a finite field and a verifiable random function, lottery ticket of all users fairly contributes to the generation of winning numbers which is transparent and verifiable to anyone. The discrete logarithm, the one-way property of hash function and VRF provide security and avoid deliberate control of the lottery draw. Moreover, the mixing protocol based on zero-knowledge proofs hides lottery amount and bonus amount, and cuts off the connection among the lottery buyers and the winners for protecting the privacy of users. The scheme guarantees fairness, verifiability, and privacy without a trusted third party. Additionally, we propose a method of aggregation verification based on PLONK reducing the operating cost of lottery agency and speeding up the draw phase.","","978-1-6654-6104-7","10.1109/Blockchain55522.2022.00014","NSF of China(grant numbers:62141412,61872201); ","https://ieeexplore.ieee.org/stamp/stamp.jsp?arnumber=9881804","blockchain;zero-knowledge proof;zk-SNARK;privacy;lottery;Lagrange interpolating polynomial","Hash functions;Privacy;Interpolation;Protocols;Blockchains;Encryption;Security","","5","","20","IEEE","19 Sep 2022","22-25 Aug. 2022","22-25 Aug. 2022","IEEE","IEEE Conferences"
"Fair$^{2}$2Trade: Digital Trading Platform Ensuring Exchange and Distribution Fairness","C. Chenli; W. Tang; H. Lee; T. Jung","Department of Computer Science and Engineering, University of Notre Dame, Notre Dame, IN, USA; Department of Computer Science and Engineering, University of Notre Dame, Notre Dame, IN, USA; Department of Mathematics, Hanyang University, Seoul, South Korea; Department of Computer Science and Engineering, University of Notre Dame, Notre Dame, IN, USA",IEEE Transactions on Dependable and Secure Computing,"3 Sep 2024","2024","21","5","4827","4842","Online data trading is increasingly prevalent as data are becoming valuable assets. In most common conventional data trading scenarios, three parties (seller, broker, and buyer) exist, and fairness in trading is essential. This article discusses and solves the fairness problem in two aspects. First, we consider exchange fairness, which requires payments and data exchanged correctly between buyers and the broker. In existing solutions, keys of encrypted data are traded. However, these solutions failed to provide a complete and secure design for validating keys’ correctness unless they used generic theoretical but expensive methods, e.g., zk-SNARK. We address this security issue by designing a new key verification mechanism. We also present a novel atomic exchange protocol based on Hashed Timelock Contracts on Ethereum, reducing gas consumption compared to the existing approach. Second, we consider distribution fairness, which requires correctly splitting income between the broker and sellers. Straightforward solutions are impractical, i.e., sellers participating in every transaction or traversing the blockchain. Therefore, we design a verifiable statement protocol for sellers to verify the income split efficiently. Further, analysis and experimental results indicate that extra fairness properties are securely achieved, and our protocol reduces users’ on-chain participation compared to state-of-the-art protocols.","1941-0018","","10.1109/TDSC.2024.3362196","NASA ULI(grant numbers:80NSSC23M0058); NSF(grant numbers:OAC-2312973); Notre Dame International; Asia Research Collaboration; Notre Dame Blockchain Working Group; IITP of the Korean Government(grant numbers:RS-2022-00155220); ","https://ieeexplore.ieee.org/stamp/stamp.jsp?arnumber=10420492","Data trading;fairness;blockchain;secret-key-sharing;atomic exchange;verifiable statement","Protocols;Blockchains;Smart contracts;Internet;General Data Protection Regulation;Data privacy;Business","","9","","61","IEEE","5 Feb 2024","Sept.-Oct. 2024","","IEEE","IEEE Journals"
"Libras: A Fair, Secure, Verifiable, and Scalable Outsourcing Computation Scheme Based on Blockchain","L. Huo; L. Wu; Z. Zhang; C. Li; D. He; J. Wang","Key Laboratory of Aerospace Information Security and Trusted Computing, Ministry of Education, School of Cyber Science and Engineering, Wuhan University, Wuhan, China; Key Laboratory of Aerospace Information Security and Trusted Computing, Ministry of Education, School of Cyber Science and Engineering, Wuhan University, Wuhan, China; Key Laboratory of Aerospace Information Security and Trusted Computing, Ministry of Education, School of Cyber Science and Engineering, Wuhan University, Wuhan, China; Key Laboratory of Aerospace Information Security and Trusted Computing, Ministry of Education, School of Cyber Science and Engineering, Wuhan University, Wuhan, China; Key Laboratory of Cryptography of Zhejiang Province, Hangzhou Normal University, Hangzhou, China; School of Cyber Science and Engineering, Huazhong University of Science and Technology, Wuhan, China",IEEE Transactions on Information Forensics and Security,"29 May 2024","2024","19","","5725","5737","Existing multitask outsourcing computations struggle to guarantee the fairness for participants and the correctness of the computation results. Some solutions use blockchain to address the fairness issue in outsourcing computations. However, blockchain suffers from poor data privacy due to its public and transparent nature, as well as the latency because of limited scalability. To effectively confront these problems, we propose the Libras: a fair, secure, verifiable and scalable outsourcing computation scheme based on blockchain. In Libras, tasks are divided into multiple sub-task blocks, coupled with a deposit mechanism that enforces fairness throughout the process. Libras integrates a commitment mechanism with on-chain and off-chain collaboration for security, where the computation results are securely stored off-chain while proofs of these results are immutably recorded on-chain. Moreover, it employs a Directed Acyclic Graph (DAG)-based ledger architecture to significantly expedite transaction confirmations and facilitate elastic scalability. Furthermore, we devise a batch verification algorithm to simultaneously verify the accuracy of all computation results. Theoretical analysis and experiments demonstrate that Libras is fair, secure, verifiable, and scalable. The comparison results indicate that the verification time is  $1.2\times $  that of FVP-EOC.","1556-6021","","10.1109/TIFS.2024.3403489","National Key Research and Development Program of China(grant numbers:2021YFB3101100); National Natural Science Foundation of China(grant numbers:U20A20177,62272348,U22B2022,62202197); Wuhan Science and Technology Joint Project for Building a Strong Transportation Country(grant numbers:2023-2-7); Open Research Fund from Guangdong Laboratory of Artificial Intelligence and Digital Economy (SZ)(grant numbers:GML-KF-22-07); ","https://ieeexplore.ieee.org/stamp/stamp.jsp?arnumber=10535298","Verifiable computing;blockchain;outsourcing computation;vector commitment","Task analysis;Outsourcing;Servers;Blockchains;Security;Scalability;Resource management","","10","","37","IEEE","20 May 2024","2024","","IEEE","IEEE Journals"
"Fair and Privacy-Preserved Data Trading Protocol by Exploiting Blockchain","P. Abla; T. Li; D. He; H. Huang; S. Yu; Y. Zhang","School of Software, South China Normal University, Foshan, China; School of Software Engineering, Sun Yat-sen University, Zhuhai, China; School of Cyber Science and Engineering, Wuhan University, Wuhan, China; School of Software Engineering, Sun Yat-sen University, Zhuhai, China; School of Software, South China Normal University, Foshan, China; Department of Informatics, University of Oslo, Oslo, Norway",IEEE Transactions on Information Forensics and Security,"3 Oct 2024","2024","19","","9012","9025","With the popularity of the mobile Internet, data is increasingly becoming a new resource. Therefore, the trading of such data resources has become an increasing demand. In this paper, we propose a fair privacy-preserving data trading protocol based on blockchain. Firstly, our data trading protocol achieves fairness by carefully combining the probabilistic approaches and the fully homomorphic encryption techniques. Moreover, our protocol allows online arbitration when misbehavior occurs in the trading process is detected. Note that previous data trading protocols need a Trusted Third Party (TTP) or an offline arbitrator to solve disputes, weakening the trust of those protocols. Secondly, the data validity verification process of our protocol is more flexible. Most Importantly, different from all previous designs which only achieve privacy against communication channel eavesdroppers, our protocol achieves privacy against any eavesdropper and the passive arbitrator. The above-distinguishing properties of our protocol are mainly benefited from the homomorphic encryption and double encryption techniques. In addition, our data trading protocol can be instantiated with post-quantum primitives and thus achieves post-quantum security. To demonstrate the feasibility of the proposed protocol, we conduct a comprehensive evaluation with the instantiated cryptographic primitives based on the Ethereum test network.","1556-6021","","10.1109/TIFS.2024.3398535","National Natural Science Foundation of China(grant numbers:62325209,62272496); Yunnan Key Laboratory of Blockchain Application Technology(grant numbers:202105AG070005); Project of Science and Technology Major Project of Yunnan Province(grant numbers:202303AC100001); Fundamental Research Funds for the Central Universities, Sun Yat-sen University(grant numbers:23lgbj019); Basic and Applied Basic Research Foundation of Guangdong Province(grant numbers:2024A1515012360); ","https://ieeexplore.ieee.org/stamp/stamp.jsp?arnumber=10522763","Data trading;blockchain;fairness;privacy;FHE","Protocols;Probabilistic logic;Data privacy;Blockchains;Data integrity;Organizations;Privacy","","18","","39","IEEE","8 May 2024","2024","","IEEE","IEEE Journals"
"Blockchain-Based Fair and Fine-Grained Data Trading With Privacy Preservation","L. Xue; J. Ni; D. Liu; X. Lin; X. Shen","Department of Electrical and Computer Engineering, University of Waterloo, Waterloo, ON, Canada; Department of Electrical and Computer Engineering, Queen's University, Kingston, ON, Canada; Department of Electrical and Computer Engineering, University of Waterloo, Waterloo, ON, Canada; School of Computer Science, University of Guelph, Guelph, ON, Canada; Department of Electrical and Computer Engineering, University of Waterloo, Waterloo, ON, Canada",IEEE Transactions on Computers,"8 Aug 2023","2023","72","9","2440","2453","In this article, we propose a blockchain-based fair and privacy-preserving data trading scheme that supports fine-grained data selling. First, to achieve fairness for trading participants, by incorporating attribute-based credentials, encryption, and zero-knowledge proof, we design a data trading scheme where a buyer first publishes the required data attributes on the blockchain, and a data seller can demonstrate data availability in ciphertext by only disclosing the required attributes to a data buyer and proving the authenticity of data. A data buyer transfers funds only if the correct key material is uploaded to the blockchain. Second, to guarantee fine-grained data trading and preserve identity privacy, we build a Merkle hash tree on the ciphertexts of data with a signature on its root node, which allows a data seller to split data into blocks and remove the sensitive information from the data without affecting data availability verification. The public key of the data seller is not leaked to the data buyer during the trading. Moreover, different trading transactions from the same data seller cannot be linked. We formally prove that our scheme achieves the desired security properties: fairness and privacy preservation. Simulation results demonstrate the feasibility and efficiency of the proposed scheme.","1557-9956","","10.1109/TC.2023.3251846","","https://ieeexplore.ieee.org/stamp/stamp.jsp?arnumber=10058012","Blockchain;fair data trading;fine-grained data selling;privacy preservation","Hospitals;Data privacy;Smart contracts;Blockchains;Public key;Electronic mail;Privacy","","45","","40","IEEE","2 Mar 2023","1 Sept. 2023","","IEEE","IEEE Journals"
"Optimization of Blockchain Based E-voting","S. Khedkar; K. Mahajan; M. Shirole","Computer Engineering and IT, Veermata Jijabai Technilogical Institute, Mumbai, India; Computer Engineering and IT, Veermata Jijabai Technilogical Institute, Mumbai, India; Computer Engineering and IT, Veermata Jijabai Technilogical Institute, Mumbai, India",2023 8th International Conference on Business and Industrial Research (ICBIR),"19 Jun 2023","2023","","","700","705","Modern technology has created the need for information flow to be fast and effective. we have been able to reach this through the internet; the medium, that is, the internet has expedited every folks, by creating the communication cheap and quick. One such innovative technology is blockchain. Having the properties such as immutability, integrity and decentralized architecture, one of the prospective application of blockchain is e-voting. The objective of e-voting system using blockchain is to facilitate transparent, fair and verifiable approach. But the existing e-voting systems using blockchain take more time to reflect the vote casted by the voters as the number of voters increases and make the system slow. In this paper we propose a system which uses a consensus algorithm called PoA to minimize the time for authentication, mining and verification of casted votes. The Proposed system which replaces the PoW consensus algorithm, in existing system, with PoA consensus algorithm, proved to be faster than existing system by more than 9 seconds. Thus this paper highlights how the existing e-voting system using blockchain is slow and how the proposed system optimizes the time required and makes the system faster.","","979-8-3503-9964-6","10.1109/ICBIR57571.2023.10147663","","https://ieeexplore.ieee.org/stamp/stamp.jsp?arnumber=10147663","evoting;blockchain;PoA;OTP;smart contracts","Casting;Authentication;Consensus algorithm;Robustness;Blockchains;Fraud;Electronic voting","","4","","14","IEEE","19 Jun 2023","18-19 May 2023","18-19 May 2023","IEEE","IEEE Conferences"
"${\sf FedRLChain}$: Secure Federated Deep Reinforcement Learning With Blockchain","S. Chowdhury; A. Mukherjee; R. Halder","Department of Computer Science and Engineering, Indian Institute of Technology Patna, Bihar, Patna, India; Department of Computer Science and Engineering, Indian Institute of Technology Patna, Bihar, Patna, India; Department of Computer Science and Engineering, Indian Institute of Technology Patna, Bihar, Patna, India",IEEE Transactions on Services Computing,"14 Dec 2023","2023","16","6","3865","3878","This article introduces ${\sf FedRLChain}$FedRLChain, a novel framework for blockchain-based secure federated deep reinforcement learning, which allows users to securely and collaboratively train a Deep Reinforcement Learning (DRL) model by plugging appropriate aggregation and verification algorithms for specific problems. Unlike existing systems, ${\sf FedRLChain}$FedRLChain adopts 1) a novel verification algorithm to prevent malicious clients, 2) an aggregation weight scheme from preventing the global model from getting biased toward any client, and 3) a variant of traditional FedAverage algorithm to accelerate the convergence process. We perform a rigorous experimental evaluation of ${\sf FedRLChain}$FedRLChain considering the classic cart-pole problem, and we show a significant improvement in the number of epochs and time required for model convergence w.r.t. the state-of-the-art frameworks – DDQL, BAFFLE, and BASE-PIoT.","1939-1374","","10.1109/TSC.2023.3294063","Meity NIC, Government of India(grant numbers:B-13011/1/2022-Training/3134963); ","https://ieeexplore.ieee.org/stamp/stamp.jsp?arnumber=10179168","Deep reinforcement learning;blockchain technology;federated learning","Blockchains;Reinforcement learning;Deep learning;Data models;Computational modeling;Training;Proposals","","13","","27","IEEE","11 Jul 2023","Nov.-Dec. 2023","","IEEE","IEEE Journals"
"Blockchain-Based Searchable Encryption Scheme With Fair Payment","X. Yan; X. Yuan; Q. Ye; Y. Tang","School of Computer Science and Technology, Henan Polytechnic University, Jiaozuo, China; School of Computer Science and Technology, Henan Polytechnic University, Jiaozuo, China; School of Computer Science and Technology, Henan Polytechnic University, Jiaozuo, China; School of Computer Science and Technology, Henan Polytechnic University, Jiaozuo, China",IEEE Access,"22 Jun 2020","2020","8","","109687","109706","In order to solve the problem that most of the existing blockchain-based searchable encryption schemes only support exact keyword search and mutual distrust between the cloud server and the user, a searchable encryption scheme based on blockchain, that has functions such as file update dynamically, search results verification, fuzzy keyword search, and fair payment, is proposed. We use edit distance to generate the fuzzy keywords set. According to the un-modification characteristic of Ethereum blockchain and the security of the RSA accumulator, our scheme can verify the search results by the smart contract and realize the service-payment fairness between the user and the cloud server. The security analysis shows that the proposed scheme achieves non-adaptive semantic security. Performance analysis and experiment show that our scheme is efficient and meets the demand of search application in the cloud environment.","2169-3536","","10.1109/ACCESS.2020.3002264","National Natural Science Foundation of China(grant numbers:61802117); Project of Henan Provincial Department of Science and Technology(grant numbers:192102210280); Research Foundation of Young Core Instructor in Henan Province(grant numbers:2018GGJS058); Innovative Scientists and Technicians team of Henan Provincial High Education(grant numbers:20IRTSTHN013); ","https://ieeexplore.ieee.org/stamp/stamp.jsp?arnumber=9117012","Ethereum blockchain;fuzzy keyword search;fair payment;searchable encryption","Encryption;Servers;Cloud computing;Keyword search;Blockchain;Search problems","","20","","58","CCBY","15 Jun 2020","2020","","IEEE","IEEE Journals"
"E-Voting System Improvised by Blockchain Technology: A Case Study","S. M. U. Deep; M. M. Hosen; M. Nisa; M. G. Hussain; Y. Shiren","School of Informatics, Zhejiang Sci-Tech University, Hangzhou, China; Department of CSE, Green University of Bangladesh, Dhaka, Bangladesh; Department of CSE, Green University of Bangladesh, Dhaka, Bangladesh; School of Computer Science and Artificial Intelligence, Changzhou University, Changzhou, China; School of Computer Science and Artificial Intelligence, Changzhou University, Changzhou, China","2023 International Conference on Digital Applications, Transformation & Economy (ICDATE)","15 Sep 2023","2023","","","1","5","For a very long time, it has been a difficult task to construct a voting machine system that is both secure and fair, maintaining the confidentiality of the various voting methods that are currently in use while also maintaining the accountability and adaptability of the electrical components. This piece of work presented a procedure for an election in a faraway place that must be secure, deniable, irrevocable, user-friendly, and convenient. As a consequence of this, members of the voting public can vote for their preferred candidate without being required to carry out the procedure in person. Campaigns for the upcoming election will make use of this framework. This system will make use of two different blockchains, both of which will communicate with one another: the Ethereum platform, which is accessible to the general public, and the Quorum blockchain, which is not. The technology of private blockchains will be operated by an autonomous organization. All of these different blockchain technologies send the necessary data to the public blockchain technology, which seems to be able to process a variety of voting data. This framework makes it possible to use encrypted information effectively with the SHA-256 method, thereby protecting both the confidentiality of the information and the knowledge it contains.","","979-8-3503-1068-9","10.1109/ICDATE58146.2023.10248479","","https://ieeexplore.ieee.org/stamp/stamp.jsp?arnumber=10248479","E-Voting;Ethereum;Quorum;ballot;Blockchain Technology;Elections;Security and Privacy","Privacy;Prototypes;Organizations;Forgery;Blockchains;Behavioral sciences;Electronic voting","","","","17","IEEE","15 Sep 2023","14-16 July 2023","14-16 July 2023","IEEE","IEEE Conferences"
"Blockchain-Based Secure Trading of Remote Sensing Images With Privacy-Preserving Retrieval and Zero-Watermarking","B. Wang; X. Yang; J. Wu; P. Yang; R. Meng","Engineering Research Center of Digital Forensics, Ministry of Education, the School of Computer Science, and Jiangsu Collaborative Innovation Center of Atmospheric Environment and Equipment Technology, Nanjing University of Information Science and Technology, Nanjing, China; School of Computer Science, Nanjing University of Information Science and Technology, Nanjing, China; Engineering Research Center of Digital Forensics, Ministry of Education, the School of Computer Science, and Jiangsu Collaborative Innovation Center of Atmospheric Environment and Equipment Technology, Nanjing University of Information Science and Technology, Nanjing, China; School of Computer Science, Nanjing University of Information Science and Technology, Nanjing, China; Engineering Research Center of Digital Forensics, Ministry of Education, the School of Computer Science, and Jiangsu Collaborative Innovation Center of Atmospheric Environment and Equipment Technology, Nanjing University of Information Science and Technology, Nanjing, China",IEEE Transactions on Geoscience and Remote Sensing,"31 Oct 2025","2025","63","","1","12","Remote sensing data, due to its sensitive nature, require secure trading mechanisms to prevent leakage and misuse. While blockchain offers potential for secure transactions, existing systems lack granularity in buyer descriptions and accurate data provision of sellers in pretransaction and fail to ensure posttransaction supervision and copyright protection. To address these limitations, this article presents a blockchain-based secure transaction framework for remote sensing images (RSIs), covering the entire transaction lifecycle. The framework begins by securely encrypting and storing images to ensure data integrity and confidentiality. During transactions, an enhanced product quantization method is applied to enable efficient image retrieval. Combined with searchable symmetric encryption, it ensures privacy preservation, improves accuracy, and safeguards sensitive data. In post-transaction, a novel zero-watermarking approach ensures robust copyright protection by embedding personalized watermarks that fuse stable image features with transaction-specific information, facilitating reliable copyright verification. Experimental results demonstrate that our transaction scheme achieves an average retrieval accuracy exceeding 90%, and the average gas cost is less than 1 00 000, while the constructed zero-watermarking exhibits strong uniqueness and robustness. These findings confirm the scheme’s effectiveness in enabling fine-grained image transactions and reliable copyright protection, supporting a secure and fair trading process.","1558-0644","","10.1109/TGRS.2025.3620860","National Natural Science Foundation of China(grant numbers:62502221,62306149,U22B2062,62402230,61972207); Nanjing Major Science and Technology Special Project(grant numbers:202405002); Jiangsu Basic Research Programs-Natural Science Foundation(grant numbers:BK20240693); Natural Science Research of Jiangsu Higher Education Institutions of China(grant numbers:24KJB520019); Foundation for Introducing Talent of Nanjing University of Information Science and Technology (NUIST)(grant numbers:2023r045); Collaborative Innovation Center of Atmospheric Environment and Equipment Technology (CICAEET) Fund;; Priority Academic Program Development of Jiangsu Higher Education Institutions (PAPD) Fund; ","https://ieeexplore.ieee.org/stamp/stamp.jsp?arnumber=11202572","Blockchain;image retrieval;remote sensing image;zero-watermarking","Remote sensing;Blockchains;Security;Data privacy;Copyright protection;Accuracy;Smart contracts;Privacy;Image retrieval;Earth","","","","55","IEEE","13 Oct 2025","2025","","IEEE","IEEE Journals"
"Proof of Sustainability of Clothing in the Fashion Industry Using Blockchain","Z. Altawil; S. Alwheibi; W. AlKhader; K. Salah; R. Jayaraman; M. J. Zemerly; Z. Aung; J. Antony","Center for Digital Supply Chain and Operations Management, Khalifa University, UAE; Center for Digital Supply Chain and Operations Management, Khalifa University, UAE; Center for Digital Supply Chain and Operations Management, Khalifa University, UAE; Center for Digital Supply Chain and Operations Management, Khalifa University, UAE; Department of Industrial Engineering, New Mexico State University, Las Cruces, NM, USA; Department of Computer Science, Khalifa University, UAE; Department of Computer Science, Khalifa University, UAE; Newcastle Business School, Northumbria University, UK",2025 IEEE Technology and Engineering Management Society Conference - Global (TEMSCON Global),"25 Nov 2025","2025","","","1","6","The fashion supply chain faces significant challenges in achieving transparency, traceability, and more importantly, verification of sustainability claims and practices. This paper shows how blockchain, as an enabling technology, can facilitate and provide a proof of sustainability of clothing items by enabling end-to-end traceability and visibility in the key stages of clothing production, distribution, and sales. Our solution employs a smart contract that automates the management and recording of the sustainability certification process and securely records all key actions on an immutable ledger, ensuring trusted traceability and transparency. The paper outlines the system architecture and implementation of the smart contract, including its underlying algorithms, and validates its functionality through rigorous testing. Security and cost analyses demonstrate that the approach is robust and economically viable. A comparative analysis with existing blockchain-based solutions highlights the unique contributions of our framework. This work demonstrates the potential of blockchain to transform and automate sustainable practices management, mitigate greenwashing, and enhance accountability and transparency in fashion supply chains.","","979-8-3315-4274-0","10.1109/TEMSCONGlobal64363.2025.11238258","","https://ieeexplore.ieee.org/stamp/stamp.jsp?arnumber=11238258","Proof of Sustainability;Certification;Fashion industry;Blockchain;Supply chain","Smart contracts;Supply chains;Clothing;Decentralized applications;Clothing industry;Blockchains;Recording;Security;Sustainable development;Certification","","","","20","IEEE","25 Nov 2025","4-7 Aug. 2025","4-7 Aug. 2025","IEEE","IEEE Conferences"
"A study on using private-permissioned blockchain for securely sharing farmers data","A. Abraham; M. B. Santosh Kumar","Division of Information Technology, Cochin University of Science and Technology, Kerala, India; Division of Information Technology, Cochin University of Science and Technology, Kerala, India",2020 Advanced Computing and Communication Technologies for High Performance Applications (ACCTHPA),"6 Oct 2020","2020","","","103","106","In agriculture, farmers are the most important entity. For supporting farmers in increasing productivity and efficiency, the government offers subsidies, loans, insurances, and so on. This paper explores the usage of Blockchain technology for securing farmer's data in the Indian scenario. The farmer needs to register through the multiple official registration systems for availing different schemes and information provided by the country. The personnel and crop-based details of each farmer are collected at the time of registration. The filing also helps in providing better services to farmers like connecting farmers and traders to ensure a fair price for quality crops, advice to farmers of agricultural practices and location. In this paper, a blockchain-based farmer's data securing system is proposed to provide data provenance and transparency of the information entered in the system. While registering, the data is collected, and it is verified. A single verified record of farmers accessed by various government agriculture departments were designed using the Hyperledger fabric framework.","","978-1-7281-6453-3","10.1109/ACCTHPA49271.2020.9213237","","https://ieeexplore.ieee.org/stamp/stamp.jsp?arnumber=9213237","Farmers data;Private-permissioned blockchain;Hyperledger fabric","Fabrics;Agriculture;Government;Peer-to-peer computing","","12","","25","IEEE","6 Oct 2020","2-4 July 2020","2-4 July 2020","IEEE","IEEE Conferences"
"Blockchain-Aided Flow Insertion and Verification in Software Defined Networks","J. Hu; M. Reed; M. Al-Naday; N. Thomos","School of Computer Science and Electronic Engineering, University of Essex, Colchester, UK; School of Computer Science and Electronic Engineering, University of Essex, Colchester, UK; School of Computer Science and Electronic Engineering, University of Essex, Colchester, UK; School of Computer Science and Electronic Engineering, University of Essex, Colchester, UK",2020 Global Internet of Things Summit (GIoTS),"17 Jun 2020","2020","","","1","6","The Internet of Things (IoT) connected by Software Defined Networking (SDN) promises to bring great benefits to cyber-physical systems. However, the increased attack surface offered by the growing number of connected vulnerable devices and complex nature of SDN control plane applications could overturn the huge benefits of such a system. This paper addresses the vulnerability of some unspecified security flaw in the SDN control plane application (such as a zero-day software vulnerability) which can be exploited to insert malicious flow rules in the switch that do not match network policies. Specifically, we propose a blockchain-as-a-service (BaaS) based framework that supports switch flow verification and insertion; and additionally provides straightforward deployment of blockchain technology within an existing SDN infrastructure. While use of an external BaaS brings straightforward deployment, it obscures knowledge of the blockchain agents who are responsible for flow conformance testing through a smart blockchain contract, leading to potential exploitation. Thus, we design a strategy to prevent the blockchain agents from acting arbitrarily, as this would result in what is termed a “moral hazard”. We achieve this by developing a novel mathematical model of the fair reward scheme based on game theory. To understand the performance of our system, we evaluate our model using a Matlab based simulation framework. The simulation results demonstrate that the proposed algorithm balances the needs of the blockchain agents to maximise the overall social welfare, i.e. the sum of profits across all parties.","","978-1-7281-6728-2","10.1109/GIOTS49054.2020.9119638","","https://ieeexplore.ieee.org/stamp/stamp.jsp?arnumber=9119638","blockchain;SDN;security;IoT;flow verification","Simulation;Software algorithms;Switches;Mathematical models;Software;Blockchains;Internet of Things","","10","","21","IEEE","17 Jun 2020","3-3 June 2020","3-3 June 2020","IEEE","IEEE Conferences"
"Machine Learning on Cloud With Blockchain: A Secure, Verifiable and Fair Approach to Outsource the Linear Regression","H. Zhang; P. Gao; J. Yu; J. Lin; N. N. Xiong","College of Computer Science and Technology, Qingdao University, Qingdao, China; College of Computer Science and Technology, Qingdao University, Qingdao, China; College of Computer Science and Technology, Qingdao University, Qingdao, China; School of Electronic and Information Engineering, Xi'an Jiaotong University, Xi'an, China; Department of Mathematics and Computer Science, Northeastern State University, Tahlequah, OK, USA",IEEE Transactions on Network Science and Engineering,"31 Oct 2022","2022","9","6","3956","3967","Linear Regression (LR) is a classical machine learning algorithm which has many applications in the cyber physical social systems (CPSS) to shape and simplify the way we live, work, and communicate. This paper focuses on the data analysis for CPSS when the Linear Regression is applied. The training process of LR is time-consuming since it involves complex matrix operations, especially when it gets a large scale training dataset In the CPSS. Thus, how to enable devices to efficiently perform the training process of the Linear Regression is of significant importance. To address this issue, in this paper, we present a secure, verifiable and fair approach to outsource LR to an untrustworthy cloud-server. In the proposed scheme, computation inputs/outputs are obscured so that the privacy of sensitive information is protected against cloud-server. Meanwhile, computation result from cloud-server is verifiable. Also, fairness is guaranteed by the blockchain, which ensures that the cloud gets paid only if he correctly performed the outsourced workload. Based on the presented approach, we exploited the fair, secure outsourcing system on the Ethereum blockchain. We analysed our presented scheme on theoretical and experimental, all of which indicate that the presented scheme is valid, secure and efficient.","2327-4697","","10.1109/TNSE.2021.3110101","National Natural Science Foundation of China(grant numbers:62172245,62102212,61572267); Major Scientific and Technological Innovation project of Shandong Province(grant numbers:2020CXGC010114); Key Research and Development Project of Qingdao(grant numbers:21-1-2-21-XX); K. C. Wong Education Foundation; Guangxi Key Laboratory of Cryptography and Information Security(grant numbers:GCIS202101); ","https://ieeexplore.ieee.org/stamp/stamp.jsp?arnumber=9528973","Secure outsourcing;machine learning;data analysis for CPSS;linear regression;blockchain.","Cloud computing;Outsourcing;Blockchains;Linear regression;Smart contracts;Machine learning;Servers;Cyber-physical systems;Social factors","","37","","52","CCBY","3 Sep 2021","1 Nov.-Dec. 2022","","IEEE","IEEE Journals"
"Towards FAIR Data in Distributed Machine Learning Systems","Y. Mou; F. Guo; W. Lu; Y. Li; O. Beyan; T. Rose; S. Dustdar; S. Decker","RWTH Aachen University, Aachen, Germany; Distributed Systems Group, TU Wien, Vienna, Austria; RWTH Aachen University, Aachen, Germany; RWTH Aachen University, Aachen, Germany; Faculty of Medicine, Institute for Biomedical Informatics, University of Cologne, University Hospital Cologne, Cologne, Germany; RWTH Aachen University, Aachen, Germany; Distributed Systems Group, TU Wien, Vienna, Austria; RWTH Aachen University, Aachen, Germany",GLOBECOM 2023 - 2023 IEEE Global Communications Conference,"26 Feb 2024","2023","","","6450","6455","In the era of big data and artificial intelligence, distributed machine learning has emerged as a promising solution to address privacy and security concerns while fostering collaboration between multiple parties. However, with the data increased in terms of volume, velocity, veracity and variety, ensuring effective data management and responsible data sharing in these systems remains a challenge. In this paper, we explore the potential solutions and propose a system architecture that incorporates FAIR data principles (Findable, Accessible, Interoperable, and Reusable) to promote effective and secure collaboration in federated learning. A minimum set of metadata schemes tailored for distributed machine learning and a decentralized authentication and authorization mechanism based on self-sovereign identity and policy-based access control architecture are proposed. To demonstrate the effectiveness of the proposed system, we conduct a FAIRness assessment and evaluate the model performance with a federated learning use case. Our work contributes to the development of an efficient, secure, and collaborative data ecosystem, fostering innovation in artificial intelligence and machine learning.","2576-6813","979-8-3503-1090-0","10.1109/GLOBECOM54140.2023.10437414","German Research Foundation DFG(grant numbers:442326535); ","https://ieeexplore.ieee.org/stamp/stamp.jsp?arnumber=10437414","FAIR data principles;distributed machine learning;federated learning","Authorization;Technological innovation;Federated learning;Ecosystems;Collaboration;Distributed databases;Metadata","","1","","11","IEEE","26 Feb 2024","4-8 Dec. 2023","4-8 Dec. 2023","IEEE","IEEE Conferences"
"Blockchain-Based Traceability Framework for Verifying Sustainable Coffee Production","P. Patra; R. K. Lenka; O. P. Patra; S. k. Singh; S. R. Mallick","Dept. of Computer Science, Central University of Odisha, Koraput, India; Dept. of Computer Science and Engineering, Gandhi Institute of Engineering and Technology University, Gunupur, India; Dept. of Computer Science and Engineering, Gandhi Institute of Engineering and Technology University, Gunupur, India; Department of Computer science, Central University of odisha, Koraput, India; Department of CSE, Symbiosis Institute of Technology, Nagpur Campus, Symbiosis International (Deemed University), Pune, India",2025 IEEE 4th International Conference for Advancement in Technology (ICONAT),"30 Jan 2026","2025","","","1","6","Figuring out if your morning coffee is actually sustainable? Yeah, it's not as easy as it sounds. Coffee supply chains are messy, and the certification labels we rely on can sometimes be… well, less than reliable. That's exactly why there's a real need for something more transparent—something people can actually trust. Farmers are equipped with IoT sensors that keep tabs on things like soil moisture, weather patterns, and what farming techniques are being used. All that data flows straight into a decentralized system, making it visible and secure from end to end. Here's where it gets interesting: the system uses smart contracts to automatically check the collected data against 150 + local sustainability standards. No manual checking, no second-guessing—just fast, automated validation. And the verification process doesn't rest in one person's hands either. It's decentralized: 30 % of the decision-making power goes to farmers, 50 % to certifiers, and 20 % to NGOs. So it's more balanced, more inclusive. A simple scan of a QR code on the package shows them useful stuff like the carbon footprint, if it's fair trade, or whether it's certified organic. During testing—across 1,000 farms—the system cut verification time from 300 milliseconds to just 12. It slashed certification costs by 65 % and got sustainability claims right 98 % of the time. It also solves problems older systems couldn't touch, like reacting to real-time environmental changes or adjusting with the seasons. Compared to existing platforms, this one had 83 % less latency and full IoT support—something other setups only do halfway. This isn't just another tech layer—it's a practical, scalable way to make coffee production transparent, fair, and truly sustainable. And moving forward, there's talk of linking it to legacy certification systems and maybe even adding token-based rewards to keep things moving in the right direction. 77","","979-8-3315-9573-9","10.1109/ICONAT66879.2025.11362442","","https://ieeexplore.ieee.org/stamp/stamp.jsp?arnumber=11362442","Blockchain;smart contract;coffee certification;Traceability;Sustainability;IoT;Agriculture","Weather;Smart contracts;Supply chains;Soil moisture;Production;Real-time systems;Reliability;Sustainable development;Certification;Standards","","","","23","IEEE","30 Jan 2026","19-21 Sept. 2025","19-21 Sept. 2025","IEEE","IEEE Conferences"
"Blockchain-Based Credential Models: Enhancing Verification With Soulbound Tokens","D. M. F. Rehtaliani; A. Alamsyah","School of Economics and Business, Telkom University, Bandung, Indonesia; School of Economics and Business, Telkom University, Bandung, Indonesia",2025 4th International Conference on Electronics Representation and Algorithm (ICERA),"29 Jul 2025","2025","","","36","41","Centralized credential verification relies on institution-controlled databases that lack cross-jurisdiction scalability, expose single points of failure, and are vulnerable to data tampering undermining fair, timely hiring processes. To address these issues, this study proposes a decentralized verification model that binds academic and professional credentials to user-controlled wallets as non-transferable Soulbound Tokens (SBTs), aligned with Ethereum draft EIP4973. Requirements were informed by a focused literature review and semi-structured interviews with experts in academia, human resources, and technology practitioners. The model is formalized through a use-case diagram, actor-role workflow, and modular pseudocode that defines registry, minting, and time-based auto-revocation logic. Sensitive data is stored off-chain via IPFS, while verification logic executes entirely on-chain. Interoperability and privacy are supported through Verifiable Credentials for selective disclosure. Conceptual validation demonstrates how the model supports real-time credential querying and automated revocation without issuer reliance. The contribution is limited to model conceptual, prototype deployment and empirical performance testing are reserved for future research.","","979-8-3315-9582-1","10.1109/ICERA66156.2025.11087269","","https://ieeexplore.ieee.org/stamp/stamp.jsp?arnumber=11087269","blockchain;soulbound token;decentralized credential;verifiable credential;smart contract","Privacy;Scalability;Smart contracts;Prototypes;Metadata;Real-time systems;Blockchains;Logic;Testing;Systematic literature review","","","","23","IEEE","29 Jul 2025","12-12 June 2025","12-12 June 2025","IEEE","IEEE Conferences"
"A Transparent Blockchain-Based College Admissions Platform","L. Khan; B. Thuraisingham; S. M. Halim","Department of Computer Science, The University of Texas at Dallas, Richardson, Texas, USA; Department of Computer Science, The University of Texas at Dallas, Richardson, Texas, USA; Department of Computer Science, The University of Texas at Dallas, Richardson, Texas, USA",2023 IEEE 8th International Conference on Smart Cloud (SmartCloud),"18 Dec 2023","2023","","","116","123","The college admissions process is a very important step in every student's educational journey. Students submit a comprehensive application which is judged holistically by an admissions committee. Given the incredibly important nature of this process, it is crucial to ensure that it is fair to all and free from tampering. However, there has been a lot of unfortunate controversy surrounding admissions. Since admission to a top college is potentially life-changing, individuals often have incentives to behave dishonestly. Further, there have been accusations on the institutions themselves for giving preferences to the wealthy and well-connected applicants. This suggests the need for more transparency and fairness in college admissions. In light of this, we propose that many such concerns can be alleviated by using blockchains. Blockchains are an elegant solution since they naturally guarantee certain properties such as transparency and immunity from tampering. Thus, this paper describes the high level design of a system for an end-to-end college admissions platform which is based on the Blockchain. In particular, we depend heavily on thoughtfully designed smart contracts to process information and will be supported by decentralized data storage as well as a front-end. Our design is collaborative in that we integrate existing solutions for aspects such as certificate verification, to strengthen the transparency credentials of our system.","","979-8-3503-1350-5","10.1109/SmartCloud58862.2023.00029","","https://ieeexplore.ieee.org/stamp/stamp.jsp?arnumber=10349176","Blockchain;Smart Contracts;College Admissions","Smart contracts;Memory;Collaboration;Blockchains","","1","","46","IEEE","18 Dec 2023","16-18 Sept. 2023","16-18 Sept. 2023","IEEE","IEEE Conferences"
"A Blockchain-Based Nonrepudiation Network Computing Service Scheme for Industrial IoT","Y. Xu; J. Ren; G. Wang; C. Zhang; J. Yang; Y. Zhang","School of Computer Science and Engineering, Central South University, Changsha, China; School of Computer Science and Engineering, Central South University, Changsha, China; School of Computer Science and Educational Software, Guangzhou University, Guangzhou, China; School of Computer Science and Engineering, Central South University, Changsha, China; School of Software, Central South University, Changsha, China; School of Computer Science and Engineering, Central South University, Changsha, China",IEEE Transactions on Industrial Informatics,"13 Jun 2019","2019","15","6","3632","3641","Emerging network computing technologies extend the functionalities of industrial IoT (IIoT) terminals. However, this promising service-provisioning scheme encounters problems in untrusted and distributed IIoT scenarios because malicious service providers or clients may deny service provisions or usage for their own interests. Traditional nonrepudiation solutions fade in IIoT environments due to requirements of trusted third parties or unacceptable overheads. Fortunately, the blockchain revolution facilitates innovative solutions. In this paper, we propose a blockchain-based fair nonrepudiation service provisioning scheme for IIoT scenarios in which the blockchain is used as a service publisher and an evidence recorder. Each service is separately delivered via on-chain and off-chain channels with mandatory evidence submissions for nonrepudiation purpose. Moreover, a homomorphic-hash-based service verification method is designed that can function with mere on-chain evidence. And an impartial smart contract is implemented to resolve disputes. The security analysis demonstrates the dependability, and the evaluations reveal the effectiveness and efficiency.","1941-0050","","10.1109/TII.2019.2897133","National Natural Science Foundation of China(grant numbers:61632009,61702562,61472451); 111 Project(grant numbers:B18059); International Science and Technology Cooperation Program of China(grant numbers:2013DFB10070); China Hunan Provincial Science and Technology Program(grant numbers:2012GK4106); Natural Science Foundation of Guangdong Province(grant numbers:2017A030308006); ","https://ieeexplore.ieee.org/stamp/stamp.jsp?arnumber=8633331","Blockchain;homomorphic hash;industrial IoT (IIoT);network computing;nonrepudiation","Blockchain;Smart contracts;Security;Informatics;Computers","","203","","39","IEEE","3 Feb 2019","June 2019","","IEEE","IEEE Journals"
"Blockchain-Based Incentive and Arbitrable Data Auditing Scheme","J. Tian; Q. Song; H. Wang","School of Cyberspace Security and Computer Institute, Hebei University, Baoding, China; School of Cyberspace Security and Computer Institute, Hebei University, Baoding, China; School of Cyberspace Security and Computer Institute, Hebei University, Baoding, China",2022 52nd Annual IEEE/IFIP International Conference on Dependable Systems and Networks Workshops (DSN-W),"26 Jul 2022","2022","","","170","177","The private data possession of proof mechanism is an important means to ensure the security of cloud data. Using the private data possession of proof mechanism may cause disputes between users and cloud storage service providers. There is no credible proof to determine the wrong party, it will affect the public’s confidence in using cloud storage technology. Therefore, this paper designs an incentive and arbitrable data audit protocol based blockchain. This protocol uses the quadratic residue theorem to achieve efficient auditing. The smart contract is introduced as a fair arbitrator, the blockchain is used as a self-recording channel to provide credible proof for the contradiction between users and cloud storage service providers, avoid disputes and realize dispute-free arbitration. A set of reward and punishment measures are designed using power functions to restrain the malicious behavior of untrusted users and cloud storage service providers. Efficiency analysis and experiments show that the proposed scheme has lower computational and communication overhead.","2325-6664","978-1-6654-0262-0","10.1109/DSN-W54100.2022.00036","","https://ieeexplore.ieee.org/stamp/stamp.jsp?arnumber=9833851","Audit;Blockchain;Smart contract;Incentive mechanism","Cloud computing;Power measurement;Conferences;Smart contracts;Communication channels;Blockchains;Behavioral sciences","","2","","28","IEEE","26 Jul 2022","27-30 June 2022","27-30 June 2022","IEEE","IEEE Conferences"
"An Efficient and Secure Trading Framework for Shared Charging Service Based on Multiple Consortium Blockchains","Z. Sun; P. Zhao; C. Wang; X. Zhang; H. Cheng","Zhejiang University of Technology, Hangzhou, China; College of Computer, Zhejiang University of Technology, Hangzhou, China; Zhejiang University of Technology, Hangzhou, China; Computer Science and Technology, Tsinghua University, Beijing, China; Department of Computer Science&Technology, Zhejiang University of Technology, Hangzhou, China",IEEE Transactions on Services Computing,"8 Aug 2023","2023","16","4","2437","2450","While electric vehicles are proliferating rapidly, the number of charging piles is only 1/16 of the number of electric vehicles, showing big tension between small supply of public charging piles and intense charging demand of electric vehicles. To alleviate the tension, it is highly desired to incorporate existing idle private charging piles into a shared charging service. However, existing solutions do not well implement the system due to some non-negligible issues, like poor consensus performance or lack of verification for outputs from blockchain networks. In the article, we propose an efficient and secure trading framework built atop multiple consortium blockchains. It devises a novel node voting mechanism so as to improve consensus efficiency. Meanwhile, it employs a publicly verifiable design based on the $(t,n)$(t,n) Boneh-Lynn-Shacham (BLS) threshold signature technique, so as to enable entities outside the blockchain to verify the consistency between the output results with the valid consensus. Besides these novel system-level designs, it also introduces a fair and robust trading strategy running by smart contracts on the platform. Furthermore, we implemented a proof-of-concept system and conducted extensive experiments. The results show that the overall latency across chains is reduced by about 26% with the node voting mechanism and the transactions fees are comparable to recent popular cross-chain applications.","1939-1374","","10.1109/TSC.2022.3216659","National Natural Science Foundation of China(grant numbers:62072407,61402413); Leading Goose Project Plan(grant numbers:2022C01086,2022C03139); Nature Science Foundation of Zhejiang Province(grant numbers:LY19F020023); ","https://ieeexplore.ieee.org/stamp/stamp.jsp?arnumber=9927377","Cross-chain exchange;shared charging service;consortium blockchain","Blockchains;Internet of Things;Smart contracts;Relays;Peer-to-peer computing;Fault tolerant systems;Fault tolerance","","11","","40","IEEE","25 Oct 2022","1 July-Aug. 2023","","IEEE","IEEE Journals"
"Privacy-Preserving and Fair Crowdsourcing Framework With Fine-Grained Reuse Based on Blockchain","S. Jiang; X. Zhang; J. Chen; J. Li; H. Wu; Y. Liu; Y. Zhou","School of Computer Science, China University of Mining and Technology, Xuzhou, China; School of Computer Science, China University of Mining and Technology, Xuzhou, China; School of Computer Science, China University of Mining and Technology, Xuzhou, China; School of Computer Science, China University of Mining and Technology, Xuzhou, China; Software Engineering Institute, East China Normal University, Shanghai, China; School of Cyber Science and Engineering, Xi’an Jiaotong University, Xi’an, China; School of Computer Science, China University of Mining and Technology, Xuzhou, China",IEEE Transactions on Network and Service Management,"22 Aug 2024","2024","21","4","4061","4075","Crowdsourcing has gained many developments and wide applications in our daily life. Traditional centralized crowdsourcing systems suffer from high management costs and low efficiency. The recent advance in the blockchain technology has enabled the construction of decentralized crowdsourcing systems, which can overcome the limitations of centralized systems and make crowdsourcing solution reuse possible. However, such systems also bring new security and privacy challenges. For instance, transactions on blockchain are publicly visible which can lead to privacy leakage of crowdsourcing users. Moreover, unfair exchange is a critical issue on these platforms. In this paper, we propose a privacy-preserving and fair crowdsourcing framework with fine-grained reuse based on blockchain to meet the security requirements for decentralized crowdsourcing. Specifically, we construct one-address-only (OAO) authentication to ensure the uniqueness of the participant’s address in the crowdsourcing process. Additionally, We design a submit-then-open method with commitments to resist the “free-riding” and “false-reporting” attacks. Thus, fair exchange between entities can be guaranteed. To ensure data confidentiality and fine-grained solution item reuse, we employ pairing-based cryptography to generate an encryption key and ensure flexible authorization reuse. We also adopt stealth authorization techniques to ensure privacy-preserving access authorization during the reuse phase. Finally, security analysis and implementation results have shown that the proposed framework can effectively achieve privacy-preserving and fair crowdsourcing as well as fine-grained crowdsourcing reuse. Specifically, the gas consumption in the reuse phase is reduced by approximately 49% to 81% compared to the normal operation, which significantly improves the efficiency of blockchain applications.","1932-4537","","10.1109/TNSM.2024.3398143","National Natural Science Foundation of China(grant numbers:62101429,62202167); Fundamental Research Funds for the Central Universities of Ministry of Education of China(grant numbers:2020ZDPY0306); Xuzhou Science and Technology Program(grant numbers:kc21044); ","https://ieeexplore.ieee.org/stamp/stamp.jsp?arnumber=10525195","Crowdsourcing;privacy preservation;fine-grained reuse;blockchain","Crowdsourcing;Blockchains;Security;Task analysis;Privacy;Smart contracts;Data privacy","","5","","43","IEEE","8 May 2024","Aug. 2024","","IEEE","IEEE Journals"
"OVD-SaaS: Online Verifiable Data Science as a Service, an Architecture of Microservices for Industrial Artificial-Intelligence Applications: Architecture and Study Cases","J. A. Hernandez; T. Germain; B. Yadoughi; M. Colom","Centre Borelli ENS-Paris Saclay, Paris Saclay University, Gif-sur-Yvette, France; Centre Borelli, ENS-Paris Saclay, Gif-sur-Yvette, France; Centre Borelli, ENS-Paris Saclay, Gif-sur-Yvette, France; Centre Borelli, ENS-Paris Saclay, Gif-sur-Yvette, France",2024 Sixth International Conference on Intelligent Computing in Data Sciences (ICDS),"25 Nov 2024","2024","","","1","9","There is a growing concern about credibility and trustworthiness in results and claims of research in computational data science, and at the same time, difficulty in taking those results to MVP (Minimum viable product) in technology transfer from the laboratory to the industry. Therefore, We present the OVDSaaS prototype, a new platform to manage Data Science Research products (publication, code, data, MVP) that provides reproducibility certification, traceability, provenance, authenticity, legitimacy, reward, FAIR (Findable, Accessible, Interoperable, Reusable) compliance, and valorization to ML/ AI computer scientific research by developing useful online verifiable scientific applications MVP in different industrial domains. To bridge the gap among academia, industry, publishers, and ML/AI technology, we propose an architecture design, methodology, policies, and guidelines for the OVD-SaaS project to advance in reproducibility assessment, persistent identification, validation, and badging of research artifacts results. We present our Scientific Applications case study in the context of reliable scientific research and the validation of results from scientific articles. We describe our experience creating scientific applications and their evolution from simple Demo or non-reproducible artifacts to completely verifiable apps. We analyze common patterns in the creation of scientific applications, discussing the benefits and difficulties encountered that lead to the proposed OVDSaaS features. In this context, four applications were developed for breathing analysis, clinical tumor segmentation, legal assistance, and smart grids, supported in ML/ AI scientific fields such as signal processing, image processing, and NLP. These applications represent end-to-end business solutions cases in the medical, legal, and energy industries. Based on these cases, we performed a reproducibility gap analysis and benchmarking of similar OVDSaaS platforms.","","979-8-3503-5120-0","10.1109/ICDS62089.2024.10756305","","https://ieeexplore.ieee.org/stamp/stamp.jsp?arnumber=10756305","PID;Blockchain;IPFS;reproducibility;credibil-ity;trustworthiness;authenticity;legitimacy;FAIR;accountabil-ity;transparency;BPML","Industries;Law;Prototypes;Microservice architectures;Computer architecture;Data science;Reproducibility of results;Artificial intelligence;Business;Tumors","","","","25","IEEE","25 Nov 2024","23-24 Oct. 2024","23-24 Oct. 2024","IEEE","IEEE Conferences"
"Tornado Vote: Anonymous Blockchain-Based Voting","R. Muth; F. Tschorsch","Technische Universität, Berlin, Germany; Technische Universität, Berlin, Germany",2023 IEEE International Conference on Blockchain and Cryptocurrency (ICBC),"12 Jul 2023","2023","","","1","9","Decentralized apps (DApps) often hold significant cryptocurrency assets. In order to manage these assets and coordinate joint investments, shareholders leverage the underlying smart contract functionality to realize a transparent, verifiable, and secure decision-making process. That is, DApps implement proposal-based voting. Permissionless blockchains, however, lead to a conflict between transparency and anonymity; potentially preventing free decision-making if individual votes and intermediate results become public. In this paper, we therefore present Tornado Vote, a voting DApp for anonymous, fair, and practical voting on the Ethereum blockchain. We propose to use a cryptocurrency mixer such as Tornado Cash to reconcile transparency and anonymity. To this end, we adapt Tornado Cash and develop a voting protocol that implements a fair voting process. While Tornado Vote can technically process 10 k votes on Ethereum in approximately two hours, this is not feasible under realistic conditions: Third-party transactions on the Ethereum Mainnet reduce the possible throughput, and transaction fees make it infeasible to use all available block capacities. We therefore present various Gas cost models that yield lower bounds and economic estimations with respect to the required number of blocks and voting costs to assess and adjust Tornado Vote's feasibility trade-off.","2832-8906","979-8-3503-1019-1","10.1109/ICBC56567.2023.10174889","","https://ieeexplore.ieee.org/stamp/stamp.jsp?arnumber=10174889","anonymous voting;decentralized applications;smart contracts","Costs;Biological system modeling;Decision making;Smart contracts;Decentralized applications;Throughput;Tornadoes","","3","","34","IEEE","12 Jul 2023","1-5 May 2023","1-5 May 2023","IEEE","IEEE Conferences"
"Toward Trustworthy AI: Blockchain-Based Architecture Design for Accountability and Fairness of Federated Learning Systems","S. K. Lo; Y. Liu; Q. Lu; C. Wang; X. Xu; H. -Y. Paik; L. Zhu","Data61, CSIRO, Sydney, NSW, Australia; Data61, CSIRO, Sydney, NSW, Australia; Data61, CSIRO, Sydney, NSW, Australia; Data61, CSIRO, Sydney, NSW, Australia; Data61, CSIRO, Sydney, NSW, Australia; School of Computer Science and Engineering, University of New South Wales, Sydney, NSW, Australia; Data61, CSIRO, Sydney, NSW, Australia",IEEE Internet of Things Journal,"6 Feb 2023","2023","10","4","3276","3284","Federated learning is an emerging privacy-preserving AI technique where clients (i.e., organizations or devices) train models locally and formulate a global model based on the local model updates without transferring local data externally. However, federated learning systems struggle to achieve trustworthiness and embody responsible AI principles. In particular, federated learning systems face accountability and fairness challenges due to multistakeholder involvement and heterogeneity in client data distribution. To enhance the accountability and fairness of federated learning systems, we present a blockchain-based trustworthy federated learning architecture. We first design a smart contract-based data-model provenance registry to enable accountability. Additionally, we propose a weighted fair data sampler algorithm to enhance fairness in training data. We evaluate the proposed approach using a COVID-19 X-ray detection use case. The evaluation results show that the approach is feasible to enable accountability and improve fairness. The proposed algorithm can achieve better performance than the default federated learning setting in terms of the model’s generalization and accuracy.","2327-4662","","10.1109/JIOT.2022.3144450","","https://ieeexplore.ieee.org/stamp/stamp.jsp?arnumber=9686048","Accountability;AI;blockchain;fairness;federated learning;machine learning;responsible AI;smart contract","Data models;Collaborative work;Training;Blockchains;Servers;Databases;Artificial intelligence","","106","","33","IEEE","19 Jan 2022","15 Feb.15, 2023","","IEEE","IEEE Journals"
"The Design of Reputation System for Blockchain-based Federated Learning","X. Chen; T. Wang; S. Zhang","Department of Electronic and Information Engineering, Shenzhen University, Shenzhen, China; Department of Electronic and Information Engineering, Shenzhen University, Shenzhen, China; Department of Electronic and Information Engineering, Shenzhen University, Shenzhen, China",2021 International Conference on Artificial Intelligence and Blockchain Technology (AIBT),"4 Feb 2022","2021","","","114","120","Federated learning (FL) is a new solution to fulfill machine learning (ML) in a decentralized manner. In FL, a group of participants train their local models using their private data, and then upload the locally trained models to a central server that completes the model aggregation process. Compared with the traditional ML that needs to upload private data of the participants to a server for a centralized training, FL protects the data privacy of participants. However, the existing FL has several drawbacks: FL relies to a large extent on a single central server that takes the risk of single point of failure; it lacks a fair and effective reward system to prevent malicious participants from damage the learning process. To overcome these drawbacks, this paper proposes a new FL system based on blockchain (BC). With BC, we introduce a voting-based reputation mechanism to guarantee that the locally trained models from effective FL participants (other than malicious FL participants) can be selected to improve the efficiency of model aggregation. Besides that, we combine the reputation system with a reward mechanism to dynamically adjust the reward shares that can be fairly allocated to the participants. This can attract more FL participants to participate in the learning process, so that the system can run stably for a long time. The experimental results show that our system can achieve more efficient FL learning and can also defend against malicious attacks to a certain extent.","","978-1-6654-3267-2","10.1109/AIBT53261.2021.00026","","https://ieeexplore.ieee.org/stamp/stamp.jsp?arnumber=9694014","federated learning;blockchain;reputation system;voting-based mechanism","Training;Data privacy;Machine learning;Collaborative work;Data models;Blockchains;Servers","","1","","26","IEEE","4 Feb 2022","4-6 Dec. 2021","4-6 Dec. 2021","IEEE","IEEE Conferences"
"A Reliable E-commerce Business Model Using Blockchain Based Product Grading System","C. -N. Yang; Y. -C. Chen; S. -Y. Chen; S. -Y. Wu","Dept. of Computer Science & Information Engineering, National Dong Hwa University, Hualien, Taiwan; Dept. of Computer Science & Information Engineering, National Dong Hwa University, Hualien, Taiwan; Dept. of Computer Science & Information Engineering, National Dong Hwa University, Hualien, Taiwan; Dept. of Computer Science & Information Engineering, National Dong Hwa University, Hualien, Taiwan",2019 IEEE 4th International Conference on Big Data Analytics (ICBDA),"13 May 2019","2019","","","341","344","The first step in online shopping is, apparently, to choose a reliable supplier. However, consumers and merchants may have different perceptions of product quality, and this may result in business disputes. The dispute about buying inferior goods may be caused from simple product photos or merchants make over the top claims about their products. This dispute problem cannot be resolved completely, even though customers choose reputable e-commerce companies, e.g., Amazon.com and Alibaba.com. In the final analysis, the cause is that e-commerce companies do not adopt quality rating to evaluate products. If there is an alliance, among e-commerce companies and trusted organizations, which establishes credible product grading system (PGS), online shoppers may buy genuine product at a fair price from this e-commerce alliance. In this paper, we propose blockchain based PGS (BPGS) to deal with big data for this business model. The blockchain is a decentralized technology, and thus we can speed up the verification of product grading. In addition, for the proposed BPGS, 51% of attacks cannot be completed unless 51% of merchants and e-commerce companies in this alliance are simultaneously compromised. Therefore, our ecommerce environment based on BPGS is not only reliable but also secure.","","978-1-7281-1282-4","10.1109/ICBDA.2019.8713204","","https://ieeexplore.ieee.org/stamp/stamp.jsp?arnumber=8713204","e-commerce;product grading system;blockchain;smart contract","Blockchain;Smart contracts;Companies;Peer-to-peer computing;Electronic commerce","","17","","15","IEEE","13 May 2019","15-18 March 2019","15-18 March 2019","IEEE","IEEE Conferences"
"Fair Protocols for Verifiable Computations Using Bitcoin and Ethereum","M. R. Dorsala; V. N. Sastry; S. chapram","Institute for Development and Research in Banking, Hyderabad, Telangana, IN; Institute for Development and Research in Banking Technology, Hyderabad, India; National Institute of Technology Calicut, Calicut, Kerala, IN",2018 IEEE 11th International Conference on Cloud Computing (CLOUD),"11 Sep 2018","2018","","","786","793","Outsourcing a computation has been a major research area in cryptography. A delegator D outsources a computation to a worker W, who expects to get paid in return for delivering correct outputs. The delegator has to verify the output returned, to guard against malicious or malfunctioning worker. The worker may not trust the delegator to pay for computations performed by him. Blockchain systems like Bitcoin and Ethereum offer public verifiability of transactions generated in their networks. These transactions are of the form of a set of opcodes in Bitcoins or initiate execution of a contract in Ethereum, thus offering execution of small programs publicly. A fair protocol for verifiable computation between two parties $D$ and $W$ must provide the following guarantee: (1) Fast verification: The work performed to verify the correctness of output of a function is less than the work performed to compute function. (2) Pay to learn output: W obtains pay from D iff D received the correct output of the computation from W. In this work, we design two ideal functionalities $\mathcal{F}_{CRR}^{\ast}$ for single worker case and $\mathcal{F}_{CCRR}^{\ast}$ for multiple workers case. Existing methods do not allow Mutual revocation of deposit transaction which reduces the cost of script execution. Our ideal functionalities offer mutual revocation of the deposit transaction made by D. We show the realization of our ideal functionality $\mathcal{F}_{CRR}^{\ast}$ in Bitcoin, and we also discuss fair protocols for verifiable computations of GCD of two large numbers and optimization problems. As our final work, we show a fair protocol for proof-based verifiable computing schemes.","2159-6190","978-1-5386-7235-8","10.1109/CLOUD.2018.00107","","https://ieeexplore.ieee.org/stamp/stamp.jsp?arnumber=8457876","blockchain;bitcoin;Ethereum;verifiable computing","Protocols;Bitcoin;Contracts;Cloud computing;Outsourcing","","14","","29","IEEE","11 Sep 2018","2-7 July 2018","2-7 July 2018","IEEE","IEEE Conferences"
"EFSC: an Efficient, Flexible and Secure Trading System for Computing Power Network","Q. Lin; L. Liu; H. Zhu; H. Tong; C. Zhang","Inspur Electronic Information Industry Co., Ltd., Beijing, China; Inspur Electronic Information Industry Co., Ltd., Beijing, China; Inspur Electronic Information Industry Co., Ltd., Beijing, China; Inspur Electronic Information Industry Co., Ltd., Beijing, China; Inspur Electronic Information Industry Co., Ltd., Beijing, China",2024 IEEE 49th Conference on Local Computer Networks (LCN),"9 Sep 2024","2024","","","1","7","With the escalating demand for computing power driven by the advancements in deep learning and artificial intelligence (AI), the computing power networks serve as critical infrastructure nowadays. Recently, the emerging blockchain enhanced computing power networks has showed appealing advantages of fair and reliable resource allocation, adaptive and flexible management on heterogeneous computing power network, transparent and trustworthy transactions, thereby alleviating the drawbacks of traditional computing infrastructure. Yet, the efficiency and security concerns associated with blockchain-based transactions are neglected when it is applied to computing power trading scenario. To address these issues, in this paper, we introduces the EFSC (Efficient, Flexible, Secure Computing-power-trading) system, a blockchain and smart contracts-based solution aimed at enhancing the efficiency and security of computing power trading. By leveraging a hybrid mechanism that combines on-chain and off-chain methods and utilizing off-chain transaction channels, the EFSC system achieves high throughput transaction processing while also supporting adjustable on-chain policies. Furthermore, transaction data templates based on the Verifiable Credentials (VC) data model enable flexible computing power transaction patterns, allowing providers to define and register configurable transaction initiation and settlement credential templates. To address transaction security concerns, the system leverages Decentralized Identifiers (DID) for off-chain channel access authentication and utilizes DID and VC mechanisms to facilitate transaction initiation and settlement processing, thereby enhancing the credibility and authenticity of transaction data. The experimental results and analysis demonstrate the effectiveness of proposed system.","2832-1421","979-8-3503-8800-8","10.1109/LCN60385.2024.10639684","","https://ieeexplore.ieee.org/stamp/stamp.jsp?arnumber=10639684","Blockchain;smart contract;computing power network;transaction efficiency;transaction flexibility;security","Deep learning;Throughput;Power markets;Heterogeneous networks;Blockchains;Registers;Security","","","","24","IEEE","9 Sep 2024","8-10 Oct. 2024","8-10 Oct. 2024","IEEE","IEEE Conferences"
"Trustworthy Cloud Storage Data Protection based on Blockchain Technology","J. C. Bel D; E. C; Z. S. G. B; T. D; D. D; A. T. P","Department of Artificial Intelligence and Data Science, Sri Sairam Engineering College, Chennai, India; Department of Artificial Intelligence and Data Science, Sri Sairam Engineering College, Chennai, India; Department of Artificial Intelligence and Data Science, Sri Sairam Engineering College, Chennai, India; Department of Artificial Intelligence and Data Science, Sri Sairam Engineering College, Chennai, India; Department of Information Technology, Velammal Institute of Technology, Panchetti, Chennai, India; Department of CSE, R.M.K College of Engineering and Technology, Chennai, India",2022 International Conference on Edge Computing and Applications (ICECAA),"8 Nov 2022","2022","","","538","543","A cloud-based repository is the most popular option for individuals and businesses to share data digitally. To move and store the data, conventional cloud hosting has come to rely on big storage providers functioning as reliable intermediaries. Although cloud providers offer robust security measures, rising usage and demand have made these centralized platforms prime targets for security breaches and hackers. This research study proposes a blockchain-based public key cryptosystem data protection scheme to address the problem. All of the data is automatically encrypted using the homomorphic technique. The ciphertext index Ci is created via a public key accessible crypto technique and set aside in the blockchain. At the same time, confidential information is protected and published in a cloud storage server. A reliable verification cloud server is used to access and manage data across users. The blockchain automatically syncs data transactions, which is more equitable to protect the confidentiality and integrity of the shared data process. In the case of numerous users, the integration of distributed ledger technology and a dedicated cloud verification server makes it easier to implement a fair and reliable access control system. Finally, the authentication process and performance evaluation demonstrate the schemes ensure the efficiency.","","978-1-6654-8232-5","10.1109/ICECAA55415.2022.9936299","","https://ieeexplore.ieee.org/stamp/stamp.jsp?arnumber=9936299","Data Protection;Blockchain;Privacy Protection;Public Encryption;Cloud","Access control;Performance evaluation;Cloud computing;Redundancy;Process control;Data protection;Blockchains","","19","","20","IEEE","8 Nov 2022","13-15 Oct. 2022","13-15 Oct. 2022","IEEE","IEEE Conferences"
"Semantic Blockchain Software Tools and Services for Trustworthy Applications - ONTOCHAIN","K. Shkembi; P. Kochovski; T. G. Papaioannou; C. Barelle; A. Simonet-Boulogne; M. Ciaramella; V. Stankovski","University of Ljubljana, Ljubljana, Slovenia; Athens University of Economics and Business, Athens, Greece; European Dynamics Luxembourg; iExec SARL, Lyon, France; IntelliSemantic srl, Rivoli, Italy; University of Ljubljana, Ljubljana, Slovenia; University of Ljubljana, Ljubljana, Slovenia",2023 International Conference on Computational Science and Computational Intelligence (CSCI),"19 Jul 2024","2023","","","1598","1602","In the last years, we have seen the rise of Blockchain technology as a new way that enables trust and fair exchange of digital and physical assets among different actors, however, its usability in software engineering remains unexplored. In this context, various stakeholders have expressed interest in combining Blockchain technology with other well-known technologies such as the Semantic Web. Blockchain and Semantic Web technologies are both about building trust, and both represent some shared conceptualization. Hence, we explore new approaches to achieving trust in highly decentralized, semantically complex, and dynamic environments. In this paper, we propose a new software framework called ONTOCHAIN, a set of ontologies, blockchains, tools, and services that combine semantic web and blockchain technologies and may be used to build trustworthy decentralized applications (dApps). It addresses challenges faced by citizens in online services, such as unknown provenance of information, service provider quality, fake news, fraud, and privacy violations. ONTOCHAIN offers high-level application protocols for data provenance, reputation models, decentralized oracles, and more. It also includes core protocols for authorization, certification, privacy-aware data processing, and identity management. We demonstrate the feasibility of implementing Next Generation Internet dApps using these protocols, enhancing trust and security in online services.","2769-5654","979-8-3503-6151-3","10.1109/CSCI62032.2023.00264","","https://ieeexplore.ieee.org/stamp/stamp.jsp?arnumber=10590600","trust;service exchange;content handling;dApps","Semantic Web;Protocols;Semantics;Computer architecture;Decentralized applications;Blockchains;Stakeholders","","","","14","IEEE","19 Jul 2024","13-15 Dec. 2023","13-15 Dec. 2023","IEEE","IEEE Conferences"
"AIIP-Chain: Fair Copyright Sharing With Credible Ownership Verification in AI Model Trading","Y. Fan; J. Wu","Graduate School of Information, Production and Systems, Waseda University, Fukuoka, Japan; Graduate School of Information, Production and Systems, Waseda University, Fukuoka, Japan",IEEE Transactions on Dependable and Secure Computing,"","2025","PP","99","1","16","The intellectual property (IP) rights of artificial intelligence (AI) models are the prerequisite for the flourishing machine learning as a service (MLaaS) market. Recently, studies on AI model copyright protection have been burgeoning, but still face challenges. On the one hand, current AI model copyright sharing is unfair. Collaborative MLaaS nodes that contribute more training resources usually cannot gain proportional copyright benefits, severely dampening their enthusiasm for participating in AI model trading. On the other hand, untrustworthy third-party verifiers may act erroneously or unreliably when handling AI model ownership disputes, which greatly diminishes the credibility of the verification results. To address the above challenges, we propose AIIP-Chain, a fair AI model copyright sharing with credible ownership verification framework. First, we design a contribution-aware training effort evaluation scheme to ensure the fairness of copyright sharing, in which MLaaS nodes obtain copyright shares according to their consumed training resources. Moreover, to enhance the trustworthiness of the verification results, we propose a crowdsourcing credible AI model ownership verification scheme that balances node motivation, verification cost, and node reputation. Finally, we evaluate the fairness and credibility of AIIP-Chain and the results demonstrate the effectiveness of our schemes.","1941-0018","","10.1109/TDSC.2025.3631447","","https://ieeexplore.ieee.org/stamp/stamp.jsp?arnumber=11239438","Contribution evaluation;crowdsourcing;intellectual property (IP);machine learning as a service;ownership verification","Artificial intelligence;Training;Watermarking;Smart contracts;Fingerprint recognition;Costs;Protection;Intellectual property;Feature extraction;Crowdsourcing","","","","","IEEE","11 Nov 2025","","","IEEE","IEEE Early Access Articles"
"Blockchain-Based Fair and Secure Electronic Double Auction Protocol","L. Liu; M. Du; X. Ma",Tongji University; Tongji University; Tongji University,IEEE Intelligent Systems,"1 Jul 2020","2020","35","3","31","40","Double auction is an auction in which multiple buyers and sellers looking for a price where supply and demand balance. Since the electronic double auction based on secure multiparty computation (DABSMPC) cannot guarantee its fairness, we propose a blockchain-based fair and secure electronic double auction protocol (BFSDA). BFSDA modifies the data input and distribution mechanism of participants in DABSMPC, which improves the security of the protocol. Then, the BFSDA introduces and improves the blockchain-based fair and secure multiparty computation protocol (BFSMPC) to ensure fairness while increasing the success rate of secret recovery. In addition, BFSDA uses a fairer and more efficient protocol for secure two-party comparing to obtain the final marketing clearing price. The schema analysis result of BFSDA shows that: first, the private input data will not be revealed as long as data owner is not compromised, second, honest participants can get the result or economic compensation, and third, participants only need to pay the deposit once and a large amount of complicated verification operations are carried out off the chain, which ensures the efficiency of the protocol.","1941-1294","","10.1109/MIS.2020.2977896","","https://ieeexplore.ieee.org/stamp/stamp.jsp?arnumber=9023365","Blockchain;distributed systems;secure multi-party computation;distributed commercial transactions","Supply and demand;Consumer electronics;Cryptography;Security;Blockchain","","18","","11","IEEE","3 Mar 2020","1 May-June 2020","","IEEE","IEEE Magazines"
"Blockchain-Based Key Aggregation for Searchable Encryption in the IOMT","P. Kang; R. Guo; L. Mao; Y. Yan","National Engineering Research Center for Secured Wireless, Xi'an University of Posts and Telecommunications, Xi'an, China; National Engineering Research Center for Secured Wireless, Xi'an University of Posts and Telecommunications, Xi'an, China; National Engineering Research Center for Secured Wireless, Xi'an University of Posts and Telecommunications, Xi'an, China; National Engineering Research Center for Secured Wireless, Xi'an University of Posts and Telecommunications, Xi'an, China",2025 7th International Conference on Natural Language Processing (ICNLP),"19 Aug 2025","2025","","","222","227","The extensive use of Internet of Medical Things (IoMT) devices has greatly broadened both the range and volume of data gathered, driving the rapid emergence of smart healthcare and personalized medicine. Through wearable medical devices, users can collect and share personal health data in real time. However, if these sensitive health data are leaked or misused, they can severely impact users' privacy and quality of life. To address the challenges faced by current health data sharing, this paper introduces a blockchain-based scheme for key aggregate searchable encryption. The proposed scheme leverages key aggregate searchable encryption technology to not only achieve efficient ciphertext data search but also solve key management and transmission problems. Furthermore, by utilizing blockchain and smart contract technology, the scheme supports public verification and fair payment features. The decentralized and distributed architecture of IPFS is used to reduce the risk of single-point failure, enhance system reliability, reduce network latency and bandwidth requirements, and improve real-time data processing efficiency and user experience. Finally, this paper concludes with security analysis and simulations, demonstrating that the scheme supports secure and adaptable health data sharing.","","979-8-3315-2187-5","10.1109/ICNLP65360.2025.11108532","","https://ieeexplore.ieee.org/stamp/stamp.jsp?arnumber=11108532","Internet of Medical Things (IoMT);Key Aggregation;Searchable Encryption;Blockchain;IPFS","Data privacy;Smart contracts;Internet of Medical Things;Search problems;Data processing;User experience;Real-time systems;Encryption;Blockchains;Reliability","","","","24","IEEE","19 Aug 2025","21-23 March 2025","21-23 March 2025","IEEE","IEEE Conferences"
"Blockchain-Driven Framework for Enhancing the Voting System","K. Meenakshi; D. Mothukuri; R. Pothuganti; S. Perabathini","Dept.of ECE, GRIET, Hyderabad, India; Dept.of ECE, GRIET, Hyderabad, India; Dept.of ECE, GRIET, Hyderabad, India; Dept.of ECE, GRIET, Hyderabad, India",2025 Global Conference in Emerging Technology (GINOTECH),"17 Jul 2025","2025","","","1","6","Ensuring free, fair, and unbiased elections is essential for any democratic system. Traditional ballot-based voting methods face issues with voter fraud, manipulation, lack of transparency, and logistical inefficiencies. The decentralized blockchain approach proposed in this study addresses these issues by enhancing security and revolutionizing the voting procedure. The proposed model utilizes the SHA-256 hashing algorithm and Proof Of Work (PoW) consensus mechanism, incorporating immutability, transparency, and decentralization, to enhance its effectiveness. The vote is cast on a web-based application and each vote is recorded as a transaction. Facial recognition is used for voter verification. SHA-256 hashes the voting data and stores it securely on the blockchain. The Proof of Work (PoW) mechanism validates the data, ensures that only legitimate votes are added to the blockchain, and maintains the system’s integrity and transparency.","","979-8-3315-0775-6","10.1109/GINOTECH63460.2025.11077025","","https://ieeexplore.ieee.org/stamp/stamp.jsp?arnumber=11077025","Blockchain;Immutability;Proof of Work;SHA256;Voter authentication","Face recognition;Voting;Authentication;Proof of Work;Fraud;Consensus protocol;Security","","","","12","IEEE","17 Jul 2025","9-11 May 2025","9-11 May 2025","IEEE","IEEE Conferences"
"Unmanned Aerial Vehicles Traffic Management Solution Using Crowd-Sensing and Blockchain","R. Alkadi; A. Shoufan","C2PS, Khalifa University, Abu Dhabi, UAE; C2PS, Khalifa University, Abu Dhabi, UAE",IEEE Transactions on Network and Service Management,"10 Mar 2023","2023","20","1","201","215","Unmanned aerial vehicles are gaining immense attention in diverse commercial and civil applications. However, adopting this technology will rely on management services that support safe operation. UAV traffic management systems (UTM) aim to facilitate safe, efficient, and fair access to the low-altitude airspace. However, these systems are centralized and lack protocols for secure interaction between the system agents such as authorities, service providers, and end-users. Another limitation of proposed UTM architectures is the absence of efficient mechanisms to enforce airspace rules and regulations. To address these issues, we present a decentralized UTM protocol that controls access to airspace and ensures the security objectives of confidentiality, integrity, and availability. For this purpose, we exploit features of the blockchain and smart-contract technologies. In addition, we employ a mobile crowdsensing technique to seamlessly enforce airspace rules and regulations that govern UAV operations. The solution is implemented on top of the Ethereum platform and evaluated using four different tools for smart-contract verification. We also provide security and performance analysis of the solution. For reproducibility, we made our implementation publicly available on Github.","1932-4537","","10.1109/TNSM.2022.3201817","Center for Cyber-physical Systems at Khalifa University; ","https://ieeexplore.ieee.org/stamp/stamp.jsp?arnumber=9868084","UAV;remote ID;UTM;blockchain;crowdsensing","Drones;Autonomous aerial vehicles;Security;Regulation;Blockchains;Receivers;Surveillance","","45","","53","IEEE","26 Aug 2022","March 2023","","IEEE","IEEE Journals"
"BOSSA: A Decentralized System for Proofs of Data Retrievability and Replication","D. Chen; H. Yuan; S. Hu; Q. Wang; C. Wang","Key Laboratory of Aerospace Information Security and Trusted Computing, Ministry of Education, School of Cyber Science and Engineering, Wuhan University, Wuhan, Hubei, China; School of Computer Science, Wuhan University, Wuhan, Hubei, China; School of Cyber Science and Engineering, Huazhong University of Science and Technology, Wuhan, Hubei, China; Key Laboratory of Aerospace Information Security and Trusted Computing, Ministry of Education, School of Cyber Science and Engineering, Wuhan University, Wuhan, Hubei, China; Department of Computer Science, City University of Hong Kong, Hong Kong",IEEE Transactions on Parallel and Distributed Systems,"12 Nov 2020","2021","32","4","786","798","Proofs of retrievability and proofs of replication are two cryptographic tools that enable a remote server to prove that the users' data has been correctly stored. Nevertheless, the literature either requires the users themselves to perform expensive verification jobs, or relies on a “fully trustworthy” third party auditor (TPA) to execute the public verification. In addition, none of existing solutions consider the underlying incentive issues behind a rational server who is motivated to collect users' data but tries to evade the replication checking in order to save storage resources. In this article, we propose the first decentralized system for proofs of data retrievability and replication-BOSSA, which is incentive-compatible for each party and realizes automated auditing atop off-the-shelf blockchain platforms. We deal with issues such as proof enforcements to catch malicious behaviors, new metrics to measure the contributions, and reward distributions to create a fair reciprocal environment. BOSSA also incorporates privacy-enhancing techniques to prevent decentralized peers (including blockchain nodes) from inferring private information about the outsourced data. Security analysis is presented in the context of integrity, privacy, and reliability. We implement a prototype based on BOSSA leveraging the smart contracts of Ethereum blockchain. Our extensive experimental evaluations demonstrate the practicality of our proposal.","1558-2183","","10.1109/TPDS.2020.3030063","National Key Research and Development Program of China(grant numbers:2020YFB1005500); National Natural Science Foundation of China(grant numbers:61822207,U1636219); Outstanding Youth Foundation of Hubei Province(grant numbers:2017CFA047); Fundamental Research Funds for the Central Universities(grant numbers:2042019kf0210); Research Grants Council of Hong Kong(grant numbers:CityU 11212717,CityU 11217819); Innovation and Technology Commission of Hong Kong(grant numbers:ITS/145/19); Fundamental Research Funds for the Central Universities(grant numbers:2020kfyXJJS075); ","https://ieeexplore.ieee.org/stamp/stamp.jsp?arnumber=9220842","Proofs of retrievability;proofs of replication;decentralized system;blockchain","Blockchain;Cryptography;Servers;Reliability;Peer-to-peer computing;Smart contracts","","41","","52","IEEE","12 Oct 2020","1 April 2021","","IEEE","IEEE Journals"
"Enhancing Transparency in Coffee Certification Using Blockchain Technology","P. Patra; R. K. Lenka; S. R. Mallick; O. P. Patra","Department of Computer Science, Central University of Odisha, Koraput, India; Department of CS, Central University of Odisha, Koraput, India; Department of CSE, Symbiosis Institute of Technology, Nagpur Campus Symbiosis International (Deemed University), Pune, India; School of Engineering, Gandhi Institute Of Engineering And Technology, Gunupur, India","2025 International Conference on Information, Implementation, and Innovation in Technology (I2ITCON)","4 Nov 2025","2025","","","1","7","The coffee industry, which itself is a vital agricultural sector, comes with significant challenges in establishing trustworthiness, sustainable procurement, and long-term viability. The existing traditional certification system is designed to promote fair trade and sustainable resource governance. Often, it suffers from inefficiencies, fraud risks, and a lack of real-time traceability, which results in weakened stakeholder confidence. The blockchain technology offers a transformative solution by creating a tamper-proof, decentralized ledger for ensuring transparency in coffee certification. By interoperating blockchain technology with smart contracts, IOT sensors, and QR code verification. This paper introduces a rigorous framework to enhance transparency and reinforce accountability. Through smart contracts, compliance is automatically enforced, ensuring consistent alignment with sustainability criteria autonomously. Through the IoT technology, essential agricultural parameters, including soil condition, humidity, and logistic variables, are monitored and stream real-time data to an immutable blockchain ledger. Through scannable QR codes, consumers can instantly verify a coffee's journey from farm to cup, including geographical origin, harvest timeline, and certified credentials. In this paper, we propose a framework that targets three major industry issues, such as preventing certification fraud, streamlining administrative processes, and enabling a direct market linkage for small agricultural producers. The system further responds to increasing consumer demand for ethical sourcing by generating immutable proof of sustainability and equitable trade practices. Despite persistent hurdles in technology adoption and scaling, the model proves blockchain's transformative potential for coffee certification by enhancing trust, operational efficiency, and sustainable practices across the global supply chain.","","979-8-3315-3482-0","10.1109/I2ITCON65200.2025.11210748","","https://ieeexplore.ieee.org/stamp/stamp.jsp?arnumber=11210748","Blockchain;smart contract;coffee certification;Traceability;Sustainability;IoT;Agriculture","Technological innovation;Smart contracts;Supply chains;QR codes;Real-time systems;Blockchains;Fraud;Stakeholders;Sustainable development;Certification","","","","19","IEEE","4 Nov 2025","4-5 July 2025","4-5 July 2025","IEEE","IEEE Conferences"
"A Blockchain-Based Solution for Mitigating Overproduction and Underconsumption of Medical Supplies","D. Hawashin; K. Salah; R. Jayaraman; I. Yaqoob; A. Musamih","Department of Industrial and Systems Engineering, Khalifa University of Science and Technology, Abu Dhabi, UAE; Department of Electrical Engineering and Computer Science, Khalifa University of Science and Technology, Abu Dhabi, UAE; Department of Industrial and Systems Engineering, Khalifa University of Science and Technology, Abu Dhabi, UAE; Department of Electrical Engineering and Computer Science, Khalifa University of Science and Technology, Abu Dhabi, UAE; Department of Industrial and Systems Engineering, Khalifa University of Science and Technology, Abu Dhabi, UAE",IEEE Access,"13 Jul 2022","2022","10","","71669","71682","Billions of dollars lost has been recorded over the past decade due to the overproduction and underconsumption of medical supplies. The overproducation and underconsumption are usually due to the lack of accountability, transparency, traceability, audit, assessment, security, and trust features in the current healthcare supply chain systems. It is required to ensure that everyone is getting a fair share of medical supplies without unnecessary waste. In this paper, we propose a blockchain-based solution that ensures the commitment and accountability of all participants to prevent them from producing any unnecessary waste. We introduce five phases, such as registration, commitment, production, delivery, and consumption, to perform the waste assessment accurately and fairly. We develop four smart contracts that ensure data provenance, transparency, security, and accountability while recording all actions on an immutable ledger automatically. We utilize offchain decentralized storage to deal with the large data problem. We present five algorithms and discuss each phase of the proposed solution, along with their full implementation, testing, and validation details. We conduct the security analysis to ensure that our smart contracts are secure enough and they do not have vulnerabilities and flaws. The smart contracts code is made publicly available on GitHub.","2169-3536","","10.1109/ACCESS.2022.3188778","Khalifa University of Science and Technology(grant numbers:CIRA-2019-001); ","https://ieeexplore.ieee.org/stamp/stamp.jsp?arnumber=9815863","Medical supply;medical waste;commitment;waste accountability;traceability;blockchain;Ethereum;smart contracts","Supply chains;Medical services;Smart contracts;Hospitals;Blockchains;COVID-19;Production","","17","","24","CCBY","6 Jul 2022","2022","","IEEE","IEEE Journals"
"Enhancing Fairness and Transparency in Electronic Voting with Blockchain-Based Identity Management","A. S. Kumar; H. R. Manjunath; C. M. Sai Kumar; K. Das; G. Sundari; A. Sharma","Computer Science and Engineering, Dayananda Sagar University, Bangalore, Karnataka, India; Department of Physics, Faculty of Engineering and Technology, JAIN (Deemed-to-be University), Ramnagar District, Karnataka, India; Department of Electronics and Communication Engineering, Vel Tech Rangarajan Dr. Sagunthala R&D Institute of Science and Technology, Chennai, India; Department of Computer Applications, Siksha ‘O’ Anusandhan (Deemed to be University), Bhubaneswar, Odisha, India; Department of Electronics and Communication Engineering, Sathyabama Institute of Science and Technology, Chennai, Tamilnadu, India; School of Computer Application, Lovely Professional University, Phagwara, Punjab, India",2025 International Conference on Electrical Engineering and Informatics (ICEEI),"21 Jan 2026","2025","","","1","8","A significant number of individuals are worried about the level of security that electronic voting systems provide, the ease with which someone can impersonate a voter, and the difficulty in monitoring these systems. One of the many issues that arise with these systems is the need to ensure that voting is both open and fair, while also concealing the identities of those who cast their ballots. According to the findings of this research, Blockchain-Based Identity Management (BBIM) is a more effective strategy for electronic voting. The inability to be updated, the absence of centralization, and the security offered by blockchain technology are utilized in this process. The combination of BBIM and a distributed ledger would enable the proposed system to record transactions transparently, without disclosing any personally identifiable information. It is also feasible that employing encrypted ID tokens would enable the reliable verification of voter credentials. Through the use of smart contracts, the election rules are automatically verified and checked to ensure compliance. The simulation's findings reveal that the BBIM-based electronic voting model outperforms traditional voting systems, as it provides greater transparency, protection against identity theft, and prevents individuals from voting more than once. To safeguard the privacy of users and provide a foundation for the development of future electronic voting systems, this paper proposes the use of identity management based on blockchain technology.","2155-6830","979-8-3315-9271-4","10.1109/ICEEI68459.2025.11330477","","https://ieeexplore.ieee.org/stamp/stamp.jsp?arnumber=11330477","electronic voting;blockchain;identity management;transparency;fairness","Electronic voting systems;Scalability;Smart contracts;Throughput;Blockchains;Delays;Reliability;Electronic voting;Identity management systems;Testing","","","","37","IEEE","21 Jan 2026","13-15 Nov. 2025","13-15 Nov. 2025","IEEE","IEEE Conferences"
"Decentralized Stock Exchange Implementation using Ethereum","S. Sridhar; S. Mootha; S. Subramanian","Department of Computer Science and Engineering, College of Engineering Guindy, Anna University, Chennai, India; Department of Computer Science and Engineering, College of Engineering Guindy, Anna University, Chennai, India; Department of Computer Science and Engineering, College of Engineering Guindy, Anna University, Chennai, India",2020 International Seminar on Intelligent Technology and Its Applications (ISITIA),"11 Aug 2020","2020","","","234","241","Traditional stock exchange systems are centralized and have high transaction fees, third party brokerage and less secure environment vulnerable to attacks. Blockchain decentralizes the exchange and creates a fair trading environment for every individual. This paper aims to implement a decentralized stock exchange based on blockchain. The proposed system aims to bring down the transaction costs and reduce the time taken to settle orders and eliminate the need of third parties for executing trades. Three different contracts one for buyer, seller and exchange are used to separate stock exchange functionality and optimize transaction costs. The system is implemented using Ethereum. The system is evaluated for scalability of number of transactions and scalability of number of nodes using sampled trading data from NASDAQ. Transaction fees for the miner at 16.5 Gwei is 99.98% lesser than the brokerage fees of traditional traders for the same transactions. Experimental results of the proposed method show that it is possible to eliminate third party brokerages, reduce transaction fees to almost 0 and create a peer-to-peer trading environment that does not require a central exchange.","","978-1-7281-7413-6","10.1109/ISITIA49792.2020.9163706","","https://ieeexplore.ieee.org/stamp/stamp.jsp?arnumber=9163706","blockchain;smart contract;distributed ledgers;stock-market","Seminars;Costs;Scalability;Smart contracts;Prototypes;Blockchains;Peer-to-peer computing;Security;Stock markets;Wireless fidelity","","6","","35","IEEE","11 Aug 2020","22-23 July 2020","22-23 July 2020","IEEE","IEEE Conferences"
"Towards Privacy-assured and Lightweight On-chain Auditing of Decentralized Storage","Y. Du; H. Duan; A. Zhou; C. Wang; M. H. Au; Q. Wang","City University of Hong Kong, Hong Kong; City University of Hong Kong, Hong Kong; City University of Hong Kong, Hong Kong; City University of Hong Kong, Hong Kong; The University of Hong Kong, Hong Kong; Wuhan University, China",2020 IEEE 40th International Conference on Distributed Computing Systems (ICDCS),"23 Feb 2021","2020","","","201","211","How to audit outsourced data in centralized storage like cloud is well-studied, but it is largely under-explored for the rising decentralized storage network (DSN) that bodes well for a billion-dollar market. To realize DSN as a usable service in a fully decentralized manner, the blockchain comes in handy - to record and verify audit trails in forms of proof of storage, and based on that, to enforce fair payments with necessary dispute resolution. Leaving the audit trails on the blockchain offers transparency and fairness, yet it 1) sacrifices privacy, as they may leak information about the data under audit, and 2) overwhelms onchain resources, as they may be practically large in size and expensive to verify. Prior auditing designs in centralized settings are not directly applicable here. A handful of proposals targeting DSN cannot satisfactorily address these issues either. We present an auditing solution that addresses on-chain privacy and efficiency, from a synergy of homomorphic linear authenticators with polynomial commitments for succinct proofs, and the sigma protocol for provable privacy. The solution results in, per audit, 288-byte proof written to the blockchain, and constant verification cost. It can sustain long-term operation and easily scale to thousands of users on Ethereum.","2575-8411","978-1-7281-7002-2","10.1109/ICDCS47774.2020.00023","","https://ieeexplore.ieee.org/stamp/stamp.jsp?arnumber=9355771","Decentralized Storage;Public Auditability;Blockchain enabled Auditing;Smart Contract;Lightweight Verification;Zero Knowledge","Privacy;Data privacy;Protocols;Blockchain;Proposals;Distributed computing;Pragmatics","","26","","59","IEEE","23 Feb 2021","29 Nov.-1 Dec. 2020","29 Nov.-1 Dec. 2020","IEEE","IEEE Conferences"
"A Blockchain System for E-Learning Assessment and Certification","C. Li; J. Guo; G. Zhang; Y. Wang; Y. Sun; R. Bie","College of Information and Technology, Beijing Normal University, Beijing, China; College of Information and Technology, Beijing Normal University, Beijing, China; College of Information and Technology, Beijing Normal University, Beijing, China; College of Information and Technology, Beijing Normal University, Beijing, China; International Institute of Big Data in Finance at Business School, Beijing Normal University, Beijing, China; College of Information and Technology, Beijing Normal University, Beijing, China",2019 IEEE International Conference on Smart Internet of Things (SmartIoT),"14 Nov 2019","2019","","","212","219","Nowadays, the applications of blockchain technology spring up rapidly, providing opportunities for solving the weaknesses in online education field, such as the complexity of e-learning assessment, the lack of a unified e-learning assessment standard and the insecurity of digital education certificates. In this paper, we propose a blockchain system for e-learning assessment and certification, which includes an entirely new network structure on the basis of the combination of the public and private blockchains, as well as four specific smart contract schemes for the realization of the e-learning assessment and credit exchange, the digital certificate issuance and secure storage, the digital certificate verification and the e-learning voucher allocation, respectively. The proposed system has been demonstrated as a promising candidate solution to establish a fairer, healthier and more open e-learning and online education environment.","","978-1-7281-3488-8","10.1109/SmartIoT.2019.00040","","https://ieeexplore.ieee.org/stamp/stamp.jsp?arnumber=8896504","blockchain, online education, smart contract, e-learning assessment, education certification","Blockchain;Electronic learning;Certification;Smart contracts;Standards;Security","","39","","29","IEEE","14 Nov 2019","9-11 Aug. 2019","9-11 Aug. 2019","IEEE","IEEE Conferences"
"Blockchain - Bringing Accountability in the Public Distribution System","A. N. Shwetha; C. P. Prabodh","Dept. of Computer Science and Engineering, Siddaganga Institute of Technology, Tumakuru, India; Dept. of Computer Science and Engineering, Siddaganga Institute of Technology, Tumakuru, India","2019 4th International Conference on Recent Trends on Electronics, Information, Communication & Technology (RTEICT)","2 Mar 2020","2019","","","330","335","The Central and State governments of India uses the Public Distribution System(PDS) to distribute food grains to the citizen of India at subsidized rates to ensure food security. The system is prone to losses of food grains because of prevalent corruption among the officials serving the system and also due to physical losses during storage and transport. Blockchains have become a commonly used audit trail verification utility because of its inherent nature, that it is a distributed ledger for recording transactions. This makes it a key candidate to replace the current centralized system that exists for the tracking of commodities being distributed by the PDS. Like any centralized system the current centralized system can be sabotaged by the people in administration, as it relies heavily on trust on the central authority. In this paper we propose an intelligent scheme for tracking the commodities in PDS using IoT based sensors that monitor the arrival and dispatch of commodities and generate corresponding transactions. These transactions should be stored permanently to keep track of the commodities for which a decentralized Blockchain based system is used that continuously logs every valid transaction. As the amount of transactions increase so does the data to be stored on the blockchain, hence we propose a hierarchical blockchain approach where in transaction summaries of a local blockchain are recorded as transactions in a higher level blockchain after which the local blockchains can start afresh recording newer transactions only. This approach results in reduction in the amount of data to be stored on the blockchain. At the same time one can find aggregate information at a higher level which can be used to determine the supply demand ratio. Anyone can verify the current availability of the food grains throughout the distribution network of the PDS and track the commodities right from the network of warehouses to the end point sales-the fair price shops where the food grains are delivered to the consumers. These transactions can be audited at any time as all transactions are recorded in the Blockchain which can prevent any misuse or corruption.","","978-1-7281-0630-4","10.1109/RTEICT46194.2019.9016903","","https://ieeexplore.ieee.org/stamp/stamp.jsp?arnumber=9016903","Blockchain;Public Distribution System;Distributed ledger;IoT","Sensors;Supply chain management;Government;Food products;Monitoring;Mathematical model","","7","","15","IEEE","2 Mar 2020","17-18 May 2019","17-18 May 2019","IEEE","IEEE Conferences"
"Comparative Study Indian Electoral Reforms in Indian Context","J. Solanki; D. Meva","L. D Arts College, Gujarat University, Ahmadabad; Marwadi University, Rajkot, India",2019 International Conference on Issues and Challenges in Intelligent Computing Techniques (ICICT),"3 Feb 2020","2019","1","","1","6","The world’s largest democracy has adopted electoral reforms in Assembly as well as Parliamentary elections. Electronic Voting Machine (EVM) has replaced the paper ballot system. However, there are serious concerns being raised with regards to the credibility and reliability of the EVM’s. This resulted in Voter Verified Paper Audit Trail (VVPAT) being attached to the EVM, which was found to be unverifiable and non-auditable. The primary focus of this paper is to provide a comparison between Ballot Paper Voting System and EVM highlighting the various challenges of the existing electoral system. This paper provides an insight into Block chain technology, its impact and revolution it can bring in the field of Electoral reforms in India. The comparison parameters like Time, Cost, Transparency, Risk factor, Verification/Auditing process, Authentication etc. are considered for evaluation of the different methodology discussed.","","978-1-7281-1772-0","10.1109/ICICT46931.2019.8977657","","https://ieeexplore.ieee.org/stamp/stamp.jsp?arnumber=8977657","Ballot paper;BlockChain technology;Electoral System;Voter verified Paper Audit Trail (VVPAT);Electronic Voting Machine (EVM);Verification;Auditing;Authentication","Costs;Authentication;Blockchains;Reliability;Electronic voting;Assembly","","2","","20","IEEE","3 Feb 2020","27-28 Sept. 2019","27-28 Sept. 2019","IEEE","IEEE Conferences"
"BanFEL: A Blockchain Based Smart Contract for Fair and Efficient Lottery Scheme","J. Li; Z. Zhang; M. Li","Beijing Engineering Research Center of Massive Language Information, Beijing Institute of Technology, Beijing, China; Beijing Engineering Research Center of Massive Language Information, Beijing Institute of Technology, Beijing, China; Key Laboratory of Knowledge Engineering with Big Data (Hefei University of Technology), Hefei University of Technology, Anhui, China",2019 IEEE Conference on Dependable and Secure Computing (DSC),"23 Dec 2019","2019","","","1","8","Lottery is a game with many people's dreams. But corruptions of lottery centers make the lottery unfair. To address this unfair issue, fair lottery schemes have been studied for several years. In these schemes, delay functions or aggregation protocols can be used to generate the winning numbers fairly. However, to the best of our knowledge, none of the existing schemes can achieve the winning number generated randomly, while the randomness can be verified fairly. In this article, we first propose a [B]lockchain based sm[a]rt co[n]tract for [F]air and [E]fficient [L]ottery (BanFEL) scheme. We further present a winning number random generation smart contract, by which players submit the purchased numbers and the non-tampering property is protected. Security analysis and experiments show that the fairness of BanFEL is protected better than the existing works. Meanwhile, the verification cost of this scheme are at least 0.03s lower than the traditional Grumbach's scheme between 1000 and 10000 players.","","978-1-7281-2319-6","10.1109/DSC47296.2019.8937559","","https://ieeexplore.ieee.org/stamp/stamp.jsp?arnumber=8937559","blockchain;fair lotteries;publicly verifiable lotteries","Blockchain;Smart contracts;Security;Mathematical model;Privacy;Information processing","","11","","19","IEEE","23 Dec 2019","18-20 Nov. 2019","18-20 Nov. 2019","IEEE","IEEE Conferences"
"FVP-EOC: Fair, Verifiable, and Privacy-Preserving Edge Outsourcing Computing in 5G-Enabled IIoT","T. Li; Y. Tian; J. Xiong; M. Z. A. Bhuiyan","State Key Laboratory of Public Big Data, College of Computer Science and Technology, Guizhou University, Guiyang, China; State Key Laboratory of Public Big Data, College of Computer Science and Technology, Guizhou University, Guiyang, China; Fujian Provincial Key Laboratory of Network Security and Cryptology, College of Computer and Cyber Security, Fujian Normal University, Fuzhou, China; Department of Computer and Information Sciences, Fordham University, Bronx, NY, USA",IEEE Transactions on Industrial Informatics,"9 Nov 2022","2023","19","1","940","950","The 5G-enabled Industrial Internet of Things tilts the data processing model from the cloud to the edge. Users are more inclined to get feedback and data analysis of outsourcing computing results timely from the edge. However, the existing solutions undermine the fairness of multitask outsourcing in edge environment and cannot guarantee the correctness of results. To tackle these challenges, in this article, we propose a fair, verifiable, and privacy-preserving edge outsourcing computing scheme based on blockchain (FVP-EOC). Initially, we propose a task bidding method in the same round of task outsourcing, which improves the utilization of resources and the fairness of the FVP-EOC by dividing tasks into blocks. Furthermore, we design a result verification algorithm and a consensus algorithm to ensure the correctness of the results without a trusted third party. Finally, theoretical analysis and ample simulations indicate that the FVP-EOC is secure and verifiable and ensure the benefits of all the participants in edge outsourcing computing.","1941-0050","","10.1109/TII.2022.3179531","National Key Research and Development Program of China(grant numbers:2021YFB3101100); Key Program of the National Natural Science Union Foundation of China(grant numbers:U1836205,U1905211); National Natural Science Foundation of China(grant numbers:61872088); Project of High-level Innovative Talents of Guizhou Province(grant numbers:6008); Science and Technology Program of Guiyang(grant numbers:[2021]1-5); Science and Technology Program of Guizhou Province(grant numbers:[2020]5017,[2022]065); Guangxi Key Laboratory of Cryptography and Information Security(grant numbers:GCIS202105); ","https://ieeexplore.ieee.org/stamp/stamp.jsp?arnumber=9789454","Blockchain;edge;fairness;Industrial Internet of Things (IIoT);outsourcing computing","Outsourcing;Task analysis;Blockchains;Calculators;Security;Industrial Internet of Things;Computational modeling","","22","","41","IEEE","6 Jun 2022","Jan. 2023","","IEEE","IEEE Journals"
"Multi-Keyword Certificateless Searchable Public Key Authenticated Encryption Scheme Based on Blockchain","X. Yang; G. Chen; M. Wang; T. Li; C. Wang","College of Computer Science and Engineering, Northwest Normal University, Lanzhou, China; College of Computer Science and Engineering, Northwest Normal University, Lanzhou, China; College of Computer Science and Engineering, Northwest Normal University, Lanzhou, China; College of Computer Science and Engineering, Northwest Normal University, Lanzhou, China; College of Computer Science and Engineering, Northwest Normal University, Lanzhou, China",IEEE Access,"10 Sep 2020","2020","8","","158765","158777","As a quite attractive secure search mechanism in cloud environments, searchable encryption allows encrypted files to be searched by keyword and does not reveal any information about original data files. However, most existing searchable encryption schemes only support single keyword ciphertext retrieval, and they cannot resist against inside keyword guessing attacks. Besides, the previous schemes rarely focus on integrity verification and fair transactions without any third party. Focusing on these problems, we propose a multi-keyword certificateless searchable public key authenticated encryption scheme based on blockchain. We use certificateless cryptosystem to encrypt keywords, which avoids the problems of certificate management in traditional cryptosystem and key escrow in identity-based cryptosystem. Our scheme also supports multi-keyword search, which locates encrypted files precisely and returns the desired files. Moreover, we upload the real encrypted files to the cloud server, while the encrypted indexes are put in blockchain, which ensures the anti-tampering, integrity and traceability of the encrypted indexes. The anti-tampering of blockchain also ensures that users can receive accurate search results without any third party verification. Furthermore, we utilize smart contract to track monetary rewards, which enables fair transactions between data owners and users without any trusted third party. We prove that the proposed scheme is secure against inside keyword guessing attacks in the random oracle model. Finally, our performance evaluation shows that the proposed scheme has higher computational performance than other related schemes.","2169-3536","","10.1109/ACCESS.2020.3020841","National Natural Science Foundation of China(grant numbers:61662069,61562077); China Postdoctoral Science Foundation(grant numbers:2017M610817); Science and Technology Project of Lanzhou City of China(grant numbers:2013-4-22); Foundation for Excellent Young Teachers by Northwest Normal University(grant numbers:NWNU-LKQN-14-7); ","https://ieeexplore.ieee.org/stamp/stamp.jsp?arnumber=9183912","Authenticated encryption;blockchain;certificateless cryptosystem;multi-keyword;searchable encryption","Blockchain;Servers;Encryption;Cloud computing;Smart contracts;Indexes","","40","","50","CCBY","1 Sep 2020","2020","","IEEE","IEEE Journals"
"ValidatorRep: Blockchain-based Trust Management for Ensuring Accountability in Crowdsourcing","R. Lai; G. Zhao","South China Normal University, Guangzhou, China; South China Normal University, Guangzhou, China","2022 IEEE 46th Annual Computers, Software, and Applications Conference (COMPSAC)","10 Aug 2022","2022","","","716","725","Crowdsourcing as a computing paradigm, has been widely used in industries and services. Accountability in crowdsourcing services enables participants to work honestly and improves the quality of services. The realization of accountability requires trusted evidence, multiparty verification, and fair reward or punishment. Blockchain technology, which is inherently tamper-resistant, traceable, and decentralized, puts forward a direction for realizing the requirements. However, in the process of data management and decentralized verification, it is hard to achieve a better trade-off between efficiency and security. This paper proposes a blockchain-based verification scheme integrated by trust management, ‘validatorRep’, that is suitable to enhance accountability in the crowdsourcing system. In detail, a decoupled blockchain model is proposed for the differentiated storage of business transactions and log transactions during data interaction. Additionally, a fine-grained trust model is proposed, including both the rep-utation of participants and the trust relationship between participants. Based on fine-grained trust, the decentralized verification scheme is designed to guarantee secure data access, trusted verification, and fair reward or punishment. Finally, the proposed framework is deployed on the Ethereum platform to observe its effectiveness and overall performance. Simulation results also reveal that the proposed fine-grained trust model can provide efficient accountability for crowdsourcing.","0730-3157","978-1-6654-8810-5","10.1109/COMPSAC54236.2022.00121","","https://ieeexplore.ieee.org/stamp/stamp.jsp?arnumber=9842709","Accountability;Crowdsourcing;Blockchain;Trust management;Verification","Crowdsourcing;Industries;Simulation;Quality of service;Throughput;Data models;Software","","4","","27","IEEE","10 Aug 2022","27 June-1 July 2022","27 June-1 July 2022","IEEE","IEEE Conferences"
"Securing SDN-Controlled IoT Networks Through Edge Blockchain","J. Hu; M. Reed; N. Thomos; M. F. AI-Naday; K. Yang","School of Computer Science and Electronic Engineering, University of Essex, Colchester, U.K.; School of Computer Science and Electronic Engineering, University of Essex, Colchester, U.K.; School of Computer Science and Electronic Engineering, University of Essex, Colchester, U.K.; School of Computer Science and Electronic Engineering, University of Essex, Colchester, U.K.; School of Computer Science and Electronic Engineering, University of Essex, Colchester, U.K.",IEEE Internet of Things Journal,"5 Feb 2021","2021","8","4","2102","2115","The Internet of Things (IoT) connected by software-defined networking (SDN) promises to bring great benefits to cyber-physical systems. However, the increased attack surface offered by the growing number of connected vulnerable devices and separation of SDN control and data planes could overturn the huge benefits of such a system. This article addresses the vulnerability of the trust relationship between the control and data planes. To meet this aim, we propose an edge computing-based Blockchain as a Service (BaaS), enabled by an external BaaS provider. The proposed solution provides verification of inserted flows through an efficient, edge-distributed, blockchain solution. We study two scenarios for the blockchain reward purpose: 1) information symmetry, in which the SDN operator has direct knowledge of the real effort spent by the BaaS provider and 2) information asymmetry, in which the BaaS provider controls the exposure of information regarding spent effort. The latter yields the so-called “moral hazard,” where the BaaS may claim higher than actual effort. We develop a novel mathematical model of the edge BaaS solution and propose an innovative algorithm of a fair reward scheme based on game theory that takes into account moral hazard. We evaluate the viability of our solution through analytical simulations. The results demonstrate the ability of the proposed algorithm to maximize the joint profits of the BaaS and SDN operator, i.e., maximizing the social welfare.","2327-4662","","10.1109/JIOT.2020.3017354","Project SerIoT; European Union’s Horizon 2020 Research and Innovation Programme(grant numbers:780139); ","https://ieeexplore.ieee.org/stamp/stamp.jsp?arnumber=9170542","Blockchain;flow verification and validation;reward scheme;software-defined networking (SDN)","Blockchain;Security;Internet of Things;Edge computing;Computer architecture;Task analysis;Cloud computing","","39","","43","CCBY","18 Aug 2020","15 Feb.15, 2021","","IEEE","IEEE Journals"
"Token Economy: A New Form Economy with Decentralized Mutual Trust and Collective Governance","H. Zhao; W. Cui; S. Li; R. Xu","College of Finance, Qilu University of Technology (Shandong Academy of Sciences), Ji’nan, China; Information Center of Ministry of Science and Technology, Bei Jing, China; School of Business, Shandong Normal University, Ji’nan, China; College of Finance, Qilu University of Technology (Shandong Academy of Sciences), Ji’nan, China",2019 IEEE 14th International Symposium on Autonomous Decentralized System (ISADS),"4 Aug 2020","2019","","","1","7","The token economy is a form of decentralized digital economy with the support of blockchain. In the token economy, the responsibility, rights and interests in the real economy can be solidified on the blockchain to form true digital commitments with consensus, tamper-resistance, traceability and verification. These commitments can not only enhance the mutual trust between economic entities, but also realize the isomorphism of real economic activities and digital economic activities. Furthermore, they are conducive to improving the protection of property rights, strengthening the market’s allocation of resources, realizing the fair distribution of benefits, strengthening the government’s penetrating supervision, and creating a mutually beneficial business environment. Therefore, the token economy is expected to become a new form of digital economy with mutual trust and collective governance. To better illustrate the token economy, this paper introduces the concepts of blockchain, token and token economy, presents the reason why token economy could create a new form of digital economy with mutual trust and collective governance, and finally advances some suggestions on how to develop the token economy.","2640-7485","978-1-7281-1672-3","10.1109/ISADS45777.2019.9155592","","https://ieeexplore.ieee.org/stamp/stamp.jsp?arnumber=9155592","digital economy;token economy;mutual trust and collective governance;blockchain","Economics;Collaboration;Organizations;Production;Internet","","5","","16","IEEE","4 Aug 2020","8-10 April 2019","8-10 April 2019","IEEE","IEEE Conferences"
"Backdoor-Resistant Public Data Integrity Verification Scheme Based on Smart Contracts","S. Li; C. Xu; Y. Zhang; Y. Du; A. Yang; X. Wen; K. Chen","School of Information and Safety Engineering, Zhongnan University of Economics and Law, Wuhan, China; School of Computer Science and Engineering, University of Electronic Science and Technology of China, Chengdu, China; School of Computer Science and Engineering, University of Electronic Science and Technology of China, Chengdu, China; School of Computer Science and Engineering, University of Electronic Science and Technology of China, Chengdu, China; College of Cyber Security, Jinan University, Guangzhou, China; School of Computer Science and Engineering, University of Electronic Science and Technology of China, Chengdu, China; Department of Mathematics, Hangzhou Normal University, Hangzhou, China",IEEE Internet of Things Journal,"7 Aug 2023","2023","10","16","14269","14284","This article analyzes existing smart contract-based public data integrity verification schemes and identifies certain weaknesses. First, the fair arbitration mechanism deployed in these schemes fails to meet the users’ requirements as it may not promptly notify users of data corruption or loss. Second, to ensure outsourced data confidentiality, existing data integrity schemes use a conventional encrypted method, where each user randomly selects a key to encrypt the outsourced data. Such a method results in varying ciphertexts for the same data by different users, leading to additional storage costs for the cloud server. Third, users’ devices, if poorly designed or even intentionally backdoored, can potentially exfiltrate secrets and compromise the security of schemes. To address these issues, we propose the first backdoor-resistant public data integrity verification scheme based on smart contracts (ASSIST). The key idea is to introduce a new entity (a whistleblower) to periodically monitor the state of verification results recorded in the blockchain. This allows for timely notification of data corruption to users. ASSIST requires users to encrypt their data with a cryptographic primitive called message-locked encryption (MLE), which motivates different users to produce the same ciphertext for the same data and reduces storage costs for cloud servers. We also deploy a cryptographic reverse firewall between users’ devices and the external to rerandomize interactive messages, making the exfiltration impossible. We provide rigorous security proofs to demonstrate the security of ASSIST. The performance evaluation shows that ASSIST is efficient regarding computation and communication costs.","2327-4662","","10.1109/JIOT.2023.3285939","National Nature Science Foundation of China(grant numbers:62272091,62072215); Key-Area Research and Development Program of Guangdong Province(grant numbers:2020B0101360001); ","https://ieeexplore.ieee.org/stamp/stamp.jsp?arnumber=10153425","Backdoor;cloud storage systems;exfiltration resistance;public data integrity verification;smart contract","Data integrity;Smart contracts;Servers;Cloud computing;Security;Costs;Encryption","","10","","40","IEEE","14 Jun 2023","15 Aug.15, 2023","","IEEE","IEEE Journals"
"Fair Outsourcing Polynomial Computation Based on the Blockchain","Y. Guan; H. Zheng; J. Shao; R. Lu; G. Wei","School of Computer and Information Engineering, Zhejiang Gongshang University, Hangzhou, Zhejiang, China; School of Computer and Information Engineering, Zhejiang Gongshang University, Hangzhou, Zhejiang, China; School of Computer and Information Engineering, Zhejiang Gongshang University, Hangzhou, Zhejiang, China; Faculty of Computer Science, University of New Brunswick, Fredericton, NB, Canada; School of Electronic and Information Engineering, Hangzhou, Zhejiang, China",IEEE Transactions on Services Computing,"6 Oct 2022","2022","15","5","2795","2808","Due to the big data blowout from the Internet of Things and the rapid development of cloud computing, outsourcing computation has received considerable attention in recent years. Particularly, many outsourcing computation schemes have been proposed to dedicate the outsourcing polynomial computation due to its use in numerous fields, such as data analysis and machine learning. However, none of those schemes are practical enough, as they either require some time-consuming cryptographic operations to achieve fairness between the user and the worker, or cannot allow the user to outsource arbitrary polynomial to the worker, or need two non-collusive workers. To tackle these challenges, in this article, we propose a new outsourcing polynomial computation scheme by employing a variant of Horner’s method and the blockchain technology. Specifically, the former makes the computational cost on the worker side as low as possible, and the latter guarantees the fairness between the user and the worker if the result from the worker can be publicly verified. To achieve the public verifiability property, we apply the sampling technique, which is effective in our proposal according to a game-theoretic analysis. Furthermore, we also implement a prototype of our proposal and run it on an Ethereum test net. The extensive experimental results demonstrate that our proposal is efficient in terms of computational cost.","1939-1374","","10.1109/TSC.2021.3054772","Natural Science Foundation of Zhejiang Province(grant numbers:LZ18F020003); National Natural Science Foundation of China(grant numbers:U1709217); Natural Sciences and Engineering Research Council of Canada(grant numbers:04009,LMCRF-S-2020-03); ","https://ieeexplore.ieee.org/stamp/stamp.jsp?arnumber=9336278","Outsourcing computation;polynomial computation;fairness;public verifiablility;blockchain;sampling technique;game theory","Blockchain;Outsourcing;Proposals;Task analysis;Computational modeling;Smart contracts;Cryptography","","22","","65","IEEE","26 Jan 2021","1 Sept.-Oct. 2022","","IEEE","IEEE Journals"
"Blockchain Empowered Differentially Private and Auditable Data Publishing in Industrial IoT","L. Xu; T. Bao; L. Zhu","School of Cyberspace Science and Technology, Beijing Institute of Technology, Beijing, China; School of Cyberspace Science and Technology, Beijing Institute of Technology, Beijing, China; School of Cyberspace Science and Technology, Beijing Institute of Technology, Beijing, China",IEEE Transactions on Industrial Informatics,"30 Jul 2021","2021","17","11","7659","7668","As more and more organizations deploy their sensing devices in the industrial Internet of Things network, it becomes increasingly important for the organizations to share data with others, so that the value of the data can be fully explored. However, individuals' privacy may be compromised because of data sharing. In this article, we study the differentially private data publishing problem, which aims at balancing between privacy and data utility. Specifically, two blockchain-based data publishing protocols are proposed. For histogram publishing, we propose a protocol where the Laplace noise added in the query result is verified by the blockchain. For anonymized data publishing, we propose a protocol, which can prevent the publisher and the recipient from lying about the utility of the published data. With the blockchain acting as a reliable intermediary between the publisher and the recipient, the proposed protocols can help to realize fair and auditable data sharing.","1941-0050","","10.1109/TII.2020.3045038","Natural Science Foundation of China(grant numbers:61871037); Natural Science Foundation of Beijing(grant numbers:M21035); Beijing Institute of Technology Research Fund Program for Young Scholars; ","https://ieeexplore.ieee.org/stamp/stamp.jsp?arnumber=9294114","Blockchain;differential privacy;histogram publishing;transaction verification;verifiable shuffle","Publishing;Blockchain;Servers;Protocols;Sensors;Public key;Differential privacy","","12","","23","IEEE","15 Dec 2020","Nov. 2021","","IEEE","IEEE Journals"
"Revolutionizing Financial Fraud Detection in Healthcare Insurance Through Blockchain & AI-Driven Predictive Analysis","J. Mishra; S. Rai; B. Moharana; V. K. Singh; S. Dey; T. Sarkar","Department of Information Assurance and Cybersecurity, Capella University, Minneapolis, MN, USA; School of Computer Science and Engineering, Lovely Professional University, Phagwara, Punjab, India; School of Computer Science and Engineering, Lovely Professional University, Phagwara, Punjab, India; Amity School of Engineering and Technology, Amity University, Raipur, India; Electronics and Telecommunication Engineering, College of Engineering, Bhubaneswar, India; School of Computer Science and Engineering, Lovely Professional University, Phagwara, Punjab, India",2025 International Conference on Technology Enabled Economic Changes (InTech),"23 Oct 2025","2025","","","1516","1522","This research investigates the combined Usage of Blockchain Technology & Different approaches of Machine Learning Model with intention of countering the increase in coastal activities around health care claims processing. The ultimate objective is to secure the medical claims and also improvement of credibility to system that has to be capable of achieve better distribution to resources. This particular focus of the system is to track and obstruction dishonest behaviour in the insurance business, by using set policies along with ML algorithms, in conjunction with blockchain's unalterable and decentralized database. The system has further been enhanced through the use of Ganache as a private infrastructure based on Ethereum blockchain, and Pinata for data storage. These tools also enhance security measures on sensitive medical information on the blockchain. Simultaneously, advanced ML models analyse claims data looking for information that appears disproportionate to the norm which confirms the existence of fraud. It can be deduced from the use of these technologies that they are a real game changer act upon fight against Fraud in use of Health-care Insurance related service. It brings together a number of worlds ensuring the accuracy of data, fairness in the distribution of resources in the right direction, and limiting the level of financial losses for the insurers.","","979-8-3315-2099-1","10.1109/InTech64186.2025.11198190","","https://ieeexplore.ieee.org/stamp/stamp.jsp?arnumber=11198190","Healthcare Fraud;Insurance Claims;Blockchain Technology;Machine Learning;Fraud Detection;Ethereum Blockchain;Secure Data Storage;Ganache;Pinata;Data Integrity;Resource Allocation;Healthcare Technology","Industries;Accuracy;Smart contracts;Insurance;Memory;Sea measurements;Medical services;Blockchains;Fraud;Security","","","","32","IEEE","23 Oct 2025","27-28 Feb. 2025","27-28 Feb. 2025","IEEE","IEEE Conferences"
"NFTs: Tulip Mania or Digital Renaissance?","D. Ross; E. Cretu; V. Lemieux","Electrical and Computer Engineering, University of British Columbia, Vancouver, Canada; Electrical and Computer Engineering, University of British Columbia, Vancouver, Canada; School of Information, University of British Columbia, Vancouver, Canada",2021 IEEE International Conference on Big Data (Big Data),"13 Jan 2022","2021","","","2262","2272","Galleries, Libraries, Archives and Museums (GLAM) institutions have begun to sell non-fungible tokens (NFTs) of works from their collections following the $69.3 M USD record sale of Beeple’s Everydays: The First 5000 Days at Christie’s auction house on March 11, 2021. But many open questions exist about whether NFTs are beneficial or harmful for such institutions from financial, regulatory, and environmental perspectives. In this paper, we aim to unpack what NFTs are within the context of tokenomics and Ethereum standards development by providing an overview of notable NFTs and selling platforms before discussing the pros and cons of their use in GLAM institutions and exploring open research challenges through the lens of Computational Archival Science. Methodologies for the creation (minting) and purchase of NFTs are provided, emphasizing NFTs’ record keeping abilities, while also highlighting their inherent vulnerabilities, particularly with regards to the now-infamous broken link problem and its implications for provenance tracking and authenticity.","","978-1-6654-3902-2","10.1109/BigData52589.2021.9671707","","https://ieeexplore.ieee.org/stamp/stamp.jsp?arnumber=9671707","nonfungible tokens;blockchain;smart contract;distributed ledger;digital art;provenance;tokenomics","Conferences;Big Data;Libraries;Standards;Lenses","","24","","72","IEEE","13 Jan 2022","15-18 Dec. 2021","15-18 Dec. 2021","IEEE","IEEE Conferences"
"Web3 and Blockchain for Modernizing the Reseller Market","H. I. FrØland; E. Palm; K. Kralevska; D. Gligoroski","Department of Information Security and Communication Technology (IIK), Norwegian University of Science and Technology - NTNU, Trondheim, Norway; Department of Information Security and Communication Technology (IIK), Norwegian University of Science and Technology - NTNU, Trondheim, Norway; Department of Information Security and Communication Technology (IIK), Norwegian University of Science and Technology - NTNU, Trondheim, Norway; Department of Information Security and Communication Technology (IIK), Norwegian University of Science and Technology - NTNU, Trondheim, Norway",2023 Fifth International Conference on Blockchain Computing and Applications (BCCA),"11 Dec 2023","2023","","","215","220","This paper presents a proof-of-concept (PoC) that leverages Web3 technology, specifically blockchain and Non-Fungible Tokens (NFTs), to create a secure, transparent, and fair reseller market without the need for a trusted third party. The PoC demonstrates that NFTs can be used to authenticate items, build trust between parties and establish verifiable product own-ership. By paralleling NFT transfers with the sale of items, the practicality of selling counterfeit goods is reduced. Furthermore, the blockchain-based storage of product information enables verification of origin, history, and authenticity by any involved party, fostering transparency and equal access to information for buyers and sellers. We demonstrate that Web3 technology can effectively address critical issues in traditional reseller markets, offering substantial benefits to all parties involved.","","979-8-3503-3923-9","10.1109/BCCA58897.2023.10338900","","https://ieeexplore.ieee.org/stamp/stamp.jsp?arnumber=10338900","Web3;NFT;Blockchain;Reseller market;Sec-ondhand market","Navigation;Manufactured products;Documentation;Nonfungible tokens;History;Counterfeiting","","2","","23","IEEE","11 Dec 2023","24-26 Oct. 2023","24-26 Oct. 2023","IEEE","IEEE Conferences"
"Scheduler Shall Not Fail: Lightweight, On-Chain Provenance for Bias-Resistant Federated Learning","E. Pavlova; M. Pavlova; Y. Yanovich","Skolkovo Institute of Science and Technology, Moscow, Russia; Saint Petersburg State University, Saint Petersburg, Russia; Skolkovo Institute of Science and Technology, Moscow, Russia",2025 XIХ International Symposium on Problems of Redundancy in Information and Control Systems (Redundancy),"23 Dec 2025","2025","","","1","6","Federated Learning (FL) is vulnerable to a semi-honest central coordinator who can bias client selection to undermine privacy or amplify poisoning attacks. While modelside defences exist, verifiable solutions for fair scheduling remain scarce. We propose On-Chain Provenance for FL (OCP-FL), a lightweight protocol that ensures bias-resistant client selection. OCP-FL combines a public Drand randomness beacon with a blockchain-based commit-reveal ceremony. Clients first commit to random seeds; the protocol then mixes all revealed seeds with the beacon value to produce a verifiable, unpredictable random seed that determines the schedule. This process is logged on-chain for full auditability. The scheme is provably unbiased if either the beacon or any single client is honest, preventing selective-abort attacks. Prototyped on an Ethereum fork, OCP-FL neutralized a powerful label-flipping attack: where a malicious scheduler slashed accuracy by 60 percentage points on non-IID MNIST, our protocol maintained performance within 1 point of the fair baseline. This robustness is achieved with minimal overhead-one hash and two small transactions per client per round (around 0.0023 USD gas cost on Polygon)-making it practical for crosssilo deployments where transparency and verifiable fairness are paramount.","2694-5215","979-8-3315-4992-3","10.1109/Redundancy68069.2025.11301481","","https://ieeexplore.ieee.org/stamp/stamp.jsp?arnumber=11301481","Federated Learning;Scheduling attacks;Verifiable randomness;Blockchain provenance;Neural network robustness","Resistance;Schedules;Accuracy;Federated learning;Processor scheduling;Redundancy;Smart contracts;Transforms;Robustness;Blockchains","","","","27","IEEE","23 Dec 2025","5-7 Nov. 2025","5-7 Nov. 2025","IEEE","IEEE Conferences"
"Secure Medical Data Sharing Featuring Traceable Data Usage and Automatic Audit Mechanism","M. Xie; Z. Zhang; H. Hong; G. Zhang; Y. Qin","School of Computer Science and Technology, Zhejiang Key Laboratory of Big Data and Future E-Commerce Technology, Zhejiang Gongshang University, Hangzhou, China; School of Computer Science and Technology, Zhejiang Key Laboratory of Big Data and Future E-Commerce Technology, Zhejiang Gongshang University, Hangzhou, China; School of Computer Science and Technology, Zhejiang Key Laboratory of Big Data and Future E-Commerce Technology, Zhejiang Gongshang University, Hangzhou, China; Zhejiang SCI-Tech University, Hangzhou, China; School of Computer Science and Technology, Zhejiang Key Laboratory of Big Data and Future E-Commerce Technology, Zhejiang Gongshang University, Hangzhou, China",IEEE Internet of Things Journal,"20 Jun 2025","2025","12","13","25587","25600","At present, cloud computing provides flexible and cost-effective solutions for sharing medical data, particularly electronic health records (EHRs), which are widely used by resource-limited healthcare institutions. However, the sensitive nature of patient data demands strong encryption and privacy protection. Additionally, ensuring data traceability-tracking and monitoring data sources and usage remains a crucial yet unresolved challenge. Current solutions prioritize data integrity during sharing but lack transparency, traceability, and comprehensive integrity audits for cloud-stored medical data. To overcome these limitations, this article puts forward a blockchain-based framework for medical data sharing, enabling traceable data usage and integrating automatic audit mechanism. Our scheme adopts smart contracts on the blockchain to verify search results, audit cloud data integrity, and allocate service fees equitably based on audits. The proposed solution ensures the integrity of data during the sharing process and storage, while fostering financial fairness between users and cloud service providers. Rigorous experiments demonstrate that our scheme substantially improves verification efficiency, achieving up to a 95% reduction in smart contract gas consumption and an 80%–85% decrease in post-update verification latency compared to existing state-of-the-art methods, making it highly suitable for medical data-sharing environments characterized by frequent updates and stringent data integrity requirements.","2327-4662","","10.1109/JIOT.2025.3559926","Key Research and Development Program of Zhejiang Province(grant numbers:2024C01025); Zhejiang Provincial Natural Science Foundation of China(grant numbers:LMS25F020007); ","https://ieeexplore.ieee.org/stamp/stamp.jsp?arnumber=10963865","Automatic audit mechanism;blockchain;electronic health records (EHRs);smart contract;traceability","Blockchains;Cloud computing;Security;Smart contracts;Medical services;Data integrity;Data privacy;Organizations;Internet of Things;Consensus protocol","","3","","38","IEEE","11 Apr 2025","1 July1, 2025","","IEEE","IEEE Journals"
"UBIC-A Blockchain-Less Cryptocurrency","M. Caprolu; E. Bentafat; S. Bakiras; R. Di Pietro","College of Science and Engineering Hamad Bin Khalifa University (HBKU), Doha, Qatar; Information Systems Department, Ahmed Bin Mohammed College, Doha, Qatar; Infocomm Technology Cluster Singapore Institute of Technology, Singapore; CEMSE Division, RC3 Center, King Abdullah University of Science and Technology (KAUST), Thuwal, Saudi Arabia",2023 IEEE International Conference on Decentralized Applications and Infrastructures (DAPPS),"6 Sep 2023","2023","","","23","30","In this paper we propose UBIC, a novel blockchain-less architecture that preserves the main advantages of classic cryptocurrencies while avoiding their pitfalls. The proposed construction is general-that is, UBIC can be adopted at par with any other cryptocurrency-though UBIC also satisfies the requirements to support state-sponsored financial services, like Universal Basic Income and Central Bank Digital Currency. Indeed, UBIC stands for Universal Basic Income Coin, to highlight one of its most straightforward use-cases. One of the key features of UBIC is that every user participating in the protocol gets fair and equal access to the rewards, regardless of the available resources, e.g., computational power or financial stake. Moreover, by leveraging standard cryptographic techniques, such as homomorphic encryption and verifiable random functions, UBIC ensures full user privacy and trust in the network, while enjoying a highly scalable architecture. Our experimental results confirm the feasibility of the proposed architecture and demonstrate that UBIC is very efficient in terms of transaction verification time. To the best of our knowledge, this is the first blockchain-less cryptocurrency proposal. Other than being interesting on its own, and being particularly fit to support UBI and Central Bank Digital Currency, the architectural solutions and the technical choices discussed in this contribution have the potential to generate high impact and further research in the field.","2835-3498","979-8-3503-3535-4","10.1109/DAPPS57946.2023.00013","Qatar National Research Fund; ","https://ieeexplore.ieee.org/stamp/stamp.jsp?arnumber=10237031","Cryptocurrency;Central Bank Digital Currency;Universal Basic Income;DeFi;Distributed systems;Security;Privacy","Privacy;Protocols;Online banking;Scalability;Computer architecture;Decentralized applications;Cryptocurrency","","4","","25","IEEE","6 Sep 2023","17-20 July 2023","17-20 July 2023","IEEE","IEEE Conferences"
"BBNP: A Blockchain-Based Novel Paradigm for Fair and Secure Smart Grid Communications","H. Bao; B. Ren; B. Li; Q. Kong","Software Engineering Institute, East China Normal University, Shanghai, China; School of Computer Science and Information Engineering, Zhejiang Gongshang University, Hangzhou, China; College of Cyber Science and Engineering, Sichuan University, Chengdu, China; School of Science and Engineering, The Chinese University of Hong Kong, Shenzhen, China",IEEE Internet of Things Journal,"25 Jul 2022","2022","9","15","12984","12996","As the future energy infrastructure, smart grid aims to overcome the disadvantages of traditional power grid, e.g., low efficiency and unstable service. However, the frequent collection and analysis of the user’s electricity data may bring various security and privacy threats. Besides, the traditional centralized data storage model in the smart grid is prone to the single point of failure. To address these challenges, in this article, for fair and secure smart grid communication, a blockchain-based novel paradigm, named BBNP, is proposed. Specifically, based on the pseudorandom function and auxiliary information generation and sharing technology, a lightweight data aggregation protocol is designed first to protect the user’s data privacy and ensure communication confidentiality. Then, a novel efficient authentication mechanism is proposed to generate and share session keys in a noninteractive way, which is leveraged for MAC authentication to achieve data integrity of the transmitted data. After that, based on the subjective logic reputation model, a blockchain node consensus mechanism is studied to efficiently store smart grid big data and effectively solve the single point failure problem. By constructing the long-term reputation model for consensus nodes (CNs) and integrating batch verification technology, the problems of CN fair selection and scalability of large-scale nodes are solved simultaneously. Finally, the performance evaluation indicates that BBNP outperforms the state-of-the-art similar schemes in computing complexity, communication cost, system availability, and fairness of block generation.","2327-4662","","10.1109/JIOT.2021.3107301","National Natural Science Foundation of China(grant numbers:62072404,62002248,62072403); National Key Research and Development Program of China(grant numbers:2020YFB1805400); China Postdoctoral Science Foundation(grant numbers:2019TQ0217,2020M673277); Major Project of Natural Science Foundation of Zhejiang Province(grant numbers:LD22F020001); Provincial Key Research and Development Program of Sichuan(grant numbers:20ZDYF3145); ","https://ieeexplore.ieee.org/stamp/stamp.jsp?arnumber=9521559","Blockchain;data aggregation;reputation;smart grid","Smart grids;Blockchains;Data integrity;Data models;Data aggregation;Privacy;Data privacy","","14","","37","IEEE","24 Aug 2021","1 Aug.1, 2022","","IEEE","IEEE Journals"
"Privacy-Preserving and Publicly Verifiable Matrix Multiplication","J. Liu; L. F. Zhang","School of Information Science and Technology, ShanghaiTech University, Shanghai, China; School of Information Science and Technology, ShanghaiTech University, Shanghai, China",IEEE Transactions on Services Computing,"13 Jun 2023","2023","16","3","2059","2071","Outsourcing computations allows the resource-constrained clients (such as, IoT devices) to offload heavy computations to powerful cloud servers. At the same time, it brings many challenges such as data privacy, result verification and fair payment. In this article, we propose a privacy-preserving multi-function verifiable computation (MFVC) model and construct an MFVC scheme for outsourcing matrix multiplication computations (MMC), which have many real-life applications, such as machine learning. Our scheme keeps one of the matrices in MMC semantically secure and allows a public verification of the server's work. In particular, the client's work is faster than the native MMC for square matrices of order $\geq 7000$≥7000, while the best existing scheme requires matrices of order $\geq 270000$≥270000. We also propose a smart contract-based framework that equips the proposed scheme with fair payment property. By offloading the verification to the blockchain, the client's work is faster than the native MMC for square matrices of order $\geq 6000$≥6000.","1939-1374","","10.1109/TSC.2022.3215499","Natural Science Foundation of Shanghai(grant numbers:21ZR1443000); ","https://ieeexplore.ieee.org/stamp/stamp.jsp?arnumber=9925109","Matrix multiplication;outsourcing computation;smart contract;blockchain","Servers;Computational modeling;Outsourcing;Smart contracts;Privacy;Data privacy;Blockchains","","9","","92","IEEE","19 Oct 2022","1 May-June 2023","","IEEE","IEEE Journals"
"Timelock Shield: A Robust Defense Against MEV and Censorship Attacks in Blockchain","S. Agrawal; V. J. Ribeiro","Department of Computer Science & Engineering, Indian Institute of Technology Bombay, Mumbai, India; Department of Computer Science & Engineering, Indian Institute of Technology Bombay, Mumbai, India",2025 Crypto Valley Conference (CVC),"8 Jul 2025","2025","","","127","137","Blockchain’s security relies on cryptographic principles to resist tampering and fraud. However, vulnerabilities such as Maximum Extractable Value (MEV) and Censorship attacks persist, where malicious actors exploit knowledge of pending transactions or bribe miners to manipulate execution. While some state-of-the-art methods aim to counter these attacks through trusted setups and fair ordering, they compromise decentralization. Alternative solutions based on commit-and-reveal are decentralized but vulnerable to DoS and deferred reveal attacks. We introduce Timelock Shield, a decentralized protocol to counteract MEV and censorship attacks. Timelock Shield utilizes timelock encryption and delayed transaction execution related to a particular smart contract. Timelock encryption ensures that the transaction contents remain confidential until a cryptographic puzzle is resolved, and delayed execution allows the state of the smart contract related to that transaction to be updated later. Crucially, the protocol operates without requiring a trusted setup, directly addressing the vulnerabilities of existing methods and significantly enhancing both security and applicability. We present a detailed game-theoretic analysis of the complex incentive structure of the protocol for various participants, demonstrating the ineffectiveness of censorship attempts and the impracticality of MEV strategies. Furthermore, we detail the implementation of Timelock Shield’s key features based on Wesolowski’s Verifiable Delay Function (VDF), which enables the generation of encrypted transactions, decryption, proof generation, and transaction verification. Drawing from our experimental analysis, we offer insight into the selection of VDF parameters and deadlines used in the protocol to better align with real-world computational durations.","","979-8-3315-8749-9","10.1109/CVC65719.2025.00020","","https://ieeexplore.ieee.org/stamp/stamp.jsp?arnumber=11068800","Blockchain;MEV Mitigation;Censorship attack;DeFi;Economics;VDF","Economics;Prevention and mitigation;Smart contracts;Resists;Censorship;Blockchains;Encryption;Fraud;Delays","","","","22","IEEE","8 Jul 2025","5-6 June 2025","5-6 June 2025","IEEE","IEEE Conferences"
"Attribute Based Conjunctive Keywords Search With Verifiability and Fair Payment Using Blockchain","D. Zhang; S. Wang; Q. Zhang; Y. Zhang","School of Automation and Information Engineering, Xi’an University of Technology, Xi’an, Shaanxi, China; School of Science, Xi’an University of Technology, Xi’an, Shaanxi, China; School of Computer Science and Engineering, Xi’an University of Technology, Xi’an, Shaanxi, China; School of Computer Science and Engineering, Xi’an University of Technology, Xi’an, Shaanxi, China",IEEE Transactions on Services Computing,"14 Dec 2023","2023","16","6","4168","4182","Cloud computing has brought great convenience to data storage and resource sharing, however, there are still concerns about data security and service quality. Attribute-based encryption (ABE) and searchable encryption (SE) are always adopted to achieve data access authorization and data retrieval on encrypted data in data sharing, respectively. But more efficient and accurate methods have been always pursued. Moreover, the spoofing attack is another important aspect that raises concerns, especially when it comes to reliability of search results and online payments. Blockchain, an emerging technology that can be used to solve the problem of trust, has shown great application potential in finance and data sharing. Based on blockchain, we propose an attribute-based conjunctive keyword search (ABCKS) scheme with verifiability and fairness. In this paper, data privacy-preserving, fine-grained access control, and multi-keywords search can be supported simultaneously. Blockchain and smart contract are employed to facilitate the search result verification process and ensure fair payment in the trustless case. Furthermore, we reduce the user's decryption load to a constant level by performing partial decryption on the cloud side. Finally, the results of the performance evaluation indicate that our scheme has higher efficiency and security.","1939-1374","","10.1109/TSC.2023.3311877","National Natural Science Foundation of China(grant numbers:61572019); Key Research and Development Projects of Shaanxi Province(grant numbers:2019GY-028); Shaanxi Province Key Research and Development Program(grant numbers:2020GY-006); Key Science and Technology Program of Shaanxi Province(grant numbers:2022GY-040); ","https://ieeexplore.ieee.org/stamp/stamp.jsp?arnumber=10239323","Blockchain;attribute-based encryption;fine-grained access control;conjunctive keyword search;smart contract","Cloud computing;Keyword search;Blockchains;Encryption;Servers;Cryptography;Smart contracts","","19","","33","IEEE","5 Sep 2023","Nov.-Dec. 2023","","IEEE","IEEE Journals"
"Safe Count: A Two-Step Verification Based Voting System","S. Chavan; T. Darekar; N. Chavhan; Y. Deore; R. Suryawanshi","Department of Mechanical Engineering, Vishwakarma Institute of Technology, Pune, Maharashtra; Department of Mechanical Engineering, Vishwakarma Institute of Technology, Pune, Maharashtra; Department of Mechanical Engineering, Vishwakarma Institute of Technology, Pune, Maharashtra; Department of Mechanical Engineering, Vishwakarma Institute of Technology, Pune, Maharashtra; Department of Multidisciplinary Engineering, Vishwakarma Institute of Technology, Pune, Maharashtra",2024 International Conference on Emerging Smart Computing and Informatics (ESCI),"17 Apr 2024","2024","","","1","6","The rise in the number of manipulations of the votes and mishandling of the EVM machines has been observed in the past few years. Taking this issue into consideration, a working project has been designed and implemented to improve the voting system. It will help maintain the fairness of the elections and ensure that an ethical candidate comes to power. This project is a blend of two existing technologies, i.e., RFID technology and electronic voting machines. These two technologies can be combined so that more accountability and transparency in the process of elections can be maintained. The project's biometric verification component will boost the voting system's security and precision. Facial recognition technology will make sure that each voter is who they say they are and prevent proxy voting. A cross-reference will be made between the RFID card's distinctive identity and the voter's biometric information to ensure that only eligible voters can cast ballots. The suggested initiative would guarantee that there is no compulsion and lessen the possibility that any electorate will cast more than one or two ballots. It will work on reducing the number of threats involved during the elections. The main motive of the project is to make sure that the election process is carried out in a safer way such that it does not hamper the results of the elections.","","979-8-3503-0661-3","10.1109/ESCI59607.2024.10497327","","https://ieeexplore.ieee.org/stamp/stamp.jsp?arnumber=10497327","Biometric Verification;EVM;Fingerprint Scanner;RFID;Voting System","Ethics;Face recognition;Merging;Reliability engineering;Security;Informatics;Electronic voting","","2","","10","IEEE","17 Apr 2024","5-7 March 2024","5-7 March 2024","IEEE","IEEE Conferences"
"Verifiable Arbitrary Queries With Zero Knowledge Confidentiality in Decentralized Storage","H. Wang; Y. Guo; R. Bie; X. Jia","School of Artificial Intelligence, Beijing Normal University, Beijing, China; School of Artificial Intelligence, Beijing Normal University, Beijing, China; School of Artificial Intelligence, Beijing Normal University, Beijing, China; Department of Computer Science, City University of Hong Kong, Kowloon, Hong Kong, China",IEEE Transactions on Information Forensics and Security,"23 Nov 2023","2024","19","","1071","1085","Blockchain-based data storage has become an emerging paradigm, providing a fair and transparent data platform for decentralized applications. However, how to achieve secure on-chain verification for arbitrary SQL queries in such a decentralized storage remains under-explored. Due to the limitations of authenticated data structure (ADS), existing works either do not consider arbitrary query verification issue or fail to achieve practical gas consumption efficiency. In this paper, we present a novel arbitrary query verification scheme for decentralized storage. The proposed scheme, named  $\mathsf {zkQuery}$ , enables efficient public verification for arbitrary queries with zero-knowledge confidentiality.  $\mathsf {zkQuery}$  is built from the ingenious synergy of techniques from both zero-knowledge proof and smart contract technology. The core idea is to delegate smart contracts to fairly execute results verification and utilize our tailored zero-knowledge proof protocol to facilitate arbitrary computation in a privacy-preserving manner. The verification protocols of  $\mathsf {zkQuery}$  are highly customized for decentralized storage, where the complexity of on-chain verification can be completed in logarithmic time, significantly decreasing gas consumption. We rigorously provide security analysis and complete the prototype implementation. The extensive experiments over the NEAR blockchain show that  $\mathsf {zkQuery}$  can gain at least  $2\times $  better performance than the baseline approach on all metrics.","1556-6021","","10.1109/TIFS.2023.3330305","National Key Research and Development Program of China(grant numbers:2022ZD0115901); National Natural Science Foundation of China(grant numbers:62177007,62102035); China-Central Eastern European Countries High Education Joint Education Project(grant numbers:202012); RGC RIF(grant numbers:R1012-21); GRF(grant numbers:CityU 11213920); ","https://ieeexplore.ieee.org/stamp/stamp.jsp?arnumber=10309996","Query authentication;zero-knowledge proofs;encrypted database;smart contract","Blockchains;Protocols;Smart contracts;Servers;Arithmetic;Prototypes;Databases","","8","","50","IEEE","6 Nov 2023","2024","","IEEE","IEEE Journals"
"Secure Electric Vehicle Dynamic Charging Based on Smart Contracts","K. Massmi; K. Hamouid; K. Adi","LASTIC Laboratory, Université de Batna2, Batna, Algeria; LIGM, ESIEE Paris, Université Gustave Eiffel, Noisy-le-Grand, France; Department of Computer Science and Engineering, Computer Security Research Laboratory, University Of Quebec in Outaouais, Quebec, Canada","2023 International Symposium on Networks, Computers and Communications (ISNCC)","27 Nov 2023","2023","","","1","6","Electric vehicles (EVs) have gained significant attention due to their environmental and energy-efficient benefits. Dynamic Wireless Charging (DWC) has emerged as one of the most promising EV charging methods because it overcomes the challenges associated with traditional charging stations. However, as EVs keep moving while charging, this requires specific authentication and payment methods, enabling EV mobility privacy and ensuring fair billing. To address these concerns, we propose in this paper a smart contract based solution to deal with privacy and fair billing for EVs dynamic wireless charging. The proposed solution includes a lightweight authentication mechanism enabling a continuous authenticate-and-charge process when EV is moving on the road.","2768-0940","979-8-3503-3559-0","10.1109/ISNCC58260.2023.10323764","","https://ieeexplore.ieee.org/stamp/stamp.jsp?arnumber=10323764","privacy;electric vehicle;smart contracts;blockchain;dynamic charging","Computers;Privacy;Roads;Smart contracts;Inductive charging;Authentication;Energy efficiency","","1","","14","IEEE","27 Nov 2023","23-26 Oct. 2023","23-26 Oct. 2023","IEEE","IEEE Conferences"
"Auditable Protocols for Fair Payment and Physical Asset Delivery Based on Smart Contracts","S. Wang; X. Tang; Y. Zhang; J. Chen","School of Science, Xi’an University of Technology, Xi’an, China; School of Science, Xi’an University of Technology, Xi’an, China; School of Computer Science and Engineering, Xi’an University of Technology, Xi’an, China; School of Science, Xi’an University of Technology, Xi’an, China",IEEE Access,"16 Aug 2019","2019","7","","109439","109453","With the rapid development of electronic information technology, online transaction will gradually surpass traditional market transaction, among which online payment and asset delivery become the focus of attention. But in fact, due to the incomplete third-party payment mechanism and the intrusion risk of various charging Trojan, it is easy to cause a trust crisis. The existing centralized framework often leads to information asymmetry between the two parties. Therefore, how to realize the fairness of payment and the auditability of assets in the distributed system is a challenging problem. The emerging blockchain technology provides a new method with its openness, transparency and verifiability. Existing researches do not provide a complete shopping model for consumers, most of which focuses on payments or only on asset delivery. In this paper, we propose an auditable fair payment and physical asset delivery protocol based on smart contracts. Three types of smart contracts are designed to achieve reliable and fair payment among merchants, consumers and logistics companies. The traceability and auditability of blockchain provide an effective method to audit assets and data sharing in the whole transportation. In view of the phenomenon of goods being switched, the way of ”pre-verification” is added. In order to prevent the illegal elements to fake pickup code, induce consumers to conduct illegal operations, cause property loss, in our system the pickup codes are generated by consumers to reduce the risk of fraud. In addition, our plan designs a complete return process for the first time, providing better service experience and higher efficiency for consumers. Finally, all the contracts involved in the scheme are implemented and deployed on the ethereum test network. The results of security analysis and evaluation showed that our scheme was improved in cost, with high security and availability.","2169-3536","","10.1109/ACCESS.2019.2933860","National Natural Science Foundation of China(grant numbers:61572019); Key Research and Development Program of Shaanxi(grant numbers:2019GY-028); Start-up Fund for PhD Teachers in the Xi’an University of Technology(grant numbers:256081502); ","https://ieeexplore.ieee.org/stamp/stamp.jsp?arnumber=8792156","Online transactions;blockchain;assets audit;smart contract","Blockchain;Smart contracts;Logistics;Transportation;Companies;Bitcoin","","31","","51","CCBY","8 Aug 2019","2019","","IEEE","IEEE Journals"
"Heterogeneous Blockchain and AI-Driven Hierarchical Trust Evaluation for 5G-Enabled Intelligent Transportation Systems","X. Wang; S. Garg; H. Lin; G. Kaddoum; J. Hu; M. M. Hassan","College of Computer and Cyber Security, Fujian Normal University, Fuzhou, China; École de technologie supérieure (ETS), Montreal, QC, Canada; College of Computer and Cyber Security, Fujian Normal University, Fuzhou, China; École de technologie supérieure (ETS), Montreal, QC, Canada; Department of Computer Science, University of Exeter, Exeter, U.K.; Department of Information Systems, College of Computer and Information Sciences, King Saud University, Riyadh, Saudi Arabia",IEEE Transactions on Intelligent Transportation Systems,"8 Feb 2023","2023","24","2","2074","2083","The fifth-generation (5G) wireless communication technology enables high-reliability and low-latency communications for the Intelligent Transportation System (ITS). However, the growingly sophisticated attacks against 5G-enabled ITS (5G-ITS) might cause serious damages to the valuable data generated by various ITS applications. Therefore, establishing a secure 5G-ITS through trust evaluation against potential threats has become a key objective. Furthermore, as a distributed shared ledger and database, Blockchain has the characteristics of non-tampering, traceability, openness and transparency, can support both trust storage and trust verification for trust evaluation. In this paper, we propose a heterogeneous Blockchain based Hierarchical Trust Evaluation strategy, named BHTE, utilizing the federated deep learning technology for 5G-ITS. Specifically, the trusts of ITS users and task distributers are evaluated using the federated deep learning and hierarchical incentive mechanisms are designed for reasonable and fair rewards and punishments. Moreover, the trusts of ITS users and task distributers are stored on heterogeneous and hierarchical blockchains for trust verification. The extensive experiment results show that: (i) the proposed BHTE can achieve reasonable and fair trust evaluations on both ITS users and task distributers; (ii) the BHTE performs excellently with high system throughput and low latency.","1558-0016","","10.1109/TITS.2021.3129417","King Saud University, Riyadh, Saudi Arabia, through the Researchers Supporting Project(grant numbers:RSP-2021/18); ","https://ieeexplore.ieee.org/stamp/stamp.jsp?arnumber=9632280","Blockchain;trust evaluation;5G;intelligent transportation systems;federated learning","Task analysis;Blockchains;Transportation;Trust management;Privacy;Intelligent transportation systems;5G mobile communication","","41","","27","IEEE","1 Dec 2021","Feb. 2023","","IEEE","IEEE Journals"
"Blockchain-Based Lightweight and Privacy-Preserving Quality Assurance Framework in Crowdsensing Systems","X. Shen; C. Xu; L. Zhu; R. Lu; Y. Guan; X. Zhang","School of Cyberspace Science and Technology, Beijing Institute of Technology, Beijing, China; School of Cyberspace Science and Technology, Beijing Institute of Technology, Beijing, China; School of Cyberspace Science and Technology, Beijing Institute of Technology, Beijing, China; Faculty of Computer Science, University of New Brunswick, Fredericton, Canada; Faculty of Computer Science, University of New Brunswick, Fredericton, Canada; Key Laboratory of Aerospace Network Security, Ministry of industry and Information Technology, School of Cyber Science and Technology, Beihang University, Beijing, China",IEEE Internet of Things Journal,"27 Dec 2023","2024","11","1","974","986","The novel sensing paradigm known as crowdsensing leverages ubiquitous smart devices to collect data in Internet of Things (IoT) applications. Traditional crowdsensing schemes assume a central framework to execute truth discovery algorithm to assure data quality, which may introduce reliability and privacy issues. Blockchain is a promising technology that provides a decentralized, transparent, and immutable platform. However, designing a blockchain-based quality assurance scheme in crowdsensing is not a trivial problem. First, truth discovery is a time-consuming iterative algorithm, which is not practical to execute on blockchain. Second, privacy-preserving schemes always require that the participants join in multiround communications, which is not acceptable in open blockchain because of users’ highly unpredictable behaviors. Finally, on-chain data are publicly accessible, and achieving a good balance between data utility and privacy is an important issue. In this article, we propose a lightweight quality assurance framework atop blockchain to build a reliable, privacy preserving, and fair crowdsensing system. Specifically, we carefully design two kinds of smart contracts to cooperatively maintain a long-term reliable platform to execute crowdsensing tasks. In the contracts, we devise a reputation-based aggregator selection algorithm to reach the consensus on truthful results while avoiding expensive on-chain iterative processes. The participant selection scheme and reward policy are further utilized to filter appropriate participants to complete the task. Our scheme also protects data privacy and does not require communications between participants. Finally, we implement and deploy the contracts on Ethereum and conduct extensive experiments to demonstrate that the contracts can practically execute crowdsensing tasks.","2327-4662","","10.1109/JIOT.2023.3288349","National Natural Science Foundation of China(grant numbers:62272042,U1804263); ","https://ieeexplore.ieee.org/stamp/stamp.jsp?arnumber=10158987","Crowdsensing;quality of source;smart contracts;truth discovery","Task analysis;Crowdsensing;Blockchains;Data privacy;Sensors;Smart contracts;Internet of Things","","12","","38","IEEE","21 Jun 2023","1 Jan.1, 2024","","IEEE","IEEE Journals"
"SliceGPT – OpenAI GPT-3.5 LLM, Blockchain and Non-Fungible Token Enabled Intelligent 5G/6G Network Slice Broker and Marketplace","E. Bandara; P. Foytik; S. Shetty; R. Mukkamala; A. Rahman; X. Liang; N. W. Keong; K. D. Zoysa","Old Dominion University, Norfolk, VA, USA; Old Dominion University, Norfolk, VA, USA; Old Dominion University, Norfolk, VA, USA; Old Dominion University, Norfolk, VA, USA; Deloitte & Touche LLP; Florida International University, USA; Nanyang Technological University, Singapore; University of Colombo, Sri Lanka",2024 IEEE 21st Consumer Communications & Networking Conference (CCNC),"18 Mar 2024","2024","","","439","445","The main challenges in the 5G/6G network slicing are resource sharing, network slice orchestration, and network optimization in the 5G ecosystem. This paper proposes a novel architecture for a dynamic network slice broker and marketplace named “SliceGPT” that leverages Custom-Trained OpenAI GPT-3.5 LLM, blockchain and NFTs to enable collaboration between different stakeholders in the 5G ecosystem to address these challenges. The platform enables different stakeholders in 5G network slicing (e.g., cloud providers, network operators, RAN providers, and transport network providers) to share and rent their resources to create customized network slices that meet the specific requirements of 5G applications. The orchestration of network slices is managed through blockchain smart contracts, and the resulting network slices are encoded as NFT tokens and made available for purchase in a decentralized NFT marketplace. Customers can select and purchase the network slices that best meet their needs by paying either crypto or flat currency. Revenue generated through the sale of network slices is distributed among different providers, facilitating a fair and efficient marketplace. Intelligent network slice optimization is accomplished through the utilization of a custom-trained GPT-3.5 LLM(which powers the ChatGPT). This LLM can generate valuable insights and recommendations from extensive network datasets, contributing to the optimization of network slices for enhanced performance and efficiency. A prototype of SliceGPT has been implemented with FreedomFi 5G gateway, OpenAirInterface 5G core, OpenAI GPT-3.5-turbo model, LlamaIndex and Langchain. To the best of our knowledge, this is the very first research endeavor to incorporate the GPT LLMs for optimizing 5G/6G network slicing,","2331-9860","979-8-3503-0457-2","10.1109/CCNC51664.2024.10454701","","https://ieeexplore.ieee.org/stamp/stamp.jsp?arnumber=10454701","5G;6G;Network Slicing;GPT;LLM;ChatGPT;NFT;Blockchain","5G mobile communication;Network slicing;Ecosystems;Smart contracts;Prototypes;Logic gates;Nonfungible tokens","","8","","25","IEEE","18 Mar 2024","6-9 Jan. 2024","6-9 Jan. 2024","IEEE","IEEE Conferences"
"Enhancing Privacy through “Smart Contract” using Blockchain-based Dynamic Access Control","R. Gupta; V. K. Shukla; S. S. Rao; S. Anwar; P. Sharma; R. Bathla","Department of Management and Commerce, Amity University, Dubai, U.A.E.; Department of Management and Commerce, Amity University, Dubai, U.A.E.; Department of Management and Commerce, Amity University, Dubai, U.A.E.; Department of Humanities, Arts and Applied Sciences, Amity University, Dubai, U.A.E.; Department of Engineering, Amity University, Noida, Uttar Pradesh, India; Amity Institute of Information Technology, Amity University, Noida, Uttar Pradesh, India","2020 International Conference on Computation, Automation and Knowledge Management (ICCAKM)","2 Apr 2020","2020","","","338","343","Blockchain helps to deliver Computerized working, on spot verification, cost efficiency, enhanced work. One of the fast initiatives for the implementation of Blockchain is taken by financial sector. As more than 60% of the market percent of the market value focuses on new technology. In the coming time, blockchain will start into influence into many domain including accountancy on it auxiliaries. Smart contract can play a very important role in banking and insurance. This can be very vital tool for the auditing purpose, because all transactions can be updated without any third party interference. All the accounting standards can be evaluated through blockchain systems thus giving professional accountants such as Chartered Accountants and Certified Public Accountants to focus more on the company policies and how it can improve its operations ethically. To access any resource in blockchain network. This paper presents a framework which use Fair access using Dynamic Access control. All process of fair access is recorded in smart contract and token allocation can be done with the help of Digital Signature. This makes system more perfect. For the very purpose of Blockchain intervening into accounting policies is to ensure that auditors are working to the potential in terms of verifying the accounts and financial records in accordance to the International Accounting Standards. This step hopes to minimize minimal frauds that might happen in the workplaces which could halt to the end of the business life as the privacy of smart contract can be enhanced.","","978-1-7281-0666-3","10.1109/ICCAKM46823.2020.9051521","","https://ieeexplore.ieee.org/stamp/stamp.jsp?arnumber=9051521","Blockchain;Smart Contract;FairAccess;Dynamic Access Control;Blockchain Auditing","Access control;Training;Privacy;Ethics;Smart contracts;Standards organizations;Blockchains;Fraud;Risk management;Resource management","","24","","27","IEEE","2 Apr 2020","9-10 Jan. 2020","9-10 Jan. 2020","IEEE","IEEE Conferences"
"Slicer: Verifiable, Secure and Fair Search over Encrypted Numerical Data Using Blockchain","H. Wu; R. Song; K. Lei; B. Xiao","The Hong Kong Polytechnic University, China; The Hong Kong Polytechnic University, China; Peking University, Shenzhen, China; The Hong Kong Polytechnic University, China",2022 IEEE 42nd International Conference on Distributed Computing Systems (ICDCS),"13 Oct 2022","2022","","","1201","1211","Verifiable Searchable Symmetric Encryption (SSE) enables reliable search over encrypted, privacy-preserving data on untrusted clouds. Most existing SSE designs only focus on keyword-file search. However, a more difficult but useful search, range search over encrypted numerical values remains unsolved. Moreover, the fairness of search in the mutual distrusted scenario without public verification, where data users may maliciously deny the results after the local result verification, is not well addressed yet. In this paper, we take the first step to study the public verification problem atop the blockchain for encrypted numerical search. We design a novel verifiable SSE scheme named Slicer based on a Succinct Order-Revealing Encryption (SORE) scheme to achieve range search on numerical data. Our search results are verifiable, updated and privacy-preserving by SSE and maintaining the forward security. We illustrate the security and practicality of our design through rigorous analysis and extensive evaluations respectively.","2575-8411","978-1-6654-7177-0","10.1109/ICDCS54860.2022.00118","","https://ieeexplore.ieee.org/stamp/stamp.jsp?arnumber=9912225","Verifiable search;searchable symmetric encryption;privacy-preserving;blockchain;cloud data","Search problems;Blockchains;Encryption;Reliability","","4","","30","IEEE","13 Oct 2022","10-13 July 2022","10-13 July 2022","IEEE","IEEE Conferences"
"AI-Driven NLP and Blockchain-Enabled Linguistic Analytics: Integrative Approaches for Fair, Transparent Literary Translation of George Orwell's Works","S. D. Ilhom Qizi; S. S. Ilhom Qizi; N. D. Azamkulovich; Z. G. Elbekovna; K. D. Normurodovna; A. M. Raxmonkulovna","Tashkent State Transport University, Uzbekistan; Nordic International University, Uzbekistan; Nordic International University, Uzbekistan; Nordic International University, Uzbekistan; Nordic International University, Uzbekistan; Tashkent state university of Oriental studies, Uzbekistan",2025 International Conference on Electrical Engineering and Informatics (ICEEI),"21 Jan 2026","2025","","","1","8","The rapid improvement of artificial intelligence (AI) in natural language processing (NLP) has changed literary translation by implementing semantic protection and stylistic reliability throughout the languages. However, regular translation systems often lack transparency, diagnosticity, and justification, especially when dealing with politically sensitive texts, such as George Orwell's works. This study aims to design an integrated method for ensuring the fair, transparent, and responsible translation of AI-operated NLP by combining Blaxain-Issued linguistic analysis. This research aims to preserve the conceptual integrity, stylistic synchronization, and semantic balance while ensuring censorship in translation verification. The so-called hybrid-based translation verification structure (HECTVF) utilizes the proposed mechanism, which involves transformer-based neural engine translation, interprets AI instructions for the safety of semantic and stylistic integrity, and employs non-modern verification. To implement large-scale multilingual training and standardization, 1,620 language combinations are used as a basic framework for the Wikimatritics database, with more than 135 million parallel synthetic pairs. A reasonable measurement, the conceptual reliability score (IFS), has been introduced to quantify translation consistency. Experiments using the Wikimatrics database show that this structure improves the transparency of 12% of the semantic reliability, 9% of the stylistic reliability, and transparency in transformation accountability compared to basic systems that lack Blaxain coordination. Smart contracts ensure a strong character in protecting fellow verification and ideological techniques. In conclusion, this research provides a new intermediate structure that not only improves the accuracy of translation but also, in accordance with the importance of the environment for reality and transparency, enables justification, illustration, and accountability.","2155-6830","979-8-3315-9271-4","10.1109/ICEEI68459.2025.11331257","","https://ieeexplore.ieee.org/stamp/stamp.jsp?arnumber=11331257","Blockchain-enabled Linguistic Analytics;Explainable Artificial Intelligence (XAI);Ideological Fidelity;Score (IFS);Neural Machine Translation (NMT);Semantic and Stylistic Fidelity","Translation;Accuracy;Databases;Semantics;Transformers;Natural language processing;Multilingual;Reliability;Global communication;Painting","","","","42","IEEE","21 Jan 2026","13-15 Nov. 2025","13-15 Nov. 2025","IEEE","IEEE Conferences"
"Optimized Multi-Scale Mixed Dense Graph Convolution Network and Blockchain based Efficient Authentication Approach for Secure Data Sharing in Internet of Vehicles","S. Sarika; S. Prabakeran","Department of Networking and Communications, Faculty of Engineering and Technology, SRM Institute of Science and Technology, Kattankulathur, Tamil Nadu, India; Department of Networking and Communications, Faculty of Engineering and Technology, SRM Institute of Science and Technology, Kattankulathur, Tamil Nadu, India","2024 IEEE 6th International Conference on Cybernetics, Cognition and Machine Learning Applications (ICCCMLA)","11 Feb 2025","2024","","","498","503","As computation and communication technology advance quickly, the Internet of vehicles (IoV) is used more and more to fulfil the vision of intelligent transportation systems. However, a central unit for data processing and storage as well as mediators for wireless transmission are necessary for many Internet of Vehicle applications. Sensitive data leaks, steep expenses, and delays may result from this. In this article, Enhanced Multi-Scale Mixed Dense Graph Convolution Network and Blockchain depend Efficient Authentication Approach for Secure Information Sharing in Internet of Vehicles (MMDGCN-EAA-IoV) is proposed. The input images are collected from the real time images from AI cameras, sensors etc. Then, the input images are fed into Banyan Tree Growth Optimization (BTGO) for registering the identified vehicles in Road Side Unit. After registration, critical events are detecting and validating using MMDGCN. Fair proof-of-reputation consensus (FPoR) is used for preventing the privacy preservation of unauthorized access. The proposed MMDGCN-EAA-IoV technique is applied on Python. Then act of the suggested technique is compared by other current methods. The suggested technique reaches $\mathbf{1 6. 2 8 \%}, \mathbf{3 0. 7 8 \%}$ and 25.29% lower authentication latency when comparing with existing techniques such as secure IoV with decentralized consensus blockchain mechanism (SIoV-DC-BCM), blockchain-based lightweight authentication and key agreement scheme for internet of vehicles (BC-LAK-IoV) and authentication scheme for unmanned aerial vehicles based internet of vehicles networks (ASU-AV-IoVN) respectively.","","979-8-3315-0579-0","10.1109/ICCCMLA63077.2024.10871776","","https://ieeexplore.ieee.org/stamp/stamp.jsp?arnumber=10871776","Banyan Tree Growth Optimization;Fair proof-of-reputation consensus;Internet of Vehicles;Multi-Scale Mixed Dense Graph Convolution Network;real time images","Wireless communication;Convolution;Road side unit;Authentication;Real-time systems;Blockchains;Delays;Sensors;Security;Internet of Vehicles","","","","13","IEEE","11 Feb 2025","19-20 Oct. 2024","19-20 Oct. 2024","IEEE","IEEE Conferences"
"Empowering Agriculture Products with QR Code Verification and Sentiment Analysis","R. K; S. R; R. A; P. M","Department of Information Technology, Panimalar Engineering College, Chennai, India; Department of Information Technology, Panimalar Engineering College, Chennai, India; Department of Information Technology, Panimalar Engineering College, Chennai, India; Department of Information Technology, Panimalar Engineering College, Chennai, India","2025 9th International Conference on Electronics, Communication and Aerospace Technology (ICECA)","13 Feb 2026","2025","","","874","881","The proliferation of fake agricultural products jeopardises consumer safety and threatens the livelihoods of legitimate producers. This paper introduces a comprehensive framework that leverages QR code verification and sentiment analysis to address these challenges within the agricultural supply chain. Every product is given a unique QR code, which allows customers to verify the legality of the product and obtain comprehensive details about its distribution and place of origin. Concurrently, the incorporation of sentiment analysis provides insightful information about customer comments, helping consumers make well-informed decisions while reducing the impact of false reviews. The approach not only empowers customers by increasing openness and trust, but it also provides farmers with actionable data to better understand market patterns, negotiate fair prices, and lessen their reliance on intermediaries. The success of the suggested framework in enhancing product traceability, building consumer trust, and advancing a more robust and reliable agricultural marketplace is demonstrated by a thorough evaluation.","","979-8-3315-9929-4","10.1109/ICECA66444.2025.11382886","","https://ieeexplore.ieee.org/stamp/stamp.jsp?arnumber=11382886","QR Code Verification;Sentiment Analysis;Blockchain;Agricultural Products","Sentiment analysis;Reviews;Supply chains;Buildings;Livelihood;QR codes;Agricultural products;Safety;Reliability;Consumer electronics","","","","15","IEEE","13 Feb 2026","5-7 Nov. 2025","5-7 Nov. 2025","IEEE","IEEE Conferences"
"Authentication of Voter Using Convolutional Neural Network and Blockchain","K. Upadhyay; A. Bansal; A. Gupta; V. Kansal; U. Jain; S. Bhatla","Dept. of CSE, Graphic Era Deemed to be University, Dehradun, India; Dept. of CSE, Graphic Era Deemed to be University, Dehradun, India; Dept. of CSE, Graphic Era Deemed to be University, Dehradun, India; Dept. of CSE, Graphic Era Deemed to be University, Dehradun, India; Dept. of CSE, Graphic Era Deemed to be University, Dehradun, India; Dept. of CSE, Graphic Era Hill University, Dehradun, India",2023 3rd International Conference on Technological Advancements in Computational Sciences (ICTACS),"25 Jan 2024","2023","","","122","127","For elected officials and government policies to be credible and legitimate in today's democracies, voting systems must be fair and honest. Voter impersonation and ballot stuffing are just two examples of the many fraud and manipulation schemes that can be used against traditional voting systems. We suggest a novel method for voter authentication that combines blockchain technology and convolutional neural networks (CNNs) to address these issues. Our suggested method entails gathering voter biometric information, such as facial recognition data, and putting it in a safe and immutable blockchain ledger. This ledger is virtually impossible to hack or manipulate because it is decentralized and replicated across numerous network nodes. After that, we compare the voter's identity to the information kept in the blockchain using a face recognition model based on CNN. This method enables us to protect the confidentiality and privacy of the personal data of voters while ensuring that only authorized voters can participate in the electoral process. On a real-world dataset, we put our suggested methodology to the test and show that it can accurately and securely authenticate voters. We also talk about the ethical issues that arise when implementing such a system, such as privacy, consent, and technology access. The advancement of democratic processes around the world can be aided by our suggested methodology, which has applications for creating more reliable and secure voting systems.","","979-8-3503-4233-8","10.1109/ICTACS59847.2023.10390084","","https://ieeexplore.ieee.org/stamp/stamp.jsp?arnumber=10390084","CNN;PCV;LDA;Blockchain;Triplet Loss Function;Open CV","Performance evaluation;Privacy;Face recognition;User centered design;Authentication;User interfaces;Blockchains","","4","","14","IEEE","25 Jan 2024","1-3 Nov. 2023","1-3 Nov. 2023","IEEE","IEEE Conferences"
"DAG-AFL: Directed Acyclic Graph-based Asynchronous Federated Learning","S. Zhang; L. Kong; Y. Zhang; W. He; Y. Zheng; H. Yu; L. Cui","School of Software, Shandong University, Jinan, China; School of Software, Shandong University, Jinan, China; School of Software, Shandong University, Jinan, China; School of Software, Shandong University, Jinan, China; School of Software, Shandong University, Jinan, China; College of Computing and Data Science, Nanyang Technological University, Singapore; School of Software, Shandong University, Jinan, China",2025 IEEE International Conference on Multimedia and Expo (ICME),"30 Oct 2025","2025","","","1","6","Due to the distributed nature of federated learning (FL), the vulnerability of the global model and the need for coordination among many client devices pose significant challenges. As a promising decentralized, scalable and secure solution, blockchain-based FL methods have attracted widespread attention in recent years. However, traditional consensus mechanisms designed for Proof of Work (PoW) similar to blockchain incur substantial resource consumption and compromise the efficiency of FL, particularly when participating devices are wireless and resource-limited. To address asynchronous client participation and data heterogeneity in FL, while limiting the additional resource overhead introduced by blockchain, we propose the Directed Acyclic Graph-based Asynchronous Federated Learning (DAG-AFL) framework. We develop a tip selection algorithm that considers temporal freshness, node reachability and model accuracy, with a DAG-based trusted verification strategy. Extensive experiments on 3 benchmarking datasets against eight state- of-the-art approaches demonstrate thatDAG-AFL significantly improves training efficiency and model accuracy by 22.7% and 6.5% on average, respectively.","1945-788X","979-8-3315-9495-4","10.1109/ICME59968.2025.11209407","Shandong University; Ministry of Education; National Research Foundation; ","https://ieeexplore.ieee.org/stamp/stamp.jsp?arnumber=11209407","Federated Learning;Blockchain;DAG;Tip Selection","Training;Wireless communication;Accuracy;Limiting;Federated learning;Refining;Benchmark testing;Throughput;Proof of Work;Consensus protocol","","1","","21","IEEE","30 Oct 2025","30 June-4 July 2025","30 June-4 July 2025","IEEE","IEEE Conferences"
"$AiRacleX$: Automated Detection of Price Oracle Manipulations via LLM-Driven Knowledge Mining and Prompt Generation","B. Gao; Y. Wang; Q. Wei; Y. Liu; R. S. M. Goh; D. Lo","Institute of High Performance Computing, Agency for Science, Technology and Research (A*STAR), Singapore; Institute of High Performance Computing, Agency for Science, Technology and Research (A*STAR), Singapore; Institute of High Performance Computing, Agency for Science, Technology and Research (A*STAR), Singapore; Institute of High Performance Computing, Agency for Science, Technology and Research (A*STAR), Singapore; Institute of High Performance Computing, Agency for Science, Technology and Research (A*STAR), Singapore; School of Computing and Information Systems, Singapore Management University, Singapore",IEEE Transactions on Services Computing,"6 Feb 2026","2026","19","1","2","13","Decentralized finance (DeFi) applications depend on accurate price oracles to ensure secure and fair transactions. However, poorly integrated oracles remain susceptible to manipulation, enabling attackers to exploit smart contract logic for unfair asset valuation and financial gain. While many such vulnerabilities are only detected after deployment, smart contracts are typically immutable once deployed, making post-hoc fixes costly or infeasible. This highlights the critical need for detecting oracle manipulation risks before deployment. In this paper, we propose $AiRacleX$AiRacleX, a novel LLM-driven framework that enables pre-deployment detection of price oracle manipulation vulnerabilities by leveraging the complementary strengths of multiple large language models (LLMs). Our approach begins with domain-specific knowledge extraction, where an LLM model synthesizes precise insights about price oracle vulnerabilities, eliminating the need for profound expertise from developers or auditors. This knowledge forms the foundation for a second LLM model to generate structured, context-aware Chain-of-Thought prompts, which guide a third LLM model in accurately identifying manipulation patterns in smart contracts. We evaluate $AiRacleX$AiRacleX on 60 known vulnerabilities from 44 real-world DeFi exploits and Code4rena projects spanning 2021–2023. The results show that $AiRacleX$AiRacleX achieves a 2.58 times improvement in recall over the state-of-the-art GPTScan, with comparable precision. Our framework also demonstrates strong extensibility and efficiency, and supports deployment with open-source LLMs to enhance security and reduce operational cost.","1939-1374","","10.1109/TSC.2025.3638205","RIE2025 Industry Alignment Fund – Industry Collaboration Project(grant numbers:I2301E0020); Japan-Singapore Joint Call: Japan Science and Technology Agency(grant numbers:R24I6IR141); A*STAR; ","https://ieeexplore.ieee.org/stamp/stamp.jsp?arnumber=11270215","LLM;price oracle manipulations;prompt engineering;smart contract security","Blockchains;Computer bugs;Smart contracts;Finance;Decentralized applications;Atmospheric modeling;Logic;Costs;Vectors;Synthesizers","","1","","43","IEEE","27 Nov 2025","Jan.-Feb. 2026","","IEEE","IEEE Journals"
"Give Me a Secure Ride: TEE-Blockchain Enabled Privacy-Aware and Verifiable Ride Sharing Services","J. Yang; H. Wu; B. Düdder; C. Xiao; X. Dong; Z. Cao","Shanghai Key Laboratory of Trustworthy Computing, East China Normal University, Shanghai, China; Shanghai Key Laboratory of Trustworthy Computing, East China Normal University, Shanghai, China; Department of Computer Science, University of Copenhagen, Copenhagen, Denmark; School of Computing and Mathematical Sciences, University of Leicester, Leicester, United Kingdom; Shanghai Key Laboratory of Trustworthy Computing, East China Normal University, Shanghai, China; Shanghai Key Laboratory of Trustworthy Computing, East China Normal University, Shanghai, China",IEEE Transactions on Services Computing,"","2026","PP","99","1","14","The proliferation of mobile internet and sharing economy has catalyzed the emergence of Ride-Sharing Services (RSSs) as a paradigm of spatial crowdsourcing in intelligent transportation. Compared with ride-hailing, RSSs present heightened challenges in security and service quality management due to bidirectional disclosure of trip plans and complex matching logic. Existing secure RSS solutions predominantly operate under semi-honest threat models or suffer from prohibitive computational complexity in service composition. However, ensuring public verifiability of matching outcomes is equally critical to prevent manipulation and ensure accountability in decentralized environments. Moreover, achieving a harmonious trade-off among privacy preservation, public verifiability, and matching efficiency remains an open challenge in RSS systems. This work proposes TBRS, a novel TEE-Blockchain powered privacy-aware Ride-Sharing framework, which innovatively addresses three core challenges in service computing: (1) formalizing an inclusive matching model that extends traditional identical matching through trajectory region overlap analysis and direction alignment verification; (2) designing an Index-Preserving Bloom Filter (IP-BF) coupled with Hilbert R-tree spatial indexing, achieving $O(\log n)$ matching complexity through computational geometry optimization; (3) implementing a hybrid trusted execution environment via SGX-enhanced consortium blockchain with private smart contracts, ensuring verifiable service operations management under malicious threats. The framework demonstrates significant advancements in service performance management through systematic experiments: 2${\times }$ $\sim$ 11${\times }$ acceleration in on-chain service composition, 6× $\sim$ 33× improvement in off-chain computation efficiency, while maintaining over 99% service matching accuracy. These results signify that TBRS effectively breaks the efficiency bottleneck of existing privacy-preserving RSS solutions, making decentralized ride-sharing practical for deployment.","1939-1374","","10.1109/TSC.2026.3653977","","https://ieeexplore.ieee.org/stamp/stamp.jsp?arnumber=11353107","Ride-sharing service;privacy-preserving composition;trusted architecture;spatial crowdsourcing;blockchain","Privacy;Blockchains;Complexity theory;Trajectory;Cryptography;Matched filters;Ride hailing;Computational modeling;Threat modeling;Spatial indexes","","","","","IEEE","14 Jan 2026","","","IEEE","IEEE Early Access Articles"
"Chain-Checkmate: Chess game using blockchain","A. More; O. L. Ramishte; S. K. Shaikh; S. Shinde; Y. K. Mali","Department of Computer Engineering, Pillai HOC college of Engineering and technology (Mumbai University), Rasayani, India; Department of Computer Engineering, Pillai HOC college of Engineering and technology (Mumbai University), Rasayani, India; Department of Computer Engineering, Pillai HOC college of Engineering and technology (Mumbai University), Rasayani, India; Pillai HOC college of Engineering & technology(Mumbai University), Rasayani, India; AIML Department, G.H Raisoni College of Engineering and Management, Wagholi",2024 15th International Conference on Computing Communication and Networking Technologies (ICCCNT),"4 Nov 2024","2024","","","1","7","Blockchain technology has emerged as a groundbreaking database mechanism, which offers transparency and security to information sharing across networks. “Chain Checkmate” leverages the potency of blockchain to chronicle every move and outcome securely and unalterably. In our project aimed at elevating the prominence of chess as a competitive sport, the existing online chess game platform faces limitations such as the incapacity for players to communicate during matches, a lack of token-based rewards, and the potential for unauthorized alterations in the game. These limitations highlight the importance of considering a blockchain-based solution. The main challenge in this project is to create an online chess blockchain platform that addresses the key challenges of data security, trust, and game record management. By presenting chess pieces on the blockchain as NFTs, the project ensures security and transparency of the game records. Additionally, smart contracts are employed to streamline and enhance the efficiency of the chess game. This project also places emphasis on promoting fair play by applying blockchain’s unchangeable nature to thwart cheating and fraudulent activities in online chess games. Through decentralized storage of game data and transparent verification processes, players can have confidence in the legitimacy of their opponents’ moves and game results. Furthermore, the platform fosters a global chess network by enabling cross-border participation and incentives for players, fostering a more robust sense of community within the chess ecosystem. By implementing blockchain’s decentralized ledger and smart contracts, the project aims to revolutionize not only the way chess games are played and recorded but also how players interact and engage with each other. This innovative approach brings a new level of trust and fairness to online chess, ultimately strengthening the global chess community and encouraging broader participation in this timeless and strategic game.","2473-7674","979-8-3503-7024-9","10.1109/ICCCNT61001.2024.10725572","","https://ieeexplore.ieee.org/stamp/stamp.jsp?arnumber=10725572","Blockchain;NFT;Security;Immutable;Token;Chess","Databases;Data security;Smart contracts;Ecosystems;Memory;Information sharing;Games;Blockchains;Faces;Sports","","30","","27","IEEE","4 Nov 2024","24-28 June 2024","24-28 June 2024","IEEE","IEEE Conferences"
"Data Trading System Using Blockchain with Oracle Network","M. T. Hasan; K. M. Rokibul Alam; M. A. Habib; M. Navid Razzaque","Department of Computer Science and Engineering (CSE), Khulna University of Engineering & Technology (KUET), Khulna, Bangladesh; Department of Computer Science and Engineering (CSE), Khulna University of Engineering & Technology (KUET), Khulna, Bangladesh; Department of Computer Science and Engineering (CSE), Khulna University of Engineering & Technology (KUET), Khulna, Bangladesh; Department of Computer Science and Engineering (CSE), Khulna University of Engineering & Technology (KUET), Khulna, Bangladesh",2023 6th International Conference on Electrical Information and Communication Technology (EICT),"13 Feb 2024","2023","","","1","6","Data is a crucial asset for Industry 4.0 serving to enhance operational processes, understand customer requirements, assist market decision-making, etc. Data trading systems have sprung up as an answer to a demand for Industry 4.0. However, they operate with systematic issues such as data reselling, inherent lack of trust between buyers and sellers, and botnet attacks. This paper proposes a blockchain-based data trading system that (i) operates under primarily an aggregate transaction mode where the system will act only as an intermediary, (ii) works in four main phases e.g., data-sale phase, contention phase, random arbitrator selection phase, and out-of-chain phase, of which the foremost is mandatory and the remaining are conditional, (iii) uses oracle network for automation and incorporating randomness into the process to fortify against adversary conditions, and (iv) incentivizes the fair behaviour through rewards. The experimental evaluations, analyses, comparisons with state-of-the-art works, etc., imply the efficacy of the proposed data trading system.","","979-8-3503-7083-6","10.1109/EICT61409.2023.10427802","","https://ieeexplore.ieee.org/stamp/stamp.jsp?arnumber=10427802","Oracle Network;IPFS;Data reselling;Random Arbitrator Selection;Blockchain","Systematics;Botnet;Decision making;Prototypes;Fourth Industrial Revolution;Information and communication technology;Standards","","1","","26","IEEE","13 Feb 2024","7-9 Dec. 2023","7-9 Dec. 2023","IEEE","IEEE Conferences"
"A Blockchain System For MOOCs And Credit Bank","Y. Qu; Z. Chong","Data Science and Intelligent Computing Research Center, Hebei University of Science and Technology, Shijiazhuang, Hebei; Data Science and Intelligent Computing Research Center, Hebei University of Science and Technology, Shijiazhuang, Hebei","2021 International Conference on Education, Information Management and Service Science (EIMSS)","19 Nov 2021","2021","","","355","358","Nowadays, the rapid rise of the application of blockchain technology provides an opportunity to solve the weaknesses in the field of MOOCs, such as the authenticity of learning achievement certification, the problem of low efficiency of credit conversion, and the digital copyright protection of online courses. In this paper, we propose a blockchain system for MOOCs and credit banks. The system includes an entirely new heterogeneous multi-chain blockchain network structure based on the Polkadot framework, as well as three specific smart contract solutions to achieve MOOCs learning achievement evaluation and credit exchange, copyright registration of course resources and digital certificate verification, and intelligent transaction of paid courses. The proposed system has been demonstrated as a promising candidate solution for establishing a fairer, healthier, and more efficient online education platform and credit bank system.","","978-1-6654-2707-4","10.1109/EIMSS53851.2021.00083","National Natural Science Foundation of China(grant numbers:71301044); Natural Science Foundation of Hebei Province(grant numbers:G2021208004); ","https://ieeexplore.ieee.org/stamp/stamp.jsp?arnumber=9603655","MOOC;Blockchain;Credit Bank System","Supply and demand;Electronic learning;Costs;Smart contracts;Education;Copyright protection;Blockchains","","2","","10","IEEE","19 Nov 2021","16-18 July 2021","16-18 July 2021","IEEE","IEEE Conferences"
"ZKFDT: A Fair Exchange Scheme for Data Trading Based on Efficient Zero-Knowledge Proofs","J. Liu; W. Wan; C. Long; J. Li; F. Yang; Y. Fu","Computer Network Information Center, Chinese Academy of Sciences, Beijing, China; Computer Network Information Center, Chinese Academy of Sciences, Beijing, China; Computer Network Information Center, Chinese Academy of Sciences, Beijing, China; Computer Network Information Center, Chinese Academy of Sciences, Beijing, China; Computer Network Information Center, Chinese Academy of Sciences, Beijing, China; Computer Network Information Center, Chinese Academy of Sciences, Beijing, China","2024 IEEE 23rd International Conference on Trust, Security and Privacy in Computing and Communications (TrustCom)","4 Apr 2025","2024","","","2197","2206","In zero-trust environments, fair exchange schemes have long faced challenges of low efficiency and high computational overhead when verifying the integrity of large-scale data. To address these issues, this paper proposes ZKFDT, an efficient data fair exchange scheme based on optimized zero-knowledge proof algorithms, offering improvements in efficiency, fairness, and security. In terms of efficiency, ZKFDT leverages IPFS’s hash-based addressing mechanism to significantly reduce network communication overhead compared to traditional data transmission methods, while also optimizing the multi-scalar multiplication algorithm, improving proof generation efficiency by 2x. Regarding security, ZKFDT adopts the more secure ABR23 protocol, addressing the malleability attack vulnerabilities of Groth16 while maintaining its low communication overhead. Through the implementation of smart contracts, including proof verification, atomic swaps, and time-lock functionality, ZKFDT ensures fairness and immutability in data transactions. Experimental results show that ZKFDT demonstrates high efficiency and practical feasibility in large-scale data transaction applications.","2324-9013","979-8-3315-0620-9","10.1109/TrustCom63139.2024.00303","Research and Development; Chinese Academy of Sciences; ","https://ieeexplore.ieee.org/stamp/stamp.jsp?arnumber=10944909","fair exchange;data trade;zero knowledge proofs","Data privacy;Smart contracts;Big Data;Computational efficiency;Security;Data communication;Zero knowledge proof","","","","48","IEEE","4 Apr 2025","17-21 Dec. 2024","17-21 Dec. 2024","IEEE","IEEE Conferences"
"To Authenticity, and Beyond! Building Safe and Fair Generative AI Upon the Three Pillars of Provenance","J. Collomosse; A. Parsons","Adobe Research, San Jose, CA, USA; Content Authenticity Initiative, Adobe Inc., New York, NY, USA",IEEE Computer Graphics and Applications,"21 Jun 2024","2024","44","3","82","90","Provenance facts, such as who made an image and how, can provide valuable context for users to make trust decisions about visual content. Against a backdrop of inexorable progress in generative AI for computer graphics, over two billion people will vote in public elections this year. Emerging standards and provenance enhancing tools promise to play an important role in fighting fake news and the spread of misinformation. In this article, we contrast three provenance enhancing technologies—metadata, fingerprinting, and watermarking—and discuss how we can build upon the complementary strengths of these three pillars to provide robust trust signals to support stories told by real and generative images. Beyond authenticity, we describe how provenance can also underpin new models for value creation in the age of generative AI. In doing so, we address other risks arising with generative AI such as ensuring training consent, and the proper attribution of credit to creatives who contribute their work to train generative models. We show that provenance may be combined with distributed ledger technology to develop novel solutions for recognizing and rewarding creative endeavor in the age of generative AI.","1558-1756","","10.1109/MCG.2024.3380168","","https://ieeexplore.ieee.org/stamp/stamp.jsp?arnumber=10568485","","Training;Visualization;Generative AI;Biological system modeling;Watermarking;Authentication;Trust management;Context awareness","Humans;Computer Graphics;Artificial Intelligence","15","","12","IEEE","21 Jun 2024","May-June 2024","","IEEE","IEEE Magazines"
"SSHC: A Secure and Scalable Hybrid Consensus Protocol for Sharding Blockchains With a Formal Security Framework","Y. Liu; J. Liu; Q. Wu; H. Yu; Y. Hei; Z. Zhou","School of Cyber Science and Technology, Beihang University, Beijing, China; School of Cyber Science and Technology, Beihang University, Beijing, China; School of Cyber Science and Technology, Beihang University, Beijing, China; School of Electronic and Information Engineering, Beihang University, Beijing, China; School of Cyber Science and Technology, Beihang University, Beijing, China; School of Cyber Science and Technology, Beihang University, Beijing, China",IEEE Transactions on Dependable and Secure Computing,"12 May 2022","2022","19","3","2070","2088","Sharding blockchains are proposed to solve the scalability problem while maintaining security and decentralization. However, there are still many issues to be solved. First, the member selection and assignment process are not strictly analyzed, which might lead to an increase in the adversary proportion. Second, current intra-shard consensus algorithms are inefficient. Besides, cross-shard transaction processing costs expensive system overhead. Moreover, there is a lack of a formal security framework. In this article, we propose a secure and scalable hybrid consensus (SSHC). First, we propose a fair sharding selection scheme to select committee members, including mining processes and member lists confirmation by a reference committee. Second, a pipelined Byzantine fault tolerance for intra-shard consensus is designed, combining the pipelined technology with threshold signatures. Third, we propose a responsive sharding transaction batch processing mechanism to handle cross-shard transactions, which reduces the number of calls to Byzantine fault tolerance algorithms. Fourth, a secure committee reconfiguration method is designed to update shard members efficiently. Furthermore, we employ a formal security framework to design and analyze a sharding blockchain. For an adversary whose computational power fraction is less than $1/3$1/3, by reasonably setting a corruption parameter and other related parameters, SSHC is proved to achieve consistency and liveness.","1941-0018","","10.1109/TDSC.2020.3047487","National Key R&D Program of China(grant numbers:2017YFB0802500,2017YFB1400702); National Cryptography Development Fund(grant numbers:MMJJ20170106); National Natural Science Foundation of China(grant numbers:61972019,61932011,61772538,61672083,61532021,61472429,91646203,61402029,61972017,61972018,61932014,61972310); Foundation of Science and Technology on Information Assurance Laboratory(grant numbers:61421120305162112006); China Scholarship Council(grant numbers:201906020015); ","https://ieeexplore.ieee.org/stamp/stamp.jsp?arnumber=9308957","Sharding blockchains;scalability;Byzantine fault tolerance;fairness;responsiveness","Blockchain;Security;Synchronization;Scalability;Fault tolerant systems;Fault tolerance;Delays","","57","","33","IEEE","25 Dec 2020","1 May-June 2022","","IEEE","IEEE Journals"
"A decentralized data integrity auditing scheme for cloud storage","J. Liu; H. Huang; Q. Chen; Z. Huang","School of Computer Science, Minnan Normal University, Zhangzhou, Fujian, China; School of Computer Science, Minnan Normal University, Zhangzhou, Fujian, China; School of Computer Science, Minnan Normal University, Zhangzhou, Fujian, China; Fujian Key Laboratory of Granular Computing and Application, Minnan Normal University, Zhangzhou, Fujian, China",2023 International Conference on Data Security and Privacy Protection (DSPP),"25 Jan 2024","2023","","","190","198","Cloud storage service providers offer remote data storage services, and users verify the integrity of the outsourced data through a fixed third-party auditor. However, a single third-party auditor may collaborate with other entities, which raises security problems. In this paper, we propose a decentralized integrity auditing scheme with multiple auditors participating, which solves the single point of failure problem caused by a single third-party auditor. However, using multiple auditors for auditing increases the communication overhead between cloud service providers and verifiers. To solve this problem, we introduce the concept of non-interactive public provable data ownership to reduce the interaction between them. We also design a new reward and punishment mechanism to motivate entities to participate honestly in auditing. The theoretical analysis and experimental evaluation show that our scheme is feasible and effective.","","979-8-3503-0315-5","10.1109/DSPP58763.2023.10404960","National Social Science Fund of China; Natural Science Foundation of Fujian Province; Minnan Normal University; ","https://ieeexplore.ieee.org/stamp/stamp.jsp?arnumber=10404960","Data integrity;Non-interactivity;Decentralization;Fair payment","Cloud computing;Costs;Data integrity;Smart contracts;Memory;Safety;Reliability","","1","","22","IEEE","25 Jan 2024","16-18 Oct. 2023","16-18 Oct. 2023","IEEE","IEEE Conferences"
"A Privacy-Preserving Large-Scale Data Marketing System Based on Blockchain and Zero Knowledge Proof for VANETs","J. Yang; Y. Zhang; H. Lei; Z. Bao; X. Wang; H. Zhang","College of Intelligence Science and Technology, Inner Mongolia University of Technology, Hohhot, China; SSC Holding Company Ltd., Chengmai, China; School of Cyberspace Security (School of Cryptography), Hainan University, Haikou, China; Department of Computing, The Hong Kong Polytechnic University, Hong Kong, SAR, China; CalmCar Company Ltd., Tianjin, China; China Unicom (Hainan) Innovation Research Institute, Haikou, China",IEEE Transactions on Vehicular Technology,"19 Jan 2026","2026","75","1","1353","1369","In the process of integrating the digital economy with the real economy, a vast and diverse supply of data has emerged. Among these, the exponential growth of data in vehicular ad-hoc networks (VANETs) hold immense commercial value. This further drives the demand for building large-scale data marketing platforms to support trading between vehicles and businesses in order to reduce the cost of local management. However, this must address several challenges related to security and performance, such as fairness, privacy protection, and data delivery efficiency. Therefore, this paper proposes a privacy-preserving large-scale data marketing system (PLDM), aiming to address these challenges. Specifically, this solution is based on blockchain to build a decentralized trusted third party to ensure the fairness of the trading process. In addition, we combine the $\Sigma$-protocol and Merkle tree to prove the validity of both the encryption of data to be traded and the identities of the trading participants. This not only achieves privacy protection for data and identities but also reduces the computational costs for vehicles. We provide the security analysis and experimental evaluation of PLDM. And the results show that PLDM performs well in fairness and privacy protection, supporting efficient delivery of large-scale data and low on-chain computational costs.","1939-9359","","10.1109/TVT.2025.3594128","Research Startup Fund of Hainan University(grant numbers:KYQD(ZR)-21071); National Natural Science Foundation of China(grant numbers:62163011,62362055); Natural Science Foundation of Inner Mongolia(grant numbers:2023MS06008); Joint Program on Health Science and Technology Innovation of Hainan Province(grant numbers:WSJK2024 MS232); ","https://ieeexplore.ieee.org/stamp/stamp.jsp?arnumber=11106314","VANET;large-scale data trading;blockchain;fairness;privacy protection;  $\Sigma$  -protocol","Data privacy;Protection;Blockchains;Privacy;Encryption;Fraud;Generators;Companies;Authentication;Public key","","1","","40","IEEE","31 Jul 2025","Jan. 2026","","IEEE","IEEE Journals"
"AutoKYC: Automation of Identity establishment and authentication in KYC process using Text extraction and face recognition","S. Chaubey; S. Bhalerao; N. Mangaonkar","Masters of Computer Application, Sardar Patel Institute of Technology, Mumbai, India; Masters of Computer Application, Sardar Patel Institute of Technology, Mumbai, India; Masters of Computer, Sardar Patel Institute of Technology, Mumbai, India",2022 2nd Asian Conference on Innovation in Technology (ASIANCON),"11 Oct 2022","2022","","","1","6","AutoKYC is a system designed for the organization who wants to verify the identity of the users while doing their KYC for example, a bank. These organizations face a big concern of fake account creation and thus portrays a false image in minds of stakeholders. So, AutoKYC would be a system which would allow these organizations to establish the identity of the users not only on the basis of the proof they have submitted but the face verification as well. AutoKYC follows the set of multi-step verification in order to establish the identity of person. The closed loop of identity verification for the users enables the system to be used in Public Distribution Sectors as well, where the data of the user and the proof can be a means to ensure the fair delivery and propose clarity in the system.","","978-1-6654-6851-0","10.1109/ASIANCON55314.2022.9909442","","https://ieeexplore.ieee.org/stamp/stamp.jsp?arnumber=9909442","auto;kyc;know;your;customer;ekyc;face recognition;text extraction;know your customer;automation","Technological innovation;Automation;Computer hacking;Face recognition;Authentication;Organizations;Medical services","","4","","12","IEEE","11 Oct 2022","26-28 Aug. 2022","26-28 Aug. 2022","IEEE","IEEE Conferences"
"A Secure and Decentralized Auditing Scheme for Cloud Ensuring Data Integrity and Fairness in Auditing","T. Islam; K. Hasan; S. Singh; J. S. Park","Syracuse University, Syracuse, NY, USA; Tennessee State University, Nashville, TN, USA; Syracuse University, Syracuse, NY, USA; Syracuse University, Syracuse, NY, USA",2022 IEEE 9th International Conference on Cyber Security and Cloud Computing (CSCloud)/2022 IEEE 8th International Conference on Edge Computing and Scalable Cloud (EdgeCom),"4 Aug 2022","2022","","","74","79","With the advent of cloud storage services many users tend to store their data in the cloud to save storage cost. However, this has lead to many security concerns, and one of the most important ones is ensuring data integrity. Public verification schemes are able to employ a third party auditor to perform data auditing on behalf of the user. But most public verification schemes are vulnerable to procrastinating auditors who may not perform auditing on time. These schemes do not have fair arbitration also, i.e. they lack a way to punish the malicious Cloud Service Provider (CSP) and compensate user whose data has been corrupted. On the other hand, CSP might be storing redundant data that could increase the storage cost for the CSP and computational cost of data auditing for the user. In this paper, we propose a Blockchain-based public auditing and deduplication scheme with a fair arbitration system against procrastinating auditors. The key idea requires auditors to record each verification using smart contract and store the result into a Blockchain as a transaction. Our scheme can detect and punish the procrastinating auditors and compensate users in the case of any data loss. Additionally, our scheme can detect and delete duplicate data that improve storage utilization and reduce the computational cost of data verification. Experimental evaluation demonstrates that our scheme is provably secure and does not incur overhead compared to the existing public auditing techniques while offering an additional feature of verifying the auditor’s performance.","2693-8928","978-1-6654-8066-6","10.1109/CSCloud-EdgeCom54986.2022.00022","","https://ieeexplore.ieee.org/stamp/stamp.jsp?arnumber=9843044","Convergent Encryption;Confidentiality;Deduplication;Blockchain;Public Data Auditing;Procrastinating Auditor","Cloud computing;Costs;Data integrity;Conferences;Smart contracts;Computational efficiency;Blockchains","","1","","19","IEEE","4 Aug 2022","25-27 June 2022","25-27 June 2022","IEEE","IEEE Conferences"
"Smardy: Zero-Trust FAIR Marketplace for Research Data","I. -D. Filip; C. Ionite; A. González-Cebrián; M. Balanescu; C. Dobre; A. E. Chis; D. Feenan; A. -A. Buga; I. -M. Constantin; G. Suciu; G. V. Iordache; H. González-Vélez","Faculty of Automatic Control and Computers, University POLITEHNICA of Bucharest, Romania; Faculty of Automatic Control and Computers, University POLITEHNICA of Bucharest, Romania; National College of Ireland, Cloud Competency Centre, Ireland; BEIA Cercetare S.R.L, Romania; Faculty of Automatic Control and Computers, University POLITEHNICA of Bucharest, Romania; National College of Ireland, Cloud Competency Centre, Ireland; Digital Technology Skills Ltd., Ireland; Faculty of Automatic Control and Computers, University POLITEHNICA of Bucharest, Romania; Faculty of Automatic Control and Computers, University POLITEHNICA of Bucharest, Romania; BEIA Cercetare S.R.L, Romania; BEIA Cercetare S.R.L, Romania; National College of Ireland, Cloud Competency Centre, Ireland",2022 IEEE International Conference on Big Data (Big Data),"26 Jan 2023","2022","","","1535","1541","Over the past five years, different organisations have increasingly called for science to become more open and reproducible. They have endorsed a set of data-management principles known as the FAIR (Findable, Accessible, Interoperable, Reusable) principles. As such, there is a growing trend towards the open availability of research data, as researchers continue to enhance reproducibility by enabling sharing and opening of their findings and datasets. However, there is not yet a standardised way to openly enable access to datasets while keeping control of their final use, potentially obtaining benefits from their utilisation. This paper introduces Smardy, an EU-funded project which is deploying a traceable FAIR-compliant open innovation marketplace for data. Its innovative method for data exchange consists of the use of blockchain for controlling access rights to data, with data models able to grant access according to policies completely kept under the control of the data owner/producer. We also describe how Smardy employs dimensionality reduction techniques to automatically generate FAIR–compliant metadata, statistical fingerprinting to identify derivated datasets, and watermarking to help data owners trace the distribution of multiple copies of a dataset.","","978-1-6654-8045-1","10.1109/BigData55660.2022.10020710","Enterprise Ireland; ","https://ieeexplore.ieee.org/stamp/stamp.jsp?arnumber=10020710","open data;open science;FAIR;data exchange;automatic versioning;blockchain;data repositories","Dimensionality reduction;Technological innovation;Watermarking;Permission;Fingerprint recognition;Big Data;Metadata","","2","","24","IEEE","26 Jan 2023","17-20 Dec. 2022","17-20 Dec. 2022","IEEE","IEEE Conferences"
"VP$^{2}$2-Match: Verifiable Privacy-Aware and Personalized Crowdsourcing Task Matching via Blockchain","H. Wu; B. Düdder; S. Jiang; L. Wang","Shanghai Key Laboratory of Trustworthy Computing, Software Engineering Institute, East China Normal University, Shanghai, China; Department of Computer Science, University of Copenhagen, Copenhagen, Denmark; Department of Information Science, China University of Mining and Technology, Xuzhou, Jiangsu, China; School of Cyber Science and Engineering, Southeast University, Nanjing, Jiangsu, China",IEEE Transactions on Mobile Computing,"4 Sep 2024","2024","23","10","9913","9930","Privacy-aware task allocation/matching has been an active research focus in crowdsourcing. However, existing studies focus on an honest-but-curious assumption and a single-attribute matching model. There is a lack of adequate attention paid to scheme designs against malicious behaviors and supporting user-side personalized task matching over multiple attributes. A few recent works employ blockchain and cryptographic techniques to decentralize the matching procedure with verifiable and privacy-preserving on-chain executions. However, they still bear expensive on-chain overhead. In this paper, we propose VP$^{2}$2-Match, a blockchain-assisted (publicly) verifiable privacy-aware crowdsourcing task matching scheme with personalization. VP$^{2}$2-Match extends symmetric hidden vector encryption for user-side expressive matching without compromising their privacy. It avoids costly on-chain matching by letting the blockchain only store evidence/proofs for public verifiability of the matching correctness and for enforcing fair interactions against misbehaviors. Specifically, we construct extended attribute sets and solve matching verification by an algorithmic reduction into subset verification with an accumulator for proof generation. Formal security proof and extensive comparison experiments on Ethereum demonstrate the provable security and better performance of VP$^{2}$2-Match, respectively.","1558-0660","","10.1109/TMC.2024.3369085","National Key R&D Program of China(grant numbers:2020YFB1005500); National Natural Science Foundation of China(grant numbers:62202167,U1736216,61702231); Danish Ministry of Education and Science, Digital Pilot Hub and Skylab Digital; ","https://ieeexplore.ieee.org/stamp/stamp.jsp?arnumber=10444030","Blockchain;crowdsourcing;personalized task allocation;privacy protection;public verifiability","Task analysis;Vectors;Privacy;Crowdsourcing;Blockchains;Cryptography;Encryption","","5","","49","IEEE","23 Feb 2024","Oct. 2024","","IEEE","IEEE Journals"
"A Framework Using Useful Work for Transient Committee Selections in Blockchain Consensus","S. C. Adams; Y. Zheng","Department of Computer Science, University of Alabama at Birmingham, Birmingham, USA; Department of Computer Science, University of Alabama at Birmingham, Birmingham, USA",2022 International Conference on IoT and Blockchain Technology (ICIBT),"30 Jun 2022","2022","","","1","6","We present an novel implementation for a member selection mechanism for committee-based consensus utilizing useful work execution as a precursor for selection. The framework enables distributed code execution with can ensure the code is safe to execute and provide verification of results. Our approach incorporates the Interplanetary File System (IPFS) network for storage and retrieval of code and related data. Through IPFS content-based addressing, both the source files and results are made available in a way that is tamper resistant with permanent data storage. Utilizing a code parser built using python, potential attack vectors within submitted code are identified and blocked allowing for safe remote execution. The end result is a tool that enables secure, local code execution without risk to the host machine and without the need for containerization software. Verified solutions reward participants with credits which are exchanged for participation in a committee-based consensus system in a fair and distributed manner.","","978-1-6654-2416-5","10.1109/ICIBT52874.2022.9807709","","https://ieeexplore.ieee.org/stamp/stamp.jsp?arnumber=9807709","distributed computing;security;blockchain;consensus","Resistance;Codes;File systems;Memory;Software;Blockchains;Security","","3","","16","IEEE","30 Jun 2022","6-8 May 2022","6-8 May 2022","IEEE","IEEE Conferences"
"Sound-LDR Sensors Empowered Secure True Random Number Generator for PoS Consensus in Blockchain","H. Chai; J. Wu; Q. Pan; X. Feng","Graduate School of Information, Production and Systems, Waseda University, Fukuoka, Japan; Graduate School of Information, Production and Systems, Waseda University, Fukuoka, Japan; School of Engineering, The University of Tokyo, Tokyo, Japan; School of Electronic Information and Electrical Engineering, Shanghai Jiao Tong University, Shanghai, China",2024 IEEE 10th Conference on Big Data Security on Cloud (BigDataSecurity),"25 Jun 2024","2024","","","139","144","In a decentralized environment of blockchain, people usually select a random node to perform bookkeeping with the Proof of Stake (PoS) consensus mechanism. To randomly select miners and validators and ensure fair distribution of rewards, the algorithm must incorporate a fair, unbiased random number source. Therefore, in many PoS consensus mechanisms, random numbers are a critical technology. PoS consensus faces the following problems in random number generation: Firstly, in the PoS system, if the number and order of the selected verification nodes are predicted by the attacker, the system will be vulnerable to attacks. Second, if the random number generation algorithm has loopholes or is cracked by an attacker, the attacker may use these loopholes to attack the network, resulting in the insecurity of the PoS system. To address the challenges above, this paper proposes a low-cost, light-weighted, true random number generator designed by a sensors that detects non-deterministic signals. The random numbers generated through this method passed the NIST-STS randomness test. The true random number generator is applied to the commit-reveal service in PoS consensus to randomly elect block producer. Using the random number generated can also enhance IoT security because Photoresistor sensors have applications in IoT systems for smart building. The random number generated by the IoT device can be used as the basis for randomness proof on the blockchain. And the cloud can also use the randomness for identity verification, secure event tracing, data integrity and tamper resistance.","","979-8-3503-8952-4","10.1109/BigDataSecurity62737.2024.00032","","https://ieeexplore.ieee.org/stamp/stamp.jsp?arnumber=10564912","block-chain;PoS consensus;True random number;commit-reveal;Smart building","Resistance;Smart buildings;Prediction algorithms;Sensor systems and applications;Generators;Consensus protocol;Internet of Things","","1","","20","IEEE","25 Jun 2024","10-12 May 2024","10-12 May 2024","IEEE","IEEE Conferences"
"Searching an Encrypted Cloud Meets Blockchain: A Decentralized, Reliable and Fair Realization","S. Hu; C. Cai; Q. Wang; C. Wang; X. Luo; K. Ren","Department of Computer Science, City University of Hong Kong, P. R. China; Department of Computer Science, City University of Hong Kong, P. R. China; Collaborative Innovation-Center of Geospatial Technology, P. R. China; Department of Computer Science, City University of Hong Kong, P. R. China; Zhengzhou Information Science and Technology Institute, P. R. China; School of Computer Science and Engineering, Zhejiang University, P. R. China",IEEE INFOCOM 2018 - IEEE Conference on Computer Communications,"11 Oct 2018","2018","","","792","800","Enabling search directly over encrypted data is a desirable technique to allow users to effectively utilize encrypted data outsourced to a remote server like cloud service provider. So far, most existing solutions focus on an honest-but-curious server, while security designs against a malicious server have not drawn enough attention. It is not until recently that a few works address the issue of verifiable designs that enable the data owner to verify the integrity of search results. Unfortunately, these verification mechanisms are highly dependent on the specific encrypted search index structures, and fail to support complex queries. There is a lack of a general verification mechanism that can be applied to all search schemes. Moreover, no effective countermeasures (e.g., punishing the cheater) are available when an unfaithful server is detected. In this work, we explore the potential of smart contract in Ethereum, an emerging blockchain-based decentralized technology that provides a new paradigm for trusted and transparent computing. By replacing the central server with a carefully-designed smart contract, we construct a decentralized privacy-preserving search scheme where the data owner can receive correct search results with assurance and without worrying about potential wrongdoings of a malicious server. To better support practical applications, we introduce fairness to our scheme by designing a new smart contract for a financially-fair search construction, in which every participant (especially in the multiuser setting) is treated equally and incentivized to conform to correct computations. In this way, an honest party can always gain what he deserves while a malicious one gets nothing. Finally, we implement a prototype of our construction and deploy it to a locally simulated network and an official Ethereum test network, respectively. The extensive experiments and evaluations demonstrate the practicability of our decentralized search scheme over encrypted data.","","978-1-5386-4128-6","10.1109/INFOCOM.2018.8485890","","https://ieeexplore.ieee.org/stamp/stamp.jsp?arnumber=8485890","","Contracts;Cryptography;Servers;Indexes","","200","","16","IEEE","11 Oct 2018","16-19 April 2018","16-19 April 2018","IEEE","IEEE Conferences"
"Electronic Voting Mechanism using Microcontroller ATmega328P with Face Recognition","S. Gupta; D. Jain; M. T. Themalil","IET Mahindra SEZ, JK Lakshmipat University, Jaipur, India; IET Mahindra SEZ, JK Lakshmipat University, Jaipur, India; IET Mahindra SEZ, JK Lakshmipat University, Jaipur, India",2021 5th International Conference on Computing Methodologies and Communication (ICCMC),"6 May 2021","2021","","","1471","1476","An electronic voting system based upon face recognition algorithm, camera and ATmega328P is reported in this paper. Election is the main concern of any country when to elect someone. Also, it is very important to conduct the reliable, secure, fast and fair election so that the people can have faith in the system and they can elect the person to whom they want along with the low cost of paper work and manpower. In the present work, an electronic voting system is developed that includes the more secure version of existing system and the use of modern technology such as face recognition and IoT. The current work proposes an electronic system inclusive of multipled verification layers such that process reliability is ensured. In this process, each voter is registered into the system database well before the time of election. Now at the voting time, In the first step voter must verify his/her government identity such as Aadhar card or voting card with his/her proper picture, once it is verified, he/she moves to the second step. In second step voter has to go under the face reorganization process. Once the corresponding matching or verification is done, the voter will move to next step to cast vote to the candidate from the electronic voter machine. The cast vote is shown on display for the satisfaction of voters. Then the voting data is continuously uploaded on ThingSpeak server (can use dedicated server of Election department). The central office of election department can monitor the data in more reliable way so that no discrepancy/modification can take place later.","","978-1-6654-0360-3","10.1109/ICCMC51019.2021.9418372","","https://ieeexplore.ieee.org/stamp/stamp.jsp?arnumber=9418372","Arduino UNO;Atmega328P microcontroller;Face Recognition;LCD Display","Electronic voting systems;Microcontrollers;Databases;Voting;Face recognition;Central office;Reliability","","7","","18","IEEE","6 May 2021","8-10 April 2021","8-10 April 2021","IEEE","IEEE Conferences"
"Multi-Signature and Game Based Blockchain Interoperability Oracle","Z. Wang; S. Yiu; L. Lan","School of Computer Sciences, Nanjing University of Posts and Telecommunications, Nanjing, China; Department of Computer Sciences, University of Hong Kong, Hong Kong; Huawei Technologies Company Ltd., Shenzhen, China",IEEE Transactions on Dependable and Secure Computing,"10 Jul 2025","2025","22","4","3930","3943","To solve the problem of blockchain interoperability, we propose an efficient decentralization oracle solution. We design a subgroup Schnorr multisignature for the off-chain aggregation mechanism of our system, which is proven to be secure and robust. Compared with threshold signature-based schemes, the subgroup multisignature-based scheme does not require the execution of the distributed key generation protocol, which greatly reduces off-chain costs. The on-chain verification of the Schnorr signature is also more efficient than the pairing-based signatures. Then, we design a fair incentive mechanism to encourage the oracle nodes to work hard to validate the external data, which is based on a repeated dynamic game. Compared with the existing incentive mechanisms, our mechanism considers the real actions of each node to determine whether it should be rewarded or penalized. We implement our system over the Ethereum blockchain, and the experiments show its good performance.","1941-0018","","10.1109/TDSC.2025.3542079","National Natural Science Foundation of China(grant numbers:62372245,62472234); ","https://ieeexplore.ieee.org/stamp/stamp.jsp?arnumber=10887331","Decentralization oracle;subgroup multisignature;incentive mechanism;repeated dynamic game;schnorr signature","Blockchains;Smart contracts;Interoperability;Public key;Costs;Security;Robustness;Aggregates;Training;Data mining","","1","","35","IEEE","14 Feb 2025","July-Aug. 2025","","IEEE","IEEE Journals"
"Enhancing Election Security Through a Transparent and Tamper-Resistant eVoting System","M. H. Al-Farouni; J. Dwivedi; T. Saravanan; I. Y. Abduvahobkizi; A. Pushpalatha; A. S. R; B. N. Karimov; N. Sneha","Department of Computer Techniques Engineering, College of Technical Engineering, Islamic University of Najaf, Najaf, Iraq; Department of Commerce, Kalinga University, Raipur, India; Department of ECE, New Prince Shri Bhavani College of Engineering and Technology, Chennai, Tamil Nadu, India; Faculty of Humanities & Pedagogy, Turan International University, Namangan, Uzbekistan; Department of Computer Science and Engineering, Karpagam College of Engineering, Coimbatore; Dept.of ECE, SR University, Warangal, Telangana; Tashkent State University of Uzbek Language and Literature Named After AlisherNavoi, Tashkent, Uzbekistan; School of Computer Science and Applications, REVA University, Bangalore, India",2025 International Conference on Intelligent Systems and Pioneering Innovations in Robotics and Electric Mobility (INSPIRE),"29 Dec 2025","2025","","","360","365","Online elections (e-voting) are fast and convenient. Still, there is growing concern that the democratic integrity of the election process is under threat due to problems such as cyberattacks, illegal intrusion, vote manipulation, and unclear verification of the results. Actual cases have demonstrated voter fraud, insecure data storage, and unreliable results, undermining the public's confidence in digital voting systems, particularly in primary national elections. Moreover, the traditional auditing system, which relies on paper ballots, manual logistics, and resource-intensive verification, results insignificant operational costs and a negative environmental impact. This paper proposes a solution to these capital challenges by introducing SECURE-VOTE_CHAIN, an open, secure e-voting platform that integrates a certified blockchain network, biometric verification checks, homomorphic encryption, and zero-knowledge public audit records. The blockchain nodes in this system, run by voting bodies and legitimate observers, consistently registered votes and facilitated decentralised consultation. Biometric authentication can exclude identity duplication and voter fraud, and only homomorphic encryption can ensure fair counting without knowing any votes provided by an individual. Zero-knowledge proofs also make public auditability achievable without reducing the anonymity of voters. The application of realistic election parameters in simulations yields an accuracy of 91.88, along with low confirmation latency and high attack resilience probabilities in the presence of insider attacks, replay attacks, and denial-of-service attempts. In addition to security and reliability, the system will eliminate paperwork and manual auditing, significantly reducing the carbon footprint of traditional elections. Altogether, SECURE-VOTE_CHAIN offers an environmentally friendly, secure, and scalable solution that is suitable for regaining voter confidence, ensuring electoral integrity, and creating a future-proof digital governance model. The model can be considered a reasonably helpful standard by which contemporary voting systems operate, as it combines technological benefits with the adequacy of achievements in terms of prospects, providing policymakers with dependable means of security and transparency in election procedures, applicable to both urban and rural settings.","","979-8-3315-8644-7","10.1109/INSPIRE67328.2025.11300624","","https://ieeexplore.ieee.org/stamp/stamp.jsp?arnumber=11300624","E-voting;Election security;Blockchain-based voting;Secure vote chain;Biometric authentication;Homomorphic encryption;Zero-knowledge proofs","Technological innovation;Biometric authentication;Fraud;Blockchains;Security;Homomorphic encryption;Electronic voting;Standards;Robots;Resilience","","","","13","IEEE","29 Dec 2025","20-21 Nov. 2025","20-21 Nov. 2025","IEEE","IEEE Conferences"
"Content ARCs: decentralized content rights in the age of generative AI","K. Balan; A. Gilbert; J. Collomosse","DECaDE Centre for the Decentralized Digital Economy, University of Surrey, Guildford, UK; DECaDE Centre for the Decentralized Digital Economy, University of Surrey, Guildford, UK; DECaDE Centre for the Decentralized Digital Economy, University of Surrey, Guildford, UK",International Conference on AI and the Digital Economy (CADE 2025),"9 Oct 2025","2025","2025","","42","48","The rise of Generative AI (GenAI) has sparked significant debate over balancing the interests of creative rightsholders and AI developers. As GenAI models are trained on vast datasets that often include copyrighted material, questions around fair compensation and proper attribution have become increasingly urgent. To address these challenges, this paper proposes a framework calledContent ARCs(Authenticity, Rights, Compensation). By combining open standards for provenance and dynamic licensing with data attribution, and decentralized technologies, Content ARCs create a mechanism for managing rights and compensating creators for using their work in AI training. We characterize several nascent works in the AI data licensing space within Content ARCs and identify where challenges remain to fully implement the end-to-end framework.","","978-1-83724-991-6","10.1049/icp.2025.2955","","https://ieeexplore.ieee.org/stamp/stamp.jsp?arnumber=11197635","","","","","","","","9 Oct 2025","14-16 July 2025","14-16 July 2025","IET","IET Conferences"
"Securing Mobile Cloud Data Offloading in Blockchain Using Deep Deterministic Policy Gradient with Game Theory","M. F. G; S. L; S. V. Y","School of Computer Science Engineering & Information Science, Presidency University, Bengaluru, India; School of Computer Science Engineering & Information Science, Presidency University, Bengaluru, India; School of Computer Science Engineering & Information Science, Presidency University, Bengaluru, India","2024 Fourth International Conference on Multimedia Processing, Communication & Information Technology (MPCIT)","25 Feb 2025","2024","","","115","122","In the era of ubiquitous connectivity and the proliferation of mobile devices, the demand for efficient and secure data offloading to the cloud has become paramount. This paper presents a novel framework that supports deep reinforcement learning and blockchain technology to enable secure and efficient mobile cloud data offloading. Addressing the challenge of optimizing data offloading decisions in mobile cloud environments by implementing a Deep Deterministic Policy Gradient algorithm (DDPG) to determine the optimal data offloading strategy. To incentivize user participation, introducing a game-theoretic reward mechanism that considers user contributions based on the offloading decisions made by the DDPG agent. This ensures a fair and efficient allocation of resources while maximizing overall system utility. Furthermore, integrating blockchain technology to ensure the security and integrity of the offloaded data's. By recording transactions on an immutable and transparent ledger, to provide a robust mechanism for data provenance, access control, and tamper-proof storage. The experimental results demonstrate the efficacy of the proposed framework in determining optimal strategies for data offloading decisions, enhancing user participation, and ensuring data security in mobile cloud environments. The evaluation of the system and the security analysis revealed advancements in the resource-efficient access control architecture, which attained reduced network latency while also delivering robust security and data privacy compared to existing data sharing models.","","979-8-3503-7546-6","10.1109/MPCIT62449.2024.10892697","","https://ieeexplore.ieee.org/stamp/stamp.jsp?arnumber=10892697","Mobile Cloud Computing;Data Offloading;Blockchain;Deep Reinforcement Learning;Game Theory","Access control;Data privacy;Privacy;Data security;Deep reinforcement learning;Stability analysis;Blockchains;Recording;Resource management;Sustainable development","","3","","16","IEEE","25 Feb 2025","13-14 Dec. 2024","13-14 Dec. 2024","IEEE","IEEE Conferences"
"ESVPH: Efficient Searchable and Verifiable Data Sharing Scheme With Partial Hidden Policy for IoT","X. Li; Y. Xie; C. Ge; C. Peng; M. Shen","School of Computer Technology and Application, Qinghai University, Xining, China; School of Computer and Information Science, Qinghai Institute of Technology, Xining, China; Joint SDU-NTU Centre for Artificial Intelligence Research (C-FAIR) & School of Software, Shandong University and Quan Cheng Laboratory, Jinan, China; School of Cyber Science and Engineering and the School of Mathematics and Statistics, Wuhan University, Wuhan, China; School of Cyberspace Science and Technology, Beijing Institute of Technology, Beijing, China",IEEE Transactions on Dependable and Secure Computing,"","2025","PP","99","1","14","The Internet of Things (IoT) is a key engine of global socio-economic transformation, where data sharing stands as a central catalyst for the IoT market's growth. However, data security and privacy concerns significantly impede the advancement of IoT data sharing. Consequently, Attribute-Based Encryption (ABE), offering fine-grained access control, is increasingly favored by data users. Unfortunately, existing ABE schemes still face these drawbacks: (1) the encryption and decryption computation overhead grows linearly with attributes; (2) keyword searches within ciphertexts are intricate and inefficient; (3) the access policy is at higher risk of privacy disclosure. To address these issues, this paper presents an efficient searchable and verifiable scheme with partial hidden policy for IoT (ESVPH). This scheme not only provides flexible keyword-based search and re-encryption verification, but also achieves fixed costs for encryption, decryption, searching and verifying. Additionally, ESVPH introduces an access policy where attribute names are disclosed while their values remain concealed, thereby enhancing user privacy. In conclusion, the scheme offers outstanding performance in computation and communication, proving its feasibility for practical IoT data sharing through rigorous proofs and extensive experimentation.","1941-0018","","10.1109/TDSC.2025.3634588","","https://ieeexplore.ieee.org/stamp/stamp.jsp?arnumber=11260966","Attribute-based proxy re-encryption;Internet of Things;keyword search;partial hidden policy;re-encryption verification","Internet of Things;Encryption;Keyword search;Security;Receivers;Cloud computing;Privacy;Medical services;Germanium;Protection","","","","","IEEE","19 Nov 2025","","","IEEE","IEEE Early Access Articles"
"An Efficient Verifiable Searchable Encryption Scheme With Aggregating Authorization for Blockchain-Enabled IoT","T. Wang; J. Wang; Q. Yang; B. Yang; H. Li; F. Xu; Z. Qiao","School of Computer Science, Shaanxi Normal University, Xi’an, China; School of Computer Science, Shaanxi Normal University, Xi’an, China; Cryptographic Standard Study & Security Evaluation Laboratory, Shanghai Development Center of Computer Software Technology, Shanghai, China; School of Computer Science, Shaanxi Normal University, Xi’an, China; School of Computer Science, Shaanxi Normal University, Xi’an, China; School of Computer Science, Shaanxi Normal University, Xi’an, China; School of Computer Science, Shaanxi Normal University, Xi’an, China",IEEE Internet of Things Journal,"6 Oct 2022","2022","9","20","20666","20680","Blockchain-enabled Internet of Things (IoT) provides a secure sharing of data and resources to the various miners of the IoT network, removes centralized control, and can overcome part of the existing challenges in traditional IoT. However, the IoT ecosystem faces some great challenges in terms of security, such as privacy leaking, eavesdropping, and so on, which seriously impede the deployment of the IoT ecosystem. Verifiable searchable encryption (SE) can make data owners (DOs) in the IoT dispel concerns about privacy and make data users (DUs) believe they get correct search results. For the blockchain-enabled IoT, this article proposes an efficient verification SE scheme with aggregation authorization and trusted revocation. With this scheme, DOs are willing to share their data to DUs for reward in a secure, efficient, and trusted way. For the DU, the DO can generate an aggregating key of a subset of encrypted documents, and then the DU has the privilege to search these documents and to verify the search results. By utilizing the trusted execution environment, the DO can revoke the search privilege of the DU. We present the analysis to show our proposed scheme achieves confidentiality, soundness, and fair payment at the same time. With the performance evaluations, we prove our proposal practical for blockchain-enabled IoT in terms of computational and smart contracts overhead.","2327-4662","","10.1109/JIOT.2022.3175859","Open Fund of the State Key Laboratory of Integrated Services Networks, Xidian University(grant numbers:ISN23-23); National Natural Science Foundation of China(grant numbers:U2001205,61772326,61802241,61802242); National Cryptography Development Fund during the 13th Five-Year Plan Period(grant numbers:MMJJ20180217); Fundamental Research Funds for the Central Universities(grant numbers:GK202007031); ","https://ieeexplore.ieee.org/stamp/stamp.jsp?arnumber=9776484","Blockchain-enabled Internet of Things (IoT);key aggregation;pairing free;revocation;trusted execution environment (TEE);verifiable searchable encryption (SE)","Internet of Things;Encryption;Cryptography;Blockchains;Authorization;Cloud computing;Smart contracts","","20","","40","IEEE","17 May 2022","15 Oct.15, 2022","","IEEE","IEEE Journals"
"VeriML: Enabling Integrity Assurances and Fair Payments for Machine Learning as a Service","L. Zhao; Q. Wang; C. Wang; Q. Li; C. Shen; B. Feng","Key Laboratory of Aerospace Information Security and Trusted Computing, Ministry of Education, School of Cyber Science and Engineering, Wuhan University, Wuhan, Hubei, China; Key Laboratory of Aerospace Information Security and Trusted Computing, Ministry of Education, School of Cyber Science and Engineering, Wuhan University, Wuhan, Hubei, China; Department of Computer Science, City University of Hong Kong, Hong Kong; Institute for Network Sciences and Cyberspace and Beijing National Research Centre for Information Science and Technology (BNRist), Tsinghua University, Beijing, China; MOE Key Laboratory for Intelligent Networks and Network Security, Xi'an, Shaanxi, China; Khoury College of Computer Sciences, Northeastern University, Boston, MA, USA",IEEE Transactions on Parallel and Distributed Systems,"4 May 2021","2021","32","10","2524","2540","Machine Learning as a Service (MLaaS) allows clients with limited resources to outsource their expensive ML tasks to powerful servers. Despite the huge benefits, current MLaaS solutions still lack strong assurances on: 1) service correctness (i.e., whether the MLaaS works as expected); 2) trustworthy accounting (i.e., whether the bill for the MLaaS resource consumption is correctly accounted); 3) fair payment (i.e., whether a client gets the entire MLaaS result before making the payment). Without these assurances, unfaithful service providers can return improperly-executed ML task results or partially-trained ML models while asking for over-claimed rewards. Moreover, it is hard to argue for wide adoption of MLaaS to both the client and the service provider, especially in the open market without a trusted third party. In this article, we present VeriML, a novel and efficient framework to bring integrity assurances and fair payments to MLaaS. With VeriML, clients can be assured that ML tasks are correctly executed on an untrusted server, and the resource consumption claimed by the service provider equals to the actual workload. We strategically use succinct non-interactive arguments of knowledge (SNARK) on randomly-selected iterations during the ML training phase for efficiency with tunable probabilistic assurance. We also develop multiple ML-specific optimizations to the arithmetic circuit required by SNARK. Our system implements six common algorithms: linear regression, logistic regression, neural network, support vector machine, K-means and decision tree. The experimental results have validated the practical performance of VeriML.","1558-2183","","10.1109/TPDS.2021.3068195","National Key Research and Development Program of China(grant numbers:2020AAA0107700); National Natural Science Foundation of China(grant numbers:U20B2049,61822207,61572412,61572278,61822309,61773310,U1736205); Research Grants Council of Hong Kong(grant numbers:11217819,11217620); Innovation and Technology Commission of Hong Kong(grant numbers:ITS/145/19); BNRist(grant numbers:BNR2020RC01013); ","https://ieeexplore.ieee.org/stamp/stamp.jsp?arnumber=9384314","Verifiable computation;machine learning;secure outsourcing","Training;Task analysis;Computational modeling;Servers;Machine learning;Predictive models;Optimization","","68","","64","IEEE","23 Mar 2021","1 Oct. 2021","","IEEE","IEEE Journals"
"Red Belly: A Secure, Fair and Scalable Open Blockchain","T. Crain; C. Natoli; V. Gramoli","University of Sydney, Australia; University of Sydney, Australia; University of Sydney and CSIRO, Australia",2021 IEEE Symposium on Security and Privacy (SP),"26 Aug 2021","2021","","","466","483","Blockchain has found applications to track ownership of digital assets. Yet, several blockchains were shown vulnerable to network attacks. It is thus crucial for companies to adopt secure blockchains before moving them to production. In this paper, we present Red Belly Blockchain (RBBC), the first secure blockchain whose throughput scales to hundreds of geodistributed consensus participants. To this end, we drastically revisited Byzantine Fault Tolerant (BFT) blockchains through three contributions: (i) defining the Set Byzantine Con-sensus problem of agreeing on a superblock of all proposed blocks instead of a single block; (ii) adopting a fair leaderless design to offer censorship-resistance guaranteeing the commit of correctly requested transactions; (iii) introducing sharded verification to limit the number of signature verifications without hampering security. We evaluate RBBC on up to 1000 VMs of 3 different types, spread across 4 continents, and under attacks. Although its performance is affected by attacks, RBBC scales in that its throughput increases to hundreds of consensus nodes and achieves 30k TPS throughput and 3 second latency on 1000 VMs, hence improving by 3× both the latency and the throughput of its closest competitor.","2375-1207","978-1-7281-8934-5","10.1109/SP40001.2021.00087","Australian Research Council; ","https://ieeexplore.ieee.org/stamp/stamp.jsp?arnumber=9519440","Byzantine;censorship-resistance;scalability","Privacy;Handwriting recognition;Fault tolerance;Fault tolerant systems;Production;Companies;Throughput","","93","","94","IEEE","26 Aug 2021","24-27 May 2021","24-27 May 2021","IEEE","IEEE Conferences"
"A Blockchain-Based distributed network for Secure Credit Scoring","N. Jain; T. Agrawal; P. Goyal; V. Hassija","Department of Computer Science and Engineering, JIIT, Noida Campus, India; Department of Computer Science and Engineering, JIIT, Noida Campus, India; Department of Computer Science and Engineering, JIIT, Noida Campus, India; Department of Computer Science and Engineering, JIIT, Noida Campus, India","2019 5th International Conference on Signal Processing, Computing and Control (ISPCC)","10 Feb 2020","2019","","","306","312","Credit scoring is a method that is used by banks to estimate the risk of lending money to an individual. It determines the ability of that person to repay the debts. Higher the credit score, higher is the probability of getting the loan. Before approving the loan, in addition to calculating the credit score, banks also need to digitally verify the client's credentials. This is a very tedious task involving a lot of paperwork. It becomes even more cumbersome when the person is underprivileged i.e. from rural areas or does not hold any bank account. This paper presents a solution to the above problem by introducing a framework that will create a secure digital identity and store the past transactions made to calculate the credit score using blockchain. Blockchain is a digital ledger that is resistant to modifications. It creates a distributed network of users where details of each transaction are transparent, thereby enhancing the level of trust in the network. The aim of this paper is twofold: (1) providing fair and unbiased access to credit to people who are deprived of the basic financial amenities and (2) efficient digital verification.","2643-8615","978-1-7281-3988-3","10.1109/ISPCC48220.2019.8988510","","https://ieeexplore.ieee.org/stamp/stamp.jsp?arnumber=8988510","Blockchain;Credit Score;Digital Identity;Security;Fintech;Privacy","","","13","1","24","IEEE","10 Feb 2020","10-12 Oct. 2019","10-12 Oct. 2019","IEEE","IEEE Conferences"
"$\mathtt{SFPoW}$SFPoW: Constructing Secure and Flexible Proof-of-Work Sidechains for Cross-Chain Interoperability With Wrapped Assets","Z. Deng; C. Tang; T. Li; Z. Zeng; P. Abla; D. He","School of Mathematics and Information Science, Guangzhou University, Guangzhou, China; Guangzhou Center for Applied Mathematics, Guangzhou University, Guangzhou, China; School of Software Engineering, Sun Yat-Sen University, Zhuhai, China; School of Mathematics and Information Science, Guangzhou University, Guangzhou, China; School of Artificial Intelligence, South China Normal University, Foshan, China; Key Laboratory of Cryptography of Zhejiang Province, Hangzhou Normal University, Hangzhou, China",IEEE Transactions on Computers,"10 Jun 2025","2025","74","7","2278","2292","Sidechain techniques enhance blockchain scalability and interoperability, enabling decentralized exchanges and cross-chain operations for wrapped digital assets. However, existing PoW sidechains face challenges, including centralization, high communication costs, and incomplete PoW-based security proofs. This paper introduces $\mathtt{SFPoW}$SFPoW, a Secure and Flexible Proof-of-Work sidechains for cross-chain interoperability with wrapped assets. $\mathtt{SFPoW}$SFPoW facilitates decentralized asset transfers and token swaps across nearly all PoW-based cryptocurrencies without requiring soft or hard forks or fixed PoW targets. It establishes a decentralized, fair validation set within the sidechain, improving adaptability and reducing competition and confirmation periods. A pluggable cross-chain proof generation method is proposed, effectively filtering lazy nodes, incentivizing active participation, and minimizing on-chain verification overhead to a proof size of 200.5 bytes. Through mining behavior analysis and cryptographic reductions, $\mathtt{SFPoW}$SFPoW satisfies weak and strong atomicity. Experiments on the Ronin blockchain and an Ethereum testnet demonstrate a round-trip cost of $6.55 and latency of 372.1–382.6 seconds, confirming its practicality and efficiency.","1557-9956","","10.1109/TC.2025.3558040","National Key Research and Development Program of China(grant numbers:2021YFA1000600); National Natural Science Foundation of China(grant numbers:12171114); Young-Scientist Research Cultivation Program of South China Normal University(grant numbers:24KJ07); Guangdong Basic and Applied Basic Research Foundation(grant numbers:2024A1515012360); Chinese Academy of Sciences(grant numbers:2024-MS-09); ","https://ieeexplore.ieee.org/stamp/stamp.jsp?arnumber=10949829","Cross-chain interoperability;wrapped assets;sidechains;proof-of-work","Blockchains;Protocols;Bitcoin;Proof of Work;Interoperability;Security;Costs;Scalability;Monitoring;Artificial intelligence","","1","","45","IEEE","4 Apr 2025","July 2025","","IEEE","IEEE Journals"
"Electronic voting protocol based on ring signature and secure multi-party computing","W. Jingzhong; Z. Yue; L. Haibin","Shandong College of Electronic Technology, Jinan, China; Shandong College of Electronic Technology, Jinan, China; Shandong College of Electronic Technology, Jinan, China",2020 International Conference on Cyber-Enabled Distributed Computing and Knowledge Discovery (CyberC),"27 Jan 2021","2020","","","50","55","In the context of the rapid development of the Internet, traditional voting activities are generally replaced by electronic voting. In the process of electronic voting, the counting of votes mostly relies on third-party organizations, and the third party's non-dependency and complete control over the voting information can easily lead to the insecurity of information and a large number of privacy leaks. To solve this problem, this paper uses secure multi-party computing and blockchain ring signature technology to propose a fair and safe electronic voting protocol. Our uses secure multi-party calculations to enable the counting of votes to be completed without a trusted third party, and uses the unconditional anonymity and unforgeability of ring signature technology to further ensure the security of the protocol. In the end, the security of the protocol is analyzed one by one. The analysis results show that the voting protocol satisfies several security attributes of electronic voting, and is more secure and reliable than the traditional electronic voting protocol.","","978-1-7281-8448-7","10.1109/CyberC49757.2020.00018","","https://ieeexplore.ieee.org/stamp/stamp.jsp?arnumber=9329383","secure multi-party computing;blockchain;ring signature;electronic voting","Protocols;Process control;Blockchain;Tools;Reliability;Electronic voting;Task analysis","","2","","17","IEEE","27 Jan 2021","29-30 Oct. 2020","29-30 Oct. 2020","IEEE","IEEE Conferences"
"Recurring Contingent Service Payment","A. Abadi; S. J. Murdoch; T. Zacharias","University College London, UK; University College London, UK; University of Edinburgh, UK",2023 IEEE 8th European Symposium on Security and Privacy (EuroS&P),"31 Jul 2023","2023","","","724","756","Fair exchange protocols let two mutually distrustful parties exchange digital data in a way that neither party can cheat. They have various applications such as the exchange of digital items, or the exchange of digital coins and digital services between a buyer/client and seller/server.In this work, we formally define and propose a generic blockchain-based construction called ""Recurring Contingent Service Payment"" (RC-S-P). It (i) lets a fair exchange of digital coins and verifiable service reoccur securely between clients and a server while ensuring that the server is paid if and only if it delivers a valid service, and (ii) ensures the parties’ privacy is preserved. RC-S-P supports arbitrary verifiable services, such as ""Proofs of Retrievability"" (PoR) or verifiable computation and imposes low on-chain over-heads. Our formal treatment and construction, for the first time, consider the setting where either client or server is malicious.We also present a concrete efficient instantiation of RC-S-P when the verifiable service is PoR. We implemented the concrete instantiation and analysed its cost. When it deals with a 4-GB outsourced file, a verifier can check a proof in only 90 milliseconds, and a dispute between a prover and verifier is resolved in 0.1 milliseconds.At CCS 2017, two blockchain-based protocols were proposed to support the fair exchange of digital coins and a certain verifiable service; namely, PoR. In this work, we show that these protocols (i) are susceptible to a free-riding attack which enables a client to receive the service without paying the server, and (ii) are not suitable for cases where parties’ privacy matters, e.g., when the server’s proof status or buyer’s file size must remain private from the public. RC-S-P simultaneously mitigates the above attack and preserves the parties’ privacy.","","978-1-6654-6512-0","10.1109/EuroSP57164.2023.00049","National Research Centre; Royal Society; ","https://ieeexplore.ieee.org/stamp/stamp.jsp?arnumber=10190500","Fair exchange;smart contracts;blockchain;applied cryptography;financial fraud","Privacy;Protocols;Costs;Servers","","","","54","IEEE","31 Jul 2023","3-7 July 2023","3-7 July 2023","IEEE","IEEE Conferences"
"Random Number Generation Based on Trapdoor-Verifiable Delay Functions in Blockchain Intelligent Control System","L. Cheng; A. Li; Q. Wang","Nanjing University of Science and Technology Zijin College, Nanjing, Jiangsu, China; Nanjing University of Science and Technology Zijin College, Nanjing, Jiangsu, China; Nanjing Second Space Network Technology Co., Ltd","2025 3rd International Conference On Mobile Internet, Cloud Computing and Information Security (MICCIS)","28 Oct 2025","2025","","","1","10","Integrating blockchain technology into intelligent control systems ensures secure data exchange while enhancing interoperability. Random numbers in blockchain are usually used to implement various functions, such as selecting nodes, generating cryptographic keys, determining block producers, etc. Blockchain systems must ensure that the random numbers generated are highly random and unpredictable, which is crucial to ensure fairness and prevent unjust results, but it also poses several challenges, such as the risk of malicious data manipulation and centralization. Among some schemes that have been proposed so far, including hash function-based and multi-party computation-based random number generation, the hash function-based approach can be used by attackers to precompute attacks, which may lead to additional computational costs and delays and increase the attack surface. Therefore, this paper proposes a random number generation scheme based on trapdoor-verifiable delay functions to solve these problems. The scheme provides efficient verifiability and predictability, ensuring the fairness and unpredictability of the generated random numbers. The verifiable delay function is not only highly fair and random, but it is also very difficult for an attacker to generate multiple random numbers in a short time because its computation process is very timeconsuming, thus avoiding the centralization problem and the risk of manipulation. In addition, the results of the verifiable delay function can be easily verified, which helps to improve the trustworthiness and transparency of the random numbers and increase the security and reliability of the blockchain. Finally, we verified the effectiveness of the scheme in this paper through experiments.","","979-8-3315-3585-8","10.1109/MICCIS66057.2025.00078","","https://ieeexplore.ieee.org/stamp/stamp.jsp?arnumber=11206052","blockchain intelligent control System;random number;trapdoor-verifiable delay functions","Smart contracts;Reliability engineering;Real-time systems;Delays;Blockchains;Computational efficiency;Outsourcing;Servers;Random number generation;Intelligent control","","","","16","IEEE","28 Oct 2025","11-14 April 2025","11-14 April 2025","IEEE","IEEE Conferences"
"CREDIT: A Credible Trust Framework for Dynamic Mobile Data Pricing Enforcement","Ramneek; P. Hosein; S. Pack","School of Electrical Engineering, Korea University, Seoul, South Korea; Computer Science Department, University of the West Indies, Saint Augustine, Trinidad and Tobago; School of Electrical Engineering, Korea University, Seoul, South Korea",IEEE Transactions on Network and Service Management,"22 Aug 2024","2024","21","4","4332","4342","With the rapid growth in demand for mobile data fueled by the emergence of new consumer applications that require high quality of service, existing static mobile data pricing plans are no longer suitable. Although several dynamic pricing mechanisms have been proposed in the literature, they have not been widely adopted due to their associated implementation complexity, the lack of trust in the associated platforms, and the absence of automatic enforcement. To address these challenges, we propose a credible trust framework (CREDIT) that leverages well-established Ethereum smart contracts for service-level agreement (SLA) enforcement. CREDIT introduces a novel SLA verification mechanism through fair auditor selection and auditor payoff to ensure truthfulness, and hence reinforces trust between the various parties involved in CREDIT. A detailed game-theoretic analysis is provided to prove the credibility of CREDIT by using the principle of a strong Nash equilibrium. In addition, CREDIT is prototyped by leveraging the smart contracts of Ethereum Blockchain. The results achieved provide a valuable validation of the feasibility of CREDIT.","1932-4537","","10.1109/TNSM.2024.3411312","National Research Foundation of Korea; Korean Government (MSIT)(grant numbers:(RS-2024-00341965)); ITRC (Information Technology Research Center) support program(grant numbers:IITP-2024-2021-0-01810,IITP-2024-RS-2022-00156353); ","https://ieeexplore.ieee.org/stamp/stamp.jsp?arnumber=10552174","Blockchain;smart contracts;mobile data pricing;game theory;network economics","Quality of service;Pricing;Blockchains;Smart contracts;5G mobile communication;Biological system modeling;Resource management","","","","56","IEEE","7 Jun 2024","Aug. 2024","","IEEE","IEEE Journals"
"ABlockchain-enabled Efficient and Fair Energy Trading Schemes in Industrial Internet of Things","J. Hu; Y. Chen; X. Ren; Y. Yang; X. Qian","State Key Laboratory of Public Big Data, College of Computer Science and Technology, Guizhou University, Guiyang, China; State Key Laboratory of Public Big Data, College of Computer Science and Technology, Guizhou University, Guiyang, China; Blockchain Laboratory of Agricultural Vegetables, Weifang University of Science and Technology, Weifang, China; School of Cyberspace Security, Beijing University of Posts and Telecommnuications, Beijing, China; Guizhou CoVision Science & Technology Co., Ltd, Guiyang, China","2021 IEEE Intl Conf on Dependable, Autonomic and Secure Computing, Intl Conf on Pervasive Intelligence and Computing, Intl Conf on Cloud and Big Data Computing, Intl Conf on Cyber Science and Technology Congress (DASC/PiCom/CBDCom/CyberSciTech)","15 Mar 2022","2021","","","319","325","As the technical support of the Industrial Internet of Things, blockchain technology has been widely used in energy trading, data transactions, and Internet of Vehicles. However, among the existing energy trading models, most of them only address the transaction security and transaction privacy issues that arise in the energy trading process, ignoring the fairness of resource allocation and transaction equity in the trading process. In order to tackle those problems, an energy trading scheme called Ho-trade is proposed in this paper to improve the efficiency of model trading while ensuring the fairness of energy trading. We propose a new trading strategy in the Ho-trade energy trading scheme that guarantees fairness in the allocation of trading re-sources by introducing an entity's active-reputation value. Based on the identity verification foundation of the consortium chain, the scheme enhances the existing PBFT consensus algorithm and improves the efficiency of model transactions. The experimental simulation indicates that the scheme requires less transaction time and has higher transaction fairness and security.","","978-1-6654-2174-4","10.1109/DASC-PICom-CBDCom-CyberSciTech52372.2021.00062","","https://ieeexplore.ieee.org/stamp/stamp.jsp?arnumber=9730611","Blockchain;Energy trading;Industrial Internet of Things (IIoT);Fairness","Privacy;Data privacy;Cloud computing;Consensus algorithm;Data models;Delays;Blockchains","","","","30","IEEE","15 Mar 2022","25-28 Oct. 2021","25-28 Oct. 2021","IEEE","IEEE Conferences"
"Fair and Protected Profit Sharing for Data Trading in Pervasive Edge Computing Environments","Y. Huang; Y. Zeng; F. Ye; Y. Yang","Department of Electrical and Computer Engineering, Stony Brook University, Stony Brook, NY, USA; Department of Electrical and Computer Engineering, Stony Brook University, Stony Brook, NY, USA; Department of Electrical and Computer Engineering, Stony Brook University, Stony Brook, NY, USA; Department of Electrical and Computer Engineering, Stony Brook University, Stony Brook, NY, USA",IEEE INFOCOM 2020 - IEEE Conference on Computer Communications,"4 Aug 2020","2020","","","1718","1727","Innovative edge devices (e.g., smartphones, IoT devices) are becoming much more pervasive in our daily lives. With powerful sensing and computing capabilities, users can generate massive amounts of data. A new business model has emerged where data producers can sell their data to consumers directly to make money. However, how to protect the profit of the data producer from rogue consumers that may resell without authorization remains challenging. In this paper, we propose a smart-contract based protocol to protect the profit of the data producer while allowing consumers to resell the data legitimately. The protocol ensures the revenue is shared with the data producer over authorized reselling, and detects any unauthorized reselling. We formulate a fair revenue sharing problem to maximize the profit of both the data producer and resellers. We formulate the problem into a two-stage Stackelberg game and determine a ratio to share the reselling revenue between the data producer and resellers. Extensive simulations show that with resellers, our mechanism can achieve higher profit for the data producer and resellers.","2641-9874","978-1-7281-6412-0","10.1109/INFOCOM41043.2020.9155399","","https://ieeexplore.ieee.org/stamp/stamp.jsp?arnumber=9155399","Pervasive edge computing;Blockchain;Smart contract;Game theory","Peer-to-peer computing;Games;Protocols;Data models;Edge computing;Contracts","","15","","24","IEEE","4 Aug 2020","6-9 July 2020","6-9 July 2020","IEEE","IEEE Conferences"
"Performance Comparison and Analysis of Paxos, Raft and PBFT Using NS3","S. A. Hidayat; W. Juniardi; A. A. Khatami; R. F. Sari","Department of Electrical Engineering, Faculty of Engineering, Universitas Indonesia, Depok, Indonesia; Department of Electrical Engineering, Faculty of Engineering, Universitas Indonesia, Depok, Indonesia; Department of Electrical Engineering, Faculty of Engineering, Universitas Indonesia, Depok, Indonesia; Department of Electrical Engineering, Faculty of Engineering, Universitas Indonesia, Depok, Indonesia",2022 IEEE International Conference on Internet of Things and Intelligence Systems (IoTaIS),"13 Dec 2022","2022","","","304","310","In today’s technological developments, the need for a system to guarantee security, transparency, and transaction speed is the underlying point in creating new technologies. Blockchain is a digital data recording and storage technology that is interconnected between one device and another and cannot be changed by anyone due to the implementation of cryptography. The consensus algorithm is a mechanism used by computers and blockchain systems in approving the addition of new data. In Blockchain, no one authority oversees the activities where the entire system is made in a decentralized manner so that decision making, verification, and authentication are on the blockchain must involve all users in it. Therefore, the consensus is needed by the blockchain in forming an efficient, fair, reliable, and secure mechanism so that all parties involved in it can have a vote. In this paper, we evaluate the performance of several consensus algorithms, such as Paxos, Raft, and PBFT, by simulating the time to reach consensus using the NS3 network simulator. We chose Paxos because this algorithm is the forerunner of the consensus algorithm, while Raft and PBFT are algorithms that have evolved from Paxos, which are still widely implemented in blockchain technology until now. Finally, based on the evaluation results, it was found that the PBFT algorithm has a speed five times faster than Raft and six times faster than Paxos to reach consensus. So we consider the PBFT algorithm to have the best speed and scalability. We hope that this research can be used as a reference for implementing the consensus algorithm in the development of blockchain technology.","2832-1383","979-8-3503-9645-4","10.1109/IoTaIS56727.2022.9975938","","https://ieeexplore.ieee.org/stamp/stamp.jsp?arnumber=9975938","Blockchain;Consensus Algorithms;NS3","Computers;Scalability;Computer network reliability;Decision making;Authentication;Consensus algorithm;Blockchains","","9","","22","IEEE","13 Dec 2022","24-26 Nov. 2022","24-26 Nov. 2022","IEEE","IEEE Conferences"
"Context-Aware Consensus Algorithm for Blockchain-Empowered Federated Learning","Y. Zhao; Y. Qu; Y. Xiang; F. Chen; L. Gao","School of Information Technology, Deakin University, Burwood, VIC, Australia; Key Laboratory of Computing Power Network and Information Security, Ministry of Education, Shandong Computer Science Center, Shandong Provincial Key Laboratory of Computer Networks, Shandong Fundamental Research Center for Computer Science, Qilu University of Technology (Shandong Academy of Sciences), Jinan, China; School of Information Technology, Deakin University, Burwood, VIC, Australia; School of Information Technology, Deakin University, Burwood, VIC, Australia; Key Laboratory of Computing Power Network and Information Security, Ministry of Education, Shandong Computer Science Center, Shandong Provincial Key Laboratory of Computer Networks, Shandong Fundamental Research Center for Computer Science, Qilu University of Technology (Shandong Academy of Sciences), Jinan, China",IEEE Transactions on Cloud Computing,"6 Jun 2024","2024","12","2","491","503","Supported by cloud computing, Federated Learning (FL) has experienced rapid advancement, as a promising technique to motivate clients to collaboratively train models without sharing local data. To improve the security and fairness of FL implementation, numerous Blockchain-empowered Federated Learning (BFL) frameworks have emerged accordingly. Among them, consensus algorithms play a pivotal role in determining the scalability, security, and consistency of BFL systems. Existing consensus solutions to block producer selection and reward allocation either focus on well-resourced scenarios or accommodate BFL based on clients’ contributions to model training. However, these approaches limit consensus efficiency and undermine reward fairness, due to involving intricate consensus processes, disregarding clients’ contributions during blockchain consensus, and failing to address lazy client problems (malicious clients plagiarizing local model updates from others to reap rewards). Given the aforementioned challenges, we make the first attempt to design a joint solution for efficient consensus and fair reward allocation in heterogeneous BFL systems with lazy clients. Specifically, we introduce a generalizable BFL workflow that can address lazy client problems well. Based on it, the global contribution of BFL clients is decoupled into five dominant metrics, and the block producer selection problem is formulated as a reward-constraint contribution maximization problem. By addressing this problem, the optimal block producer that maximizes global contribution can be identified to orchestrate consensus processes, and rewards are distributed to clients in proportion to their respective global contributions. To achieve it, we develop a Context-aware Proof-of-Contribution consensus algorithm named CPoC to reach consensus and incentive simultaneously, followed by theoretical analysis of lazy client problems and privacy issues. Empirical results on widely-used datasets demonstrate the effectiveness of our design in improving consensus efficiency and maximizing global contribution.","2168-7161","","10.1109/TCC.2024.3372814","Australian Research Council(grant numbers:LP190100594); Taishan Scholars Program(grant numbers:TSQN202211214); Shandong Excellent Young Scientists Fund Program(grant numbers:2023HWYQ-113); Natural Science Foundation of Shandong Province(grant numbers:ZR202211150015); ","https://ieeexplore.ieee.org/stamp/stamp.jsp?arnumber=10458328","Consensus algorithm;blockchain;federated learning;lazy client;incentive mechanism","Training;Blockchains;Delays;Computational modeling;Consensus algorithm;Federated learning;Cloud computing","","11","","50","IEEE","5 Mar 2024","April-June 2024","","IEEE","IEEE Journals"
"Python- Driven Organ Management System based on DJANGO Environment","H. T. Manohara; C. N. Nagabushan; A. J. Nagri; R. K. R","Dept. of Electronics and Communication Engg, Nitte Meenakshi Institute of Technology, Bangalore, India; Dept. of Electronics and Communication Engg, Nitte Meenakshi Institute of Technology, Bangalore, India; Dept. of Electronics and Communication Engg, Nitte Meenakshi Institute of Technology, Bangalore, India; Dept. of Electronics and Communication Engg, Nitte Meenakshi Institute of Technology, Bangalore, India",2024 Third International Conference on Distributed Computing and Electrical Circuits and Electronics (ICDCECE),"12 Jun 2024","2024","","","1","6","Modern organ donation and transplantation systems have special requirements and challenges in relation to regis-tration, donor-recipient pairing, organ removal, organ delivery, and transplantation. It also present technological, ethical, legal, and clinical constraints. Therefore, to provide a just and effective procedure that improves patient experience and trust, an final result of organ-transplantation & donation system is needed. Numerous Ethereum blockchain-based private solutions are available to facilitate organ donation and transplantation administration; nevertheless, their scalability, accuracy, and authenticity are limited, despite their substantial flexibility. The suggested web platform for managing organ donations, powered by Python, is intended to provide an easy-to-use and safe interface that will expedite and simplify the organ donation procedure. The platform prioritizes user verification and offers unique features for donors, recipients, and administrators. Users can create accounts and manage comprehensive profiles that include personal data, medical histories, and donation preferences. To maximize the likelihood of successful organ transplants, a sophisticated matching system that uses algorithms to match possible donors with recipients based on compatibility parameters including organ type, location, and urgency is essential to its operation. In order to demonstrate the efficacy of the proposed organ donation model, the python driven-model performance parameter are overlaid on the Blockchain-driven performance parameter. Experimental results demonstrate that the proposed model offers better Scalability, Accuracy, Authentication with significant Flexibility. Further, the proposed python-Driven model achieves approximately 8% and 10% improvements in Accuracy and Scalability respectively against the existing model.","","979-8-3503-1860-9","10.1109/ICDCECE60827.2024.10548788","","https://ieeexplore.ieee.org/stamp/stamp.jsp?arnumber=10548788","Organ Donation System;DJANGO Framework;Python Based Algorithm;Fair donor;Fair receiver","Law;Scalability;Smart contracts;Receivers;Safety;Recording;Organ transplantation","","1","","15","IEEE","12 Jun 2024","26-27 April 2024","26-27 April 2024","IEEE","IEEE Conferences"
"Enabling Verifiable Search and Integrity Auditing in Encrypted Decentralized Storage Using One Proof","M. Song; Z. Hua; Y. Zheng; Q. Liao; X. Jia","School of Computer Science and Technology, Harbin Institute of Technology, Shenzhen, Guangdong, China; School of Computer Science and Technology, Harbin Institute of Technology, Shenzhen, Guangdong, China; Department of Electrical and Electronic Engineering, The Hong Kong Polytechnic University, Hong Kong, China; School of Computer Science and Technology, Harbin Institute of Technology, Shenzhen, Guangdong, China; Department of Computer Science, City University of Hong Kong, Hong Kong, China",IEEE Transactions on Computers,"10 Jul 2025","2025","74","8","2731","2744","Due to the properties of autonomy and scalability, decentralized storage networks (DSNs) leveraging blockchain technology have attracted growing attention. Integrity auditing and verifiable searchable encryption are two essential functions for DSNs. The former ensures reliable and fair storage services, while the latter enables users to conduct keyword searches over encrypted data and guarantees the public verifiability of search results. However, all existing research in DSN has focused either on integrity auditing or on verifiable searchable encryption separately. In this paper, we propose a novel scheme for encrypted decentralized storage that simultaneously supports verifiable search and integrity auditing. It employs a unified proof and supports one-time proof verification to validate both the correctness of the returned file identifiers and the integrity of the files associated with these identifiers. As a result, compared to previous schemes supporting only integrity auditing, our scheme maintains a similar proof size and the support for search result verification does not significantly increase the on-chain storage overhead. Additionally, our scheme allows users to dynamically update their outsourced files while ensuring forward security during the file insertion process. We formally analyze the correctness and security of our scheme, and implement a system prototype to evaluate its performance. The experimental results demonstrate that it achieves verifiable searchable encryption and integrity auditing with practically affordable overhead.","1557-9956","","10.1109/TC.2025.3569182","National Natural Science Foundation of China(grant numbers:62071142); Guangdong Basic and Applied Basic Research Foundation(grant numbers:2024A1515012299); Research Grants Council of Hong Kong CityU(grant numbers:11213920,R1012-21); ","https://ieeexplore.ieee.org/stamp/stamp.jsp?arnumber=10998941","Decentralized storage networks;integrity auditing;verifiable searchable encryption;forward security","Blockchains;Cryptography;Encryption;Indexes;Databases;Keyword search;Servers;Authentication;Peer-to-peer computing;Training","","1","","49","IEEE","9 May 2025","Aug. 2025","","IEEE","IEEE Journals"
"Contingent payments from two-party signing and verification for abelian groups","S. Bursuc; S. Mauw","SnT, University of Luxembourg; SnT and DCS, University of Luxembourg",2022 IEEE 35th Computer Security Foundations Symposium (CSF),"31 Oct 2022","2022","","","195","210","The fair exchange problem has faced for a long time the bottleneck of a required trusted third party. The recent development of blockchains introduces a new type of party to this problem, whose trustworthiness relies on a public ledger and distributed computation. The challenge in this setting is to reconcile the minimalistic and public nature of blockchains with elaborate fair exchange requirements, from functionality to privacy. Zero-knowledge contingent payments (ZKCP) are a class of protocols that are promising in this direction, allowing the fair exchange of data for payment. We propose a new ZKCP protocol that, when compared to others, requires less computation from the blockchain and less interaction between parties. The protocol is based on two-party (weak) adaptor signatures, which we show how to instantiate from state of the art multiparty signing protocols. We improve the symbolic definition of ZKCP security and, for automated verification with Tamarin, we propose a general security reduction from the theory of abelian groups to the theory of exclusive or.","1940-1434","978-1-6654-8417-6","10.1109/CSF54842.2022.9919674","","https://ieeexplore.ieee.org/stamp/stamp.jsp?arnumber=9919674","","Privacy;Protocols;Blockchains;Computer security","","6","","71","IEEE","31 Oct 2022","7-10 Aug. 2022","7-10 Aug. 2022","IEEE","IEEE Conferences"
"Contingent payments from two-party signing and verification for abelian groups","S. Bursuc; S. Mauw","SnT, University of Luxembourg; SnT and DCS, University of Luxembourg",2022 IEEE 35th Computer Security Foundations Symposium (CSF),"31 Oct 2022","2022","","","195","210","The fair exchange problem has faced for a long time the bottleneck of a required trusted third party. The recent development of blockchains introduces a new type of party to this problem, whose trustworthiness relies on a public ledger and distributed computation. The challenge in this setting is to reconcile the minimalistic and public nature of blockchains with elaborate fair exchange requirements, from functionality to privacy. Zero-knowledge contingent payments (ZKCP) are a class of protocols that are promising in this direction, allowing the fair exchange of data for payment. We propose a new ZKCP protocol that, when compared to others, requires less computation from the blockchain and less interaction between parties. The protocol is based on two-party (weak) adaptor signatures, which we show how to instantiate from state of the art multiparty signing protocols. We improve the symbolic definition of ZKCP security and, for automated verification with Tamarin, we propose a general security reduction from the theory of abelian groups to the theory of exclusive or.","1940-1434","978-1-6654-8417-6","10.1109/CSF54842.2022.9919654","","https://ieeexplore.ieee.org/stamp/stamp.jsp?arnumber=9919654","","Privacy;Protocols;Blockchains;Computer security","","3","","71","IEEE","31 Oct 2022","7-10 Aug. 2022","7-10 Aug. 2022","IEEE","IEEE Conferences"
"Conditional Anonymity enabled Blockchain-based Ad Dissemination in Vehicular Ad-hoc Network","M. U. Javed; A. Jamal; N. Javaid; N. Haider; M. Imran","COMSATS Institute of Information Technology, Islamabad, Pakistan; COMSATS Institute of Information Technology, Islamabad, Pakistan; COMSATS Institute of Information Technology, Islamabad, Pakistan; Global Big Data Technology Centre, University of Technology Sydney, Ultimo, NSW, Australia; College of Computer and Information Sciences, King Saud University, Riyadh, Saudi Arabia",2020 International Wireless Communications and Mobile Computing (IWCMC),"27 Jul 2020","2020","","","2149","2153","I. Absract Advertisement sharing in vehicular network through vehicle-to-vehicle (V2V) and vehicle-to-infrastructure (V2I) communication is a fascinating in-vehicle service for advertisers and the users due to multiple reasons. It enable advertisers to promote their product or services in the region of their interest. Also the users get to receive more relevant ads. Usually, users tend to contribute in dissemination of ads if their privacy is preserved and if some incentive is provided. Recent researches have focused on enabling both of the parameters for the users by developing fair incentive mechanism which preserves privacy by using Zero-Knowledge Proof of Knowledge (ZKPoK) [2]. However, the anonymity provided by ZKPoK can introduce internal attacker scenarios in the network due to which authenticated users can disseminate fake ads in the network without payment. As the existing scheme uses certificate-less cryptography, due to which malicious users cannot be removed from the network. In order to resolve these challenges, we employed conditional anonymity and introduced Monitoring Authority (MA) in the system. In our proposed scheme, the pseudonyms are assigned to the vehicles while their real identities are stored in Certification Authority (CA) in encrypted form. The pseudonyms are updated after a pre-defined time threshold to prevent behavioural privacy leakage. We performed security and performance analysis to show the efficiency of our proposed system.","2376-6506","978-1-7281-3129-0","10.1109/IWCMC48107.2020.9148487","","https://ieeexplore.ieee.org/stamp/stamp.jsp?arnumber=9148487","Blockchain;vehicular network;ad dissemination;conditional anonymity","Privacy;Cryptography;Vehicular ad hoc networks;Advertising;Delays","","3","","28","IEEE","27 Jul 2020","15-19 June 2020","15-19 June 2020","IEEE","IEEE Conferences"
"A Practical Data Trading Protocol for Sudoku Solutions","J. Deng; B. Wu","Key Laboratory of Cyberspace Security Defense, Institute of Information Engineering, Chinese Academy of Sciences, Beijing, China; Key Laboratory of Cyberspace Security Defense, Institute of Information Engineering, Chinese Academy of Sciences, Beijing, China",IEEE Transactions on Information Forensics and Security,"18 Jul 2024","2024","19","","6935","6948","Developing a fair, efficient, and scalable data trading protocol in decentralized networks has attracted much research effort recently. Zero-knowledge contingent payments (ZKCP) allows sellers and buyers to complete their trade fairly over the blockchain using zero-knowledge proofs. However, it suffers from memory-intensive requirements and scalability limitations. In this paper, we propose a practical data trading protocol tailored for Sudoku solutions, which is fair, efficient, and scalable. The core component of our protocol is a zero-knowledge argument for the correctness of a Sudoku solution of homomorphic encryption. This argument achieves sublinear communication complexity and the number of group exponentiations for both proving and verification is linear in the size of Sudoku solutions. The security of our protocol can be proven in the random oracle model under the Decision Diffie-Hellman assumption. In addition, we devise a mechanism that allows buyers to recover the private key through two zero-knowledge proofs and prevents the direct exposure of the decryption key. Furthermore, we implement the proposed protocol on the Ethereum testnet, and the experimental results show a significant improvement in overall efficiency.","1556-6021","","10.1109/TIFS.2024.3419702","National Natural Science Foundation of China(grant numbers:U23B2002); National Natural Science Foundation of China(grant numbers:62272007); ","https://ieeexplore.ieee.org/stamp/stamp.jsp?arnumber=10572023","Zero-knowledge argument;fair exchange;smart contract","Costs;Smart contracts;Vectors;Encryption;Memory management;Scalability;Data analysis","","2","","38","IEEE","26 Jun 2024","2024","","IEEE","IEEE Journals"
"A Publicly Verifiable Outsourcing Matrix Computation Scheme Based on Smart Contracts","H. Wang; C. Ge; L. Zhou; Z. Liu; D. Lan; X. Lu; D. Jiang","Department of Nanjing University of Aeronautics and Astronautics, Nanjing, China; Joint SDU-NTU Centre for Artificial Intelligence Research (C-FAIR) & Software School, Shandong University, Jinan, China; Department of Nanjing University of Aeronautics and Astronautics, Nanjing, China; Department of Nanjing University of Aeronautics and Astronautics, Nanjing, China; Department of Nanjing University of Aeronautics and Astronautics, Nanjing, China; Department of Nanjing University of Aeronautics and Astronautics, Nanjing, China; Department of Nanjing University of Aeronautics and Astronautics, Nanjing, China",IEEE Transactions on Cloud Computing,"7 Mar 2024","2024","12","1","70","83","Matrix computation is a crucial mathematical tool in scientific fields such as Artificial Intelligence and Cryptographic computation. However, it is difficult for resource-limited devices to execute large-scale matrix computations independently. Outsourcing matrix computation (OMC) is a promising solution that engages a cloud server to process complicated matrix computations for resource-limited devices. However, existing OMC schemes lack public verifiability, and thus resource-limited devices cannot verdict the correctness of the computing results. In this paper, for the first time, we propose a smart contract-based OMC scheme that publicly verifies the outsourcing matrix computation results. In our scheme, a smart contract running over the blockchain serves as a decentralized trusted third party to ensure the correctness of the matrix computation results. To overcome the Verifier's Dilemma in the blockchain, we present a blockchain-compatible matrix verification method that decreases the time complexity from $O(n^{3})$O(n3) to $O(n^{2})$O(n2) by utilizing a blinding method with the check digit and padding matrices. We make the verification become the form of comparing whether two results are identical rather than naive re-computing. Finally, we perform experiments on Ethereum and ARM Cortex-M4 and give in-depth analysis and performance evaluation, demonstrating our scheme's practicability and effectiveness.","2168-7161","","10.1109/TCC.2023.3337848","National Key R&D Program of China(grant numbers:2021YFB3100700); National Key R&D Program of Guangdong Province(grant numbers:2020B0101090002); National Natural Science Foundation of China(grant numbers:62076125,62032025,U20B2049,U20B2050,U21A20467,61702236,6207020639); Natural Science Foundation of Jiangsu Province(grant numbers:BK20200418,BE2020106); Basic and Applied Basic Research Foundation of Guangdong Province(grant numbers:2021A1515012650); Shenzhen Science and Technology(grant numbers:JCYJ20210324134810028); ","https://ieeexplore.ieee.org/stamp/stamp.jsp?arnumber=10336365","Ethereum;outsourcing matrix computation;smart contract;verifiable;verifier's dilemma","Cloud computing;Outsourcing;Smart contracts;Servers;Protocols;Blockchains;Cryptography","","6","","30","IEEE","30 Nov 2023","Jan.-March 2024","","IEEE","IEEE Journals"
"Membership Proof in Federated Learning via Cryptographic Accumulators","C. Mazzocca; A. Mora; N. Romandini; R. Montanari; P. Bellavista","Department of Computer Science and Engineering, University of Bologna, Bologna, Italy; Department of Computer Science and Engineering, University of Bologna, Bologna, Italy; Department of Computer Science and Engineering, University of Bologna, Bologna, Italy; Department of Computer Science and Engineering, University of Bologna, Bologna, Italy; Department of Computer Science and Engineering, University of Bologna, Bologna, Italy",2024 6th International Conference on Blockchain Computing and Applications (BCCA),"22 Jan 2025","2024","","","57","63","Federated Learning (FL) is a decentralized training paradigm where clients collaboratively train a Machine Learning (ML) model without outsourcing their raw data. Each participant locally trains a model utilizing their data, and these models are periodically aggregated to build a global model. In this scenario, clients may be willing to verify the inclusion of their contributions to ensure accurate and fair computation of the global model. This verification also serves to confirm that their participation has been adequately rewarded. Therefore, FL frameworks should allow clients to efficiently verify their proof of inclusion (i.e., membership proof) in the training without affecting privacy. This paper presents a protocol for efficient membership proof in FL (MPFL). Our protocol leverages cryptographic accumulators, which enable clients to verify membership proof with minimum overhead, and a smart contract deployed on a blockchain to ensure the correct generation of the global model and membership proofs. We implemented MPFL and conducted evaluations across various datasets, ML models, and varying the number of clients. The experimental findings reveal that a client only requires 96 bytes to maintain the necessary information for verifying their inclusion, achieving this task in approximately 20 ms.","","979-8-3503-5153-8","10.1109/BCCA62388.2024.10844447","","https://ieeexplore.ieee.org/stamp/stamp.jsp?arnumber=10844447","Federated Learning;Blockchain;Cryptographic Accumulator;Smart Contract;Membership Proof","Training;Privacy;Federated learning;Atmospheric measurements;Computational modeling;Smart contracts;Particle measurements;Data models;Blockchains;Outsourcing","","1","","23","IEEE","22 Jan 2025","26-29 Nov. 2024","26-29 Nov. 2024","IEEE","IEEE Conferences"
"CoCFL: A Lightweight Blockchain-based Federated Learning Framework in IoT Context","J. Wang; Y. Shi; D. Hu; K. Li; X. Liu","College of Intelligence and Computing, Tianjin University, China; College of Intelligence and Computing, Tianjin University, China; College of Intelligence and Computing, Tianjin University, China; College of Intelligence and Computing, Tianjin University, China; College of Intelligence and Computing, Tianjin University, China",2024 IEEE 44th International Conference on Distributed Computing Systems (ICDCS),"22 Aug 2024","2024","","","1086","1096","One notable drawback of traditional Federated Learning (FL) is its susceptibility to single point of failures. In recent years, Blockchain-based Federated Learning (BCFL) has been proposed as an effective solution to address this issue. However, existing BCFL frameworks face challenges in heterogeneous IoT scenarios. The heterogeneity of IoT devices poses challenges to the adaptation of blockchain consensus. The integration of blockchain imposes constraints on the learning scalability of systems, making it challenging to accommodate a large number of heterogeneous IoT devices. On the other hand, current blockchain consensus fail to sufficiently measure the contributions and destructions among heterogeneous devices in terms of learning quality, leading to low learning security and insufficient incentive fairness. To overcome the limitations of prior art, this paper introduces CoCFL, a novel blockchain-based federated learning framework based on multi-chain collaborative model. CoCFL enhances learning scalability by adopting a multi-chain asynchronous collaboration approach that partitions both learning and communication granularity of the system. Within each sub chain, CoCFL introduces a lightweight, secure and incentive-fair blockchain-based federated learning consensus, called Proof of Contribution to FL (PoCFL). In PoCFL, partic-ipants' contributions to the learning and the consensus process form the basis for delegating consensus responsibility and dis-tributing rewards. Furthermore, we introduce a novel malicious model detection algorithm into PoCFL, called the Trustee Nearest Algorithm. Through Trustee Nearest, PoCFL effectively mitigates poisoning attacks. Experimental results demonstrate that CoCFL exhibits better learning scalability compared to traditional FL and and avdanced BCFL frameworks in the same scenarios and can effectively withstand poisoning attacks initiated by at least 40% of malicious participants. Moreover, CoCFL demonstrated good incentive fairness during the learning process.","2575-8411","979-8-3503-8605-9","10.1109/ICDCS60910.2024.00104","National Key Research and Development Program of China(grant numbers:2022YFB2702900); National Natural Science Foundation of China(grant numbers:62232002,62072221,62032017); ","https://ieeexplore.ieee.org/stamp/stamp.jsp?arnumber=10630903","federated learning;blockchain;IoT;learning scalability;learning security;incentive fairness","Resistance;Federated learning;Scalability;Current measurement;Collaboration;Internet of Things;Security","","7","","24","IEEE","22 Aug 2024","23-26 July 2024","23-26 July 2024","IEEE","IEEE Conferences"
"Protecting the Multimedia using Privacy Preserving Homomorphic Encryption Based Blockchain Model in IoT","J. D. Panalkar; V. Sagar S D; A. K. Bhardwaj","Department of Master of Computer Applications, Nitte Meenakshi Institute of Technology, Bengaluru, India; Department of Master of Computer Applications, Nitte Meenakshi Institute of Technology, Bengaluru, India; Capgemini, Houston, Texas, USA",2023 International Conference on Evolutionary Algorithms and Soft Computing Techniques (EASCT),"22 Jan 2024","2023","","","1","5","Data auditing is becoming increasingly important as more customers want to farm out large programme data produced by Net of Things (IoT) strategy to the cloud. This is because it allows clients to confirm the accuracy of the data they are outsourcing. The majority of current data auditing techniques, however, are unable to ensure complete data integrity and cannot satisfy the security requirements of useful multimedia facilities. Moreover, when the cloud service provider (CSP) tampers with the outsourced data, clients are not promptly compensated due to the lack of fair arbitration. This study suggests a blockchain-based homomorphic encryption-based learning method for multimedia data that protects privacy. In our system, customers often only need to do contract is only triggered to perform a public audit when the private audit's verification is unsuccessful. With this suggested approach, clients may avoid paying audit costs and can be compensated automatically and promptly if the CSP corrupts their outsourced data. Furthermore, when clients want reimbursement from the CSP, our plan can stop bogus claims. We evaluate the security advantages and finish implementing the prototype. The testing findings demonstrate how safe, effective, and useful our blockchain-based data auditing system is.","","979-8-3503-1341-3","10.1109/EASCT59475.2023.10393416","","https://ieeexplore.ieee.org/stamp/stamp.jsp?arnumber=10393416","Internet of Things;Cloud service provider;Privacy-preserving learning;Blockchain;Security;Auditing Scheme","Training;Learning systems;Fault diagnosis;Privacy;Smart contracts;Prototypes;Outsourcing","","","","24","IEEE","22 Jan 2024","20-21 Oct. 2023","20-21 Oct. 2023","IEEE","IEEE Conferences"
"Inferring optimal electoral roll creation, verification and management strategies: System development reviews","H. V. Gorewar; N. Tiwari","Department of Computer Science and Engineering, RKDF Institute of Science and Technology, Sarvepalli RadhaKrishnan University, Bhopal, India; Deptt. of Computer Science and Engineering, RKDF Institute of Science and Technology, Sarvepalli RadhaKrishnan University, Bhopal, India","2020 Fourth World Conference on Smart Trends in Systems, Security and Sustainability (WorldS4)","1 Oct 2020","2020","","","751","756","Fair and transparent elections play a vital role in the development of any country. In order to do this task, the identification of voters must be done with most optimum accuracy. For doing this identification, governments have incorporated electoral roll management systems that perform citizen identification, citizen verification, duplicity checking, duplicity removal, vote zone decision, and finally vote zone checking. All these operations require a lot of semi-distributed-semi-central processing tasks, which must be performed with utmost accuracy so that the entire process can be made transparent and fair for both the parties and the citizens voting for these parties. To develop such a humongous system, system designers often find it difficult to select the most optimum algorithms, architectures and protocols to be developed. In this paper, we have reviewed a set of these algorithms, architectures and protocols in order to assist the designers to select the best possible combinations for development of an optimum electoral roll management system (ERMS). Moreover, our review also suggests some further optimizations which can be performed in this area, based on the research done in the field of work.","","978-1-7281-6823-4","10.1109/WorldS450073.2020.9210315","","https://ieeexplore.ieee.org/stamp/stamp.jsp?arnumber=9210315","Electoral roll;management;identification;verification;duplicity;checking","Voting;Protocols;Computer architecture;Task analysis;Signal processing algorithms","","","","44","IEEE","1 Oct 2020","27-28 July 2020","27-28 July 2020","IEEE","IEEE Conferences"
"Preventing Witness Leakage in Adaptor Signatures","J. -C. Hsu; R. Tso","Department of Computer Science, National Chengchi University, Taipei, Taiwan; Department of Computer Science, National Chengchi University, Taipei, Taiwan",IEEE Access,"9 Oct 2025","2025","13","","172584","172597","Adaptor signature schemes allow two parties to trade fairly. When a valid signature is revealed, the secret witness can also be extracted. This is useful in blockchain settings such as atomic swaps and fair exchange. However, if an adversary obtains both the pre-signature and the full signature, they can extract the witness. To fix this, we introduce a secret value  $\textsf {aux}$  into the extract algorithm. Only those who know  $\textsf {aux}$  can extract the witness. We also find that the adaptor algorithm must use  $\textsf {aux}$  to remain secure. In a fair exchange, the buyer extracts the witness, and the seller runs the adaptor algorithm. Since both parts need  $\textsf {aux}$ , both parties must share it. The auxiliary secret  $\textsf {aux}$  can be shared using various methods such as non-interactive key exchange (NIKE), interactive key exchange (IKE), and key encapsulation mechanism (KEM). We show that our scheme is aEUF-CMA secure, allows witness extraction only with the shared secret  $\textsf {aux}$ , and introduces a new property called restricted extractability, which ensures the witness remains hidden without  $\textsf {aux}$ . Our contributions are: 1) We show that adaptor signatures can leak the witness if both the pre-signature and full signature are seen, 2) We fix this by adding a shared secret  $\textsf {aux}$  that only the right party knows, 3) We define and prove a new security idea called restricted extractability, and 4) We give an example using Schnorr signatures and show how to share  $\textsf {aux}$  using simple methods like NIKE.","2169-3536","","10.1109/ACCESS.2025.3616813","National Science and Technology Council (NSTC), Taiwan(grant numbers:NSTC114-2634-F004-002-MBK); ","https://ieeexplore.ieee.org/stamp/stamp.jsp?arnumber=11187377","Adaptor signature;fair exchange;key agreement","Security;Protocols;Blockchains;Encryption;Costs;Robustness;Protection;Encapsulation;Computer science;Complexity theory","","","","19","CCBY","1 Oct 2025","2025","","IEEE","IEEE Journals"
"Machine Learning based Trust Model for Secure Internet of Vehicle Data Exchange","G. Manogaran; B. S. Rawal","Computer and Information Science Department, Gannon University, Erie, PA, USA; Cyber Department, Gannon University, Erie, PA, USA",2020 IEEE Globecom Workshops (GC Wkshps,"5 Mar 2021","2020","","","1","6","Internet of vehicles (IoV) is an eminent road-side communication assistive technology that is designed to meet the service requirements of the users. As autonomous vehicles are the base for IoV environment, selecting authenticated neighbours is a prime task for improving the security of the communication environment. In this article, classification based trust model (CTM) for IoV is designed for improving the detection and verification of data and vehicles in the dynamic scenario. The classification and verification follows naïve Bayes machine learning model for distinguishing the vehicles as trusted and untrusted. Depending on the communication attributes of the vehicles, classification distribution is modelled for direct trust in both independent and joint manner. The proposed model is assessed using simulation experiments and it is seen that this model achieves fair trusted and untrusted vehicle detection and less verification delay.","","978-1-7281-7307-8","10.1109/GCWkshps50303.2020.9367424","","https://ieeexplore.ieee.org/stamp/stamp.jsp?arnumber=9367424","Attribute Classification;Internet of Vehicles;Naïve Bayes;Probabilistic Distribution;Trust Model","Authentication;Machine learning;Probabilistic logic;Data models;Internet;Delays;Security","","12","","14","IEEE","5 Mar 2021","7-11 Dec. 2020","7-11 Dec. 2020","IEEE","IEEE Conferences"
"FileBounty: Fair Data Exchange","S. Janin; K. Qin; A. Mamageishvili; A. Gervais",X80 Security; Imperial College London; ETH Zurich; Imperial College London,2020 IEEE European Symposium on Security and Privacy Workshops (EuroS&PW),"22 Oct 2020","2020","","","357","366","Digital contents are typically sold online through centralized and custodian marketplaces, which requires the trading partners to trust a central entity. We present FileBounty, a fair protocol which, assuming the cryptographic hash of the file of interest is known to the buyer, is trust-free and lets a buyer purchase data for a previously agreed monetary amount, while guaranteeing the integrity of the contents. To prevent misbehavior, FileBounty guarantees that any deviation from the expected participants’ behavior results in a negative financial payoff; i.e. we show that honest behavior corresponds to a subgame perfect Nash equilibrium. Our novel deposit refunding scheme is resistant to extortion attacks under rational adversaries. If buyer and seller behave honestly, FileBounty’s execution requires only three on-chain transactions, while the actual data is exchanged off-chain in an efficient and privacypreserving manner. We moreover show how FileBounty enables a flexible peer-to-peer setting where multiple parties fairly sell a file to a buyer.","","978-1-7281-8597-2","10.1109/EuroSPW51379.2020.00056","","https://ieeexplore.ieee.org/stamp/stamp.jsp?arnumber=9229692","","Protocols;Blockchain;Smart contracts;Cryptography;Nash equilibrium;Resistance;Games","","11","","49","IEEE","22 Oct 2020","7-11 Sept. 2020","7-11 Sept. 2020","IEEE","IEEE Conferences"
"Design and Implementation of a Secure Online Test Environment Using Real-Time User Verification","V. Shinde; P. Mewada; J. Kotadia; S. Patel","Department of Cyber Security, Shah and Anchor Kutchhi Engineering College, Mumbai, India; B.Tech in Cyber Security, Shah and Anchor Kutchhi Engineering College, Mumbai, India; B.Tech in Cyber Security, Shah and Anchor Kutchhi Engineering College, Mumbai, India; B.Tech in Cyber Security, Shah and Anchor Kutchhi Engineering College, Mumbai, India",2025 IEEE International Conference on Blockchain and Distributed Systems Security (ICBDS),"17 Feb 2026","2025","","","1","10","With the recent surge in online education, students around the world have gained unprecedented access to learning opportunities. However, this shift has also made it harder to keep remote exams fair and secure. Old-fashioned proctoring methods just don't work as well in a virtual setting, and as more assessments move online, there's a real need for security solutions that are both reliable and easy for students to use. That's why we created SecuCode-a system designed to help maintain academic honesty during online exams without adding unnecessary stress or complexity for students. SecuCode starts with a simple PIN login, making it easy for students to get started while still confirming their identity. Once the exam begins, the system uses real-time facial recognition to make sure the same person stays present throughout the test. What really makes SecuCode different is its strike-based monitoring approach: if a student's face disappears from the camera too many times, the exam is automatically submitted. This way, the system discourages cheating but also understands that honest mistakes can happen. Our goal with SecuCode is to create a secure, respectful online exam experience that supports both students and educators as online learning continues to grow.","","979-8-3315-5305-0","10.1109/ICBDS67396.2025.11377241","","https://ieeexplore.ieee.org/stamp/stamp.jsp?arnumber=11377241","online examination;identity verification facial recognition;secure authentication;proctoring system;academic integrity","Face recognition;Education;Real-time systems;Pins;Complexity theory;Security;Reliability;Surges;Stress;Monitoring","","","","27","IEEE","17 Feb 2026","30 Oct.-1 Nov. 2025","30 Oct.-1 Nov. 2025","IEEE","IEEE Conferences"
"On the Security and Efficiency of Different Secure Hash Algorithms","A. Soni; S. K. Sahay","Department of CSIS, BITS Pilani KK Birla Goa Campus, Goa, India; Department of CSIS, BITS Pilani KK Birla Goa Campus, Goa, India","2025 International Conference on Communication, Computing, Networking, and Control in Cyber-Physical Systems (CCNCPS)","29 Aug 2025","2025","","","125","131","Cryptographic hash functions are essential for securing data integrity in systems such as digital signatures, blockchain networks, and secure communication protocols. Among the widely adopted standards, Secure Hash Algorithm 2 (SHA2), particularly the 256-bit variant (SHA2-256), has been extensively used across various applications for over two decades. However, with advancements in computational power and the emergence of quantum algorithms like Grover’s, concerns have been raised about the long-term security and efficiency of SHA2-256. Therefore, in this paper, we present a detailed performance analysis of all major variants of SHA2 and Secure Hash Algorithm 3 (SHA3) across a wide range of input sizes ranging from 1 KB to 1 GB. Each algorithm was implemented from scratch in the C programming language and evaluated on both an Intel i7 processor and a Raspberry Pi 4B device to ensure a fair and unbiased comparison across platforms. The results show that lighter SHA3 variants, such as SHA3-224 and SHA3-256, offer better performance for small inputs but provide comparatively lower security margins. Interestingly, SHA2-512 outperformed SHA2-256 consistently across all data sizes, with up to 94% faster processing on large files, making it not only more efficient, but also cryptographically stronger. Despite this, SHA2-256 remains the default in most current systems. These findings highlight the need to reconsider default choices and promote the broader adoption of SHA2-512 in modern and emerging applications such as Internet of Things (IoT) devices, blockchain infrastructures, and other performance-sensitive environments where the efficiency and security levels of the systems are critical.","","979-8-3315-9713-9","10.1109/CCNCPS66785.2025.11135672","","https://ieeexplore.ieee.org/stamp/stamp.jsp?arnumber=11135672","Secure Hash Algorithm 2 (SHA-2);Secure Hash Algorithm 3 (SHA-3);Efficiency;Next Generaion Systems","Performance evaluation;Quantum algorithm;Protocols;Distance measurement;Blockchains;Telecommunication computing;Performance analysis;Internet of Things;Standards;Digital signatures","","","","20","IEEE","29 Aug 2025","10-12 June 2025","10-12 June 2025","IEEE","IEEE Conferences"
"An Efficient Byzantine Fault-Tolerant Consensus Mechanism Based on Aggregate Threshold Ring Signature","L. Chen; C. Wang; W. Jiang","School of Cyber Science and Engineering, Southeast University, Nanjing, China; School of Cyber Science and Engineering, Southeast University, Nanjing, China; School of Cyber Science and Engineering, Southeast University, Nanjing, China",2023 8th International Conference on Computer and Communication Systems (ICCCS),"26 Jun 2023","2023","","","430","439","To address the problems of existing consensus mechanism in blockchain such as too much information interactions among nodes, and simple election strategy of master node, this paper firstly proposes an Aggregate Threshold Ring Signature (ATRS) algorithm, which is efficient, anonymous and takes up less space. Then we apply it to the consensus mechanism of blockchain, and proposes a consensus mechanism based on ATRS algorithm, named Ring Signature-Practical Byzantine Fault Tolerance (ATRS-PBFT) consensus mechanism. This consensus mechanism reduces the number of signatures and verifications and improves the efficiency of the mechanism. In order to increase the security, the consensus proposed in this paper also adopts a credit hierarchy in the master node election strategy, divides the nodes' credit rating before the master node election, and selects the nodes with high credit rating as the master nodes, which reduces the probability of malicious nodes becoming the master nodes. The optimized consensus mechanism can both achieve privacy protection for nodes using ring signature and reduce the data computation in the signature process to improve the efficiency of the mechanism. From the simulation experiments, it can be seen that ATRS-PBFT consensus has the advantages of increased throughput, reduced latency, short block-out time, and high efficiency compared with the traditional PBFT consensus mechanism.","","978-1-6654-5612-8","10.1109/ICCCS57501.2023.10151277","","https://ieeexplore.ieee.org/stamp/stamp.jsp?arnumber=10151277","PBFT;ATRS-PBFT;blockchain;consensus mechanism","Fault tolerance;Voting;Aggregates;Fault tolerant systems;Switches;Throughput;Particle measurements","","2","","11","IEEE","26 Jun 2023","21-23 April 2023","21-23 April 2023","IEEE","IEEE Conferences"
"Comparative Performance Analysis of Ethereum and Optimism Smart Contracts in Health Insurance","B. A. Dedetürk; B. K. Dedetürk","Department of Computer Engineering, Abdullah Gul University, Kayseri, Türkiye; Department of Software Engineering, Erciyes University, Kayseri, Türkiye",2024 9th International Conference on Computer Science and Engineering (UBMK),"11 Dec 2024","2024","","","1","6","One type of insurance that people purchase to cover unexpected medical expenses is health insurance. In exchange for premium payments, the insurance company may cover a portion of the insured person's medical expenses, such as prescription medications, hospital stays, and doctor visits. This method makes access to healthcare easier and less expensive. Health insurance systems do, however, have a number of issues, including fair insurance premium calculation, automation, data verification, privacy and security, and cost effectiveness. These issues are starting to be addressed by blockchain technology, particularly with the help of smart contracts. Using a comparison analysis between Ethereum and Optimism smart contracts, this paper demonstrates the performance of health insurance. Simulation of these BC technologies was carried out both on the Sepolia testnet and using Alchemy. Tools and metrics provided to monitor the performance of Alchemy applications, detect errors, and analyze user interactions were used in the measurements. While Ethereum's well-established ecosystem offers robust support for smart contracts, Optimism distinguishes itself as a scalable substitute that delivers quicker transaction speeds and more affordable options. According to the analysis results, the advantages and disadvantages of Ethereum and Optimism are highlighted when it comes to health insurance.","2521-1641","979-8-3503-6588-7","10.1109/UBMK63289.2024.10773514","","https://ieeexplore.ieee.org/stamp/stamp.jsp?arnumber=10773514","health insurance;ethereum;optimism","Costs;Hospitals;Scalability;Smart contracts;Measurement uncertainty;Insurance;Blockchains;Performance analysis;Security;Monitoring","","2","","22","IEEE","11 Dec 2024","26-28 Oct. 2024","26-28 Oct. 2024","IEEE","IEEE Conferences"
"Are We There Yet? Unraveling the State-of-the-Art Smart Contract Fuzzers","S. Wu; Z. Li; L. Yan; W. Chen; M. Jiang; C. Wang; X. Luo; H. Zhou","The Hong Kong Polytechnic University, Hong Kong, China; The Hong Kong Polytechnic University, Hong Kong, China; The Hong Kong Polytechnic University, Hong Kong, China; The Hong Kong Polytechnic University, Hong Kong, China; The Hong Kong Polytechnic University, Hong Kong, China; Xi’ an Jiaotong University, Xi'an, China; The Hong Kong Polytechnic University, Hong Kong, China; The Hong Kong Polytechnic University, Hong Kong, China",2024 IEEE/ACM 46th International Conference on Software Engineering (ICSE),"14 Jun 2024","2024","","","1560","1572","Given the growing importance of smart contracts in various applications, ensuring their security and reliability is critical. Fuzzing, an effective vulnerability detection technique, has recently been widely applied to smart contracts. Despite numerous studies, a systematic investigation of smart contract fuzzing techniques remains lacking. In this paper, we fill this gap by: 1) providing a comprehensive review of current research in contract fuzzing, and 2) conducting an in-depth empirical study to evaluate state-of-the-art contract fuzzers' usability. To guarantee a fair evaluation, we employ a carefully-labeled benchmark and introduce a set of pragmatic performance metrics, evaluating fuzzers from five complementary perspectives. Based on our findings, we provide direction for the future research and development of contract fuzzers.","1558-1225","979-8-4007-0217-4","10.1145/3597503.3639152","National Natural Science Foundation of China(grant numbers:62272379); ","https://ieeexplore.ieee.org/stamp/stamp.jsp?arnumber=10548588","Smart Contract;Fuzzing;Evaluation","Measurement;Systematics;Reviews;Smart contracts;Fuzzing;Benchmark testing;Security","","9","","111","","14 Jun 2024","14-20 April 2024","14-20 April 2024","IEEE","IEEE Conferences"
"Near Optimal Locality-Aware Task Allocation towards Stable Blockchain-Based MEC System: A Potential Game Approach","L. Ma; Y. Zhou; L. Wang; X. Wang; C. F. Chiasserini; G. Han","College of Software, Northeastern University, Shenyang, China; College of Software, Northeastern University, Shenyang, China; School of Computer Science, Northwestern Polytechnical University, Xi'an, China; School of Computer Science and Engineering, Northeastern University, Shenyang, China; Politecnico di Torino, Torino, Italy; Department of Information Science and Engineering, Hohai University, Changzhou, China",IEEE Transactions on Mobile Computing,"","2025","PP","99","1","15","We consider the efficient resource allocation task in the blockchain-based mobile edge computing (MEC) system that requires decentralized transaction management to validate transactions between edge servers (ESs) and mobile devices (MDs). In such task allocation process (where MDs' resources are limited and privacy-sensitive), it is a significant challenge to guarantee individual rationality with satisfactory system stability while enabling flexible task offloading under various locality constraints (e.g., communication distance, bandwidth and delay). In this paper, we formulate the target problem as a blockchain-assisted task-resource matching model, and then propose a near optimal locality-aware resource allocation mechanism over smart contract to enable automatic and efficient transactions in MEC system. More specifically, for the service agents selection, we design the preference-based selection strategy to get highest estimated profit. For the flexible task offloading, we develop the minimum delay task graph partitioning algorithm to determine the optimal task offloading solution for MD under different resource bundles. For the task-resource matching, we propose a task-resource matching game (based on potential game) with the second lowest cost strategy to determine the matching of task-resource and decide the price of resource bundle. For the transaction verification and block allocation, we propose a social welfare-driven consensus mechanism to enable verified transaction and fair block allocation in a reward-free way. Strict theoretical analysis and extensive simulations demonstrate that our mechanism guarantees individual rationality, Nash Equilibrium, and stable near optimal solution.","1558-0660","","10.1109/TMC.2025.3638824","","https://ieeexplore.ieee.org/stamp/stamp.jsp?arnumber=11271484","Mobile edge computing;Task allocation;Nash Equilibrium;Social welfare;Individual rationality","Resource management;Smart contracts;Wireless communication;Games;Nash equilibrium;Consensus protocol;Analytical models;Payloads;Mobile handsets;Computational modeling","","","","","IEEE","1 Dec 2025","","","IEEE","IEEE Early Access Articles"
"Voting System using Hough Transformation","V. R. Shravani; S. Bhat; B. N. Nainika; R. Tekumatla; K. B. Raju","Department of CSE, Gokaraju Rangaraju Institute of Engineering and Technology, Hyderabad, India; Department of CSE, Gokaraju Rangaraju Institute of Engineering and Technology, Hyderabad, India; Department of CSE, Gokaraju Rangaraju Institute of Engineering and Technology, Hyderabad, India; Department of CSE, Gokaraju Rangaraju Institute of Engineering and Technology, Hyderabad, India; Department of CSE, Gokaraju Rangaraju Institute of Engineering and Technology, Hyderabad, India",2023 7th International Conference on Intelligent Computing and Control Systems (ICICCS),"8 Jun 2023","2023","","","1132","1138","This research work intends to develop a secure voting system, which uses iris recognition and Hough transformation to make sure that the voting process is safe and reliable. The main processes involved in the proposed system are, obtaining iris image as input, recognizing and authenticating the iris, and finally casting a vote. The iris image acquisition module uses a camera to capture a picture of the voter’s iris. The iris recognition and authentication module compares the image of the voter’s iris to the database to make sure that the voter is who they say they are. The voting module lets a voter who has already been verified vote in a safe way. Hough transformation helps make the system more secure by getting rid of any strange iris images and lowering the risk of fraud. The proposed system was tested on a set of 500 images of iris, and it worked well and was hard to trick. This system could make voting systems safer and more accurate, boost voter confidence in the voting process, and help make sure elections are fair and open.","2768-5330","979-8-3503-9725-3","10.1109/ICICCS56967.2023.10142259","","https://ieeexplore.ieee.org/stamp/stamp.jsp?arnumber=10142259","secure voting system;iris recognition;Hough transformation;identity verification;fraud prevention;accuracy;reliability","Casting;Image recognition;Databases;Voting;Control systems;Cameras;Fraud","","","","18","IEEE","8 Jun 2023","17-19 May 2023","17-19 May 2023","IEEE","IEEE Conferences"
"Course-Correct to DeFi Lacking Default Deficiency","D. W. Kravitz; M. Z. Halverson","Spring Labs, San Jose, CA, USA; Spring Labs, Anaheim, CA, USA","2023 20th Annual International Conference on Privacy, Security and Trust (PST)","22 Nov 2023","2023","","","1","12","This paper explores methods of assessing risk on-chain by efficiently integrating off-chain identity- and attribute-verification and on-chain transaction activity. While decentralized finance (DeFi) is a well-suited application of permissionless blockchains, it is severely constrained in its ability to reconcile real-world identities and, as a result, to quantify their associated transaction risk using solely on-chain data, limiting its realistic applications. Opening the ecosystem to a broader range of use cases requires consistent pseudonymity and quantifiable reputation. Traditional finance quantifies risk by collecting and vetting reputation information for an individual, such as credit scores or payment history. We explore a mechanism to incorporate these traditional trust factors into the DeFi ecosystem while both preserving individual privacy within a competitive and fair environment and retaining compatibility with existing platforms such as Ethereum. Even though blockchains are inherently public, our solution gives users control over the release of information that pertains to them. Consequently, our contribution focuses on customized methods that balance the level of disclosure of verfiable, provably-sourced user information against the likelihood of the user successfully gaining access to a desired resource, such as a loan under mutually-agreeable terms. Our solution is consistent with the zero-trust model in that it imports explicit trust from recognized sources through relevant, continuously updated metrics.","2643-4202","979-8-3503-1387-1","10.1109/PST58708.2023.10320175","","https://ieeexplore.ieee.org/stamp/stamp.jsp?arnumber=10320175","Zero Trust;Encryption;Authorization;Smart Contracts;Digital Signatures;Distributed Databases;Blockchains","Measurement;Privacy;Data privacy;Limiting;Ecosystems;Finance;Decentralized applications","","","","26","IEEE","22 Nov 2023","21-23 Aug. 2023","21-23 Aug. 2023","IEEE","IEEE Conferences"
"FedAD-Bench: A Unified Benchmark for Federated Unsupervised Anomaly Detection in Tabular Data","A. Anwar; B. Moser; D. Herurkar; F. Raue; V. Hegiste; T. Legler; A. Dengel","German Research Center for Artificial Intelligence (DFKI), Kaiserslautern, Germany; German Research Center for Artificial Intelligence (DFKI), Kaiserslautern, Germany; German Research Center for Artificial Intelligence (DFKI), Kaiserslautern, Germany; German Research Center for Artificial Intelligence (DFKI), Kaiserslautern, Germany; RPTU Kaiserslautern-Landau, Germany; German Research Center for Artificial Intelligence (DFKI), Kaiserslautern, Germany; German Research Center for Artificial Intelligence (DFKI), Kaiserslautern, Germany",2024 2nd International Conference on Federated Learning Technologies and Applications (FLTA),"21 Jan 2025","2024","","","115","122","The emergence of federated learning (FL) presents a promising approach to leverage decentralized data while preserving privacy. Furthermore, the combination of FL and anomaly detection is particularly compelling because it allows for detecting rare and critical anomalies (usually also rare in locally gathered data) in sensitive data from multiple sources, such as cybersecurity and healthcare. However, benchmarking the performance of anomaly detection methods in FL environments remains an underexplored area. This paper introduces FedADBench, a unified benchmark for evaluating unsupervised anomaly detection algorithms within the context of FL. We systematically analyze and compare the performance of recent deep learning anomaly detection models under federated settings, which were typically assessed solely in centralized settings. FedAD-Bench encompasses diverse datasets and metrics to provide a holistic evaluation. Through extensive experiments, we identify key challenges such as model aggregation inefficiencies and metric unreliability. We present insights into FL's regularization effects, revealing scenarios in which it outperforms centralized approaches due to its inherent ability to mitigate overfitting. Our work aims to establish a standardized benchmark to guide future research and development in federated anomaly detection, promoting reproducibility and fair comparison across studies.","","979-8-3503-5481-2","10.1109/FLTA63145.2024.10839838","","https://ieeexplore.ieee.org/stamp/stamp.jsp?arnumber=10839838","Federated Learning;Distributed Machine Learning;Unsupervised Anomaly Detection;Outlier Detection;Benchmark","Deep learning;Data privacy;Federated learning;Medical services;Benchmark testing;Reproducibility of results;Anomaly detection;Research and development;Overfitting;Context modeling","","6","","33","IEEE","21 Jan 2025","17-20 Sept. 2024","17-20 Sept. 2024","IEEE","IEEE Conferences"
"Fully Transparent, Privacy-Preserving Yet Verifiable, Attack-Resistant, and Practical Remote Electronic Voting Rendering Assured and Fair Elections","N. Swearingen; X. Zou; N. Li","Computer Science Department, Indiana University Indianapolis, Indianapolis, IN, USA; Computer Science Department, Indiana University Indianapolis, Indianapolis, IN, USA; Computer Science Department, Purdue University, West Lafayette, IN, USA",IEEE Transactions on Privacy,"24 Sep 2025","2025","2","","105","118","The prolonged COVID-19 pandemic during the 2020 U.S. general election highlighted the significant challenges and risks associated with voting in person at booths, leading to frustration, pain, and even life-threatening consequences. This unexpected crisis underscored the urgent need for a secure, accessible, and robust voting platform that enables voters to cast their ballots remotely with peace of mind. Building on our previous work Zou et al. 2014, this paper presents a practical and resilient e-voting system designed to ensure enduring privacy through secret sharing. Voters can cast their ballots remotely without needing to visit a voting booth, while also having the ability to verify their individual plain/clear votes. The system allows anyone to tally and verify vote counts for all candidates both visually and technically, making the entire process—from ballot casting to tallying and verification—transparent and publicly accessible. The system is resistant to both insider misbehavior and external attacks. Additionally, the new e-voting technique incorporates an all-or-nothing principle, ensuring that no partial results are disclosed, and trust is evenly distributed among all participants. As a result, this technique provides a secure and fair solution for public elections.","2836-208X","","10.1109/TP.2025.3603141","National Science Foundation(grant numbers:DGE-2011117,18/811,009); ","https://ieeexplore.ieee.org/stamp/stamp.jsp?arnumber=11142593","C.2.0.f Network-level security and protection;D.4.6 Security and Privacy Protection;D.4.6.c Cryptographic controls;H.2.0.a Security;integrity;and protection","Electronic voting;Vectors;Protocols;Cryptography;Information integrity;Information filtering;Data privacy;Casting;Protection;Privacy","","","","104","CCBYNCND","26 Aug 2025","2025","","IEEE","IEEE Journals"
"PIWS: Private Intersection Weighted Sum Protocol for Privacy-Preserving Score-Based Voting With Perfect Ballot Secrecy","S. Lu; Z. Li; X. Miao; Q. Han; J. Zheng","Key Laboratory of Network Cryptography Technology of Henan, Information Engineering University, Zhengzhou, China; State Key Laboratory of Information Security, Institute of Information Engineering, Chinese Academy of Sciences, Beijing, China; Key Laboratory of Network Cryptography Technology of Henan, Information Engineering University, Zhengzhou, China; Department of Information Science and Engineering, School of Computer Science, Ocean University of China, Qingdao, China; Department of Information Technology, Chinese Academy of Sciences, Beijing, China",IEEE Transactions on Computational Social Systems,"24 May 2023","2023","10","3","1039","1056","This article proposes private intersection weighted sum (PIWS), a scalable, fair, and privacy-preserving intersection weighted sum protocol and applies it to voting scenarios. The PIWS protocol can privately calculate the intersection of identity index sets maintained by each participant and can privately calculate the weighted sum of the data associated with the identity indexes of the intersection set. After the execution of the protocol, both parties can only know the weighted sum, but not any additional information, such as any identity index or associated data of the other party. The PIWS protocol is very suitable for the privacy-preserving weighted voting scenarios and has three novel characteristics. First, it does not require as many semitrusted tally clerks as other protocols, which greatly reduces the deployment, communication, and calculation costs involved. It only requires the distributed deployment of voting servers and weight servers that are honest but curious. This is consistent with the deployment framework of the future big data application backgrounds. Second, perfect privacy protection and ballot secrecy are achieved. That is, the voting terminal or polling station provides encryption services for ballots immediately after each ballot is cast. All voting information is then expressed in ciphertext throughout the weighting and counting processes, until the final result of the weighted vote is passed to the voting server in the ciphertext. After decryption, the voting server only knows the results of the voting and it has no knowledge of the content or preference of the ballots, the privacy of the voters, or even the process of counting the votes. This design avoids the disclosure of voter privacy and ballot information, and the ciphertext form also prevents malicious users from cheating or tampering with voter or ballot information during the counting process. To better explain the security of our protocol, we present the provable security of the protocol under the honest-but-curious model and show the formal verification obtained using the Tamarin prover software. Third, our protocol not only achieves the function of an optional weighted voting protocol but also is relatively lightweight and efficient. The efficiency analysis results of the deployed voting system in terms of communication, storage, and calculation show that the protocol meets the requirements applicable to real-world applications. In summary, PIWS is superior to existing voting protocols in terms of function, security, and efficiency, and can be harmoniously applied to model updating of federated learning, consensus building of blockchain systems, or decision-making in artificial intelligence.","2329-924X","","10.1109/TCSS.2022.3162869","National Natural Science Foundation of China(grant numbers:62172405,61872381); Beijing Municipal Science and Technology Commission(grant numbers:Z191100007119006); ","https://ieeexplore.ieee.org/stamp/stamp.jsp?arnumber=9756417","Perfect ballot secrecy;privacy intersection protocol;provable security;Tamarin;weighted voting protocol","Protocols;Privacy;Servers;Decision making;Indexes;Electronic voting;Costs","","8","","46","IEEE","12 Apr 2022","June 2023","","IEEE","IEEE Journals"
"AI-Powered Freelancing Platform with Escrow Payments and Skill Verification","S. L; B. C. J; G. Ankitha; S. M. H. Yadullahi; S. A. Ahamed; B. N. A","Big Data Analytics Lab, School of Computer Science & Engineering, Presidency University, Bangalore; School of Computer Science & Engineering, Presidency University, Bangalore; Big Data Analytics Lab, School of Computer Science & Engineering, Presidency University, Bangalore; Big Data Analytics Lab, School of Computer Science & Engineering, Presidency University, Bangalore; School of Computer Science & Engineering, Presidency University, Bangalore; Department of Information Technology, Panimalar Engineering College, Chennai",2025 7th International Symposium on Advanced Electrical and Communication Technologies (ISAECT),"12 Jan 2026","2025","","","1","6","The rapid expansion of the gig economy has increased immensenly the need for freelancing platforms that require fair collaboration, reliable skill validation and secure payment mechanisms. Existing marketplaces such as Upwork, Fiverr and Freelancer they depend on self-reported skills and closed escrow workflows, which often result in skill mismatches, payment conflicts and poor job recommendations. This paper presents an AI-enabled freelancing platform designed to enhance trust, transparency and efficiency through real-time skill verification, personalized job matchmaking with AI enabled models and automated escrow-based payments with razorpay. The proposed system integrates a Flask model backend with a MySQL database, with artificial intelligence techniques such as natural language processing for portfolio evaluation and adaptive quizzes for skill assessment, along with Razorpay-based milestone escrow payments. Experimental evaluation reveales notable improvements over exsiting platforms, achieving a skill verification accuracy of 92.3%, recommendation accuracy of 89.5%, and significantly higher payment transparency. The system architecture includes a responsive web interface developed using HTML, CSS and Bootstrap, an administrative dashboard for platform management and robust security controls. By addressing key limitations of existing freelancing solutions, this platform improves user satisfaction while reducing fraudulent activities. Future enhancements will focus on blockchain-based security, advanced recommendation models, and gamification strategies to further strengthen user engagement.","","979-8-3315-6957-0","10.1109/ISAECT68904.2025.11318819","","https://ieeexplore.ieee.org/stamp/stamp.jsp?arnumber=11318819","Freelancing Platforms;Artificial Intelligence;Skill Validation;Escrow Payments;Job Matching;Flask;MySQL","Adaptation models;Accuracy;Biological system modeling;System performance;Systems architecture;Transformers;Security;Reliability;Artificial intelligence;Portfolios","","","","13","IEEE","12 Jan 2026","18-20 Dec. 2025","18-20 Dec. 2025","IEEE","IEEE Conferences"
"Web3DB: Web 3.0 RDBMS for Individual Data Ownership","S. S. Mukherjee; W. Tang; G. P. Fenzi Aniceto; J. Chandler; W. Song; T. Jung","University of Notre Dame, Indiana; University of Notre Dame, Indiana; University of Notre Dame, Indiana; University of Georgia, Athens, Georgia; University of Georgia, Athens, Georgia; University of Notre Dame, Indiana",2025 IEEE Global Blockchain Conference (GBC),"29 Aug 2025","2025","","","1","8","This paper introduces Web3DB, a decentralized relational database management system (RDBMS) designed to align with the principles of Web 3.0, addressing critical shortcomings of traditional centralized DBMS, such as data privacy, security vulnerabilities, and single points of failure. Several similar systems have been proposed, but they are not compatible with the legacy systems based on RDBMS. Motivated by the necessity for enhanced data sovereignty and the decentralization of data control, Web3DB leverages blockchain technology for fine-grained access control and utilizes decentralized data storage. This system leverages a novel, modular architecture that contributes to enhanced flexibility, scalability, and user-centric functionality. Central to Web3DB’s innovation is its decentralized query execution, which uses cryptographic sortition and blockchain verification to ensure secure and fair query processing across network nodes. The motivation for integrating relational databases within decentralized DBMS primarily stems from the need to combine the robustness and ease of use of relational database structures with the benefits of decentralization. This paper outlines Web3DB’s architecture, its practical implementation, and the system’s ability to support SQL-like operations on relational data, manage multi-tenancy, and facilitate open data sharing, setting new standards for decentralized databases in the Web 3.0 era.","","979-8-3503-6642-6","10.1109/GBC60041.2025.11134457","","https://ieeexplore.ieee.org/stamp/stamp.jsp?arnumber=11134457","","Semantic Web;Access control;Technological innovation;Scalability;Query processing;Relational databases;Robustness;Service-oriented architecture;Open data;Standards","","3","","26","IEEE","29 Aug 2025","20-22 June 2025","20-22 June 2025","IEEE","IEEE Conferences"
"RepuChain: A Privacy-Preserving Reputation Consensus for Medical IoT Data Formulation","T. Hewa; A. Braeken; E. Zeydan; P. Porambage; M. Liyanage; J. Iinatti; M. Ylianttila","Centre for Wireless Communications, University of Oulu, Finland; Vrije Universiteit, Brussel, Belgium; Centre Tecnològic de Telecomunicacions de Catalunya (CTTC), Barcelona, Spain; Centre for Wireless Communications, University of Oulu, Finland; Network Softwarization and Security Labs (NetsLab), School of Computer Science, University College Dublin, Ireland; Centre for Wireless Communications, University of Oulu, Finland; Centre for Wireless Communications, University of Oulu, Finland",2025 19th International Symposium on Medical Information and Communication Technology (ISMICT),"2 Jul 2025","2025","","","1","6","The overall reliability of the Internet of Things (IoT) enabled medical systems to rely on the captured data and associated services. Therefore, it is important to formulate non-malicious and unbiased data for data-driven medical IoT applications. In this paper, we identify the strength of blockchain and smart contracts in consensus-driven malicious data elimination for reliable medical data formulation for decentralized IoT medical services. Our work proposes a novel consensus protocol that leverages the reputation score as a numerical indicator to identify malicious data with privacy-preserved reputation verification for ensured fair and unbiased data formulation. We validated the proposed architecture by implementing an online medical diagnosis use case, and programmatic numerical event-driven simulations. The results reflect that our work outperforms the state-of-the-art by latency improvement (up to 57%) while supporting scalability and improved fairness(up to 97% node utilization in the experiment).","2326-8301","979-8-3315-2548-4","10.1109/ISMICT64722.2025.11059416","","https://ieeexplore.ieee.org/stamp/stamp.jsp?arnumber=11059416","Blockchain;Smart Contract;Privacy;IoT;Consensus","Data privacy;Scalability;Smart contracts;Numerical models;Information and communication technology;Consensus protocol;Internet of Things;Reliability;Medical diagnosis;Medical diagnostic imaging","","","","18","IEEE","2 Jul 2025","28-30 May 2025","28-30 May 2025","IEEE","IEEE Conferences"
"Privacy & Cloud Services: Are We There Yet?","D. Marikyan; J. Llanos; M. Barati; G. Aujla; Y. Li; K. Adu-Duodu; S. Tahir; O. Rana; S. Papagiannidis; R. Ranjan; M. Carr","Newcastle University, UK; University College, London, UK; Cardiff University, UK; Durham University, UK; Newcastle University, UK; Newcastle University, UK; Cardiff University, UK; Cardiff University, UK; Newcastle University, UK; Newcastle University, UK; University College, London, UK",2021 IEEE International Conference on Service-Oriented System Engineering (SOSE),"15 Oct 2021","2021","","","11","19","The General Data Protection Regulation (GDPR) remains an important requirement for many electronic services which utilise user data. GDPR compliance verification for a cloud provider is aimed to confirm that personal data provided by a user is shared in-line with the requirements of this legislation, so that any subsequent audit carried out on the provider does not lead to a financial penalty. This verification involves two aspects: (i) ensuring that user consent has been obtained; (ii) sharing of data with external cloud providers is undertaken in a transparent way, so that the user is aware of which providers the information was shared with and for what purpose. Using a survey we describe why users are still ambivalent about the use of GDPR - and how its adoption can be improved using a Blockchain-based architecture that can provide greater transparency on how GDPR compliance is supported by cloud providers.","2642-6587","978-1-6654-3477-5","10.1109/SOSE52839.2021.00006","EPSRC(grant numbers:EP/R033439/1,EP/R033293/1); ","https://ieeexplore.ieee.org/stamp/stamp.jsp?arnumber=9564338","GDPR;Blockchain-Technologies;On-line-Services","Privacy;Service-oriented systems engineering;Conferences;General Data Protection Regulation","","2","","20","IEEE","15 Oct 2021","23-26 Aug. 2021","23-26 Aug. 2021","IEEE","IEEE Conferences"
"Enhancing the security of intellectual property using Ethereum blockchain technology","S. Sarkar; I. Sharma; R. Dash","Department of Computer Science & Engineering, Mangalore Institute of Technology and Engineering, Mangalore, Karnataka, India; Department of Computer Science and Engineering, Chandigarh Engineering College, Chandigarh Group of Colleges Jhanjeri, Sahibzada Ajit Singh Nagar, Punjab, India; California High School, San Ramon, California, USA",2nd International Conference on Pervasive Computing Advances and Applications (PerCAA 2024),"12 May 2025","2024","2024","","8","15","This research work introduces a decentralised blockchain system for handling IP issues. These core IP systems present issues of inefficiency, high costs, and high risk of fraud, thus requiring new solutions. The proposed system is based on the use of smart contracts that provide an opportunity to improve the stability and transparency of operations in the field of IP. The purchase initiation process introduces a way to registered and verified IPs, price, purchase initiation process, delivery, and verification process. Comparative analysis reveals significant improvements over traditional methods: cost of transaction cut down to half; time saved during transaction doubled the security provided was increased to 50%, the transparency level of the system compared to the traditional system was increased by 90% and lastly there was 183% increase in the rate of using automation. All these enhancements are made possible by the various aspects of the system such as; immutable record-keeping, Cryptographic verification, and automated fund distributions. Our solution makes IP creation and distribution fairer because of the ideas of decentralization, transparency, and efficiency that are offered by blockchain technology. It checks equity for compensation of creators, reduces barriers to entry and promotes advancement. Despite the implementation challenges observed – the research shows that blockchain has transformative potential for the protection and management of intellectual property rights.","","978-1-83724-300-6","10.1049/icp.2025.0763","","https://ieeexplore.ieee.org/stamp/stamp.jsp?arnumber=10999028","","","","","","","","12 May 2025","18-19 Oct. 2024","18-19 Oct. 2024","IET","IET Conferences"
"QSDA: Quality-Aware Secure Multi-Dimensional Data Aggregation with Location Privacy for HIoT","Y. Wang; L. Wu; Y. Su; H. Wang; W. Meng; Z. Liu","School of Information Science and Engineering, Shandong Normal University, Jinan, China; School of Information Science and Engineering, Shandong Normal University, Jinan, China; School of Information Science and Engineering, Shandong Normal University, Jinan, China; School of Information Science and Engineering, Shandong Normal University, Jinan, China; School of Computing and Communications, Lancaster University, United Kingdom; College of Cyber Security, Jinan University, Guangzhou, China",IEEE Internet of Things Journal,"","2026","PP","99","1","1","Data aggregation, as a data processing technique, facilitates accurate diagnosis in the Healthcare Internet of Things (HIoT) by integrating multi-source heterogeneous health data. However, achieving efficient and secure aggregation of multi-dimensional medical data remains challenging, particularly when simultaneously preserving location privacy and providing fair, quality-driven incentives. To address these issues, this paper proposes a Quality-Aware Secure Multi-Dimensional Data Aggregation scheme with Location Privacy for HIoT (QSDA). First, the scheme employs inner product encryption to support aggregation task matching without revealing users’ actual coordinates, and further integrates symmetric homomorphic encryption with super-increasing sequences to enable one-stop compressed aggregation of multi-dimensional data, thereby effectively supporting common statistical operations such as mean and variance. Second, it introduces a data quality incentive mechanism based on offset metrics, while leveraging blockchain auditing to ensure the traceability of the aggregation process and the verifiability of the aggregation results. Finally, security analysis and performance evaluation demonstrate the scheme’s effectiveness and efficiency.","2327-4662","","10.1109/JIOT.2026.3652598","National Natural Science Foundation of China(grant numbers:62302280,62472265,62472266); Natural Science Foundation of Shandong Province(grant numbers:ZR2025MS1027); ","https://ieeexplore.ieee.org/stamp/stamp.jsp?arnumber=11345450","HIoT;symmetric homomorphic encryption;multi-dimensional data aggregation;dynamic location privacy;incentive mechanism","Data privacy;Data aggregation;Cryptography;Homomorphic encryption;Data integrity;Encoding;Privacy;Medical services;Blockchains;Protection","","","","","IEEE","12 Jan 2026","","","IEEE","IEEE Early Access Articles"
"Privacy-Preserving Broadcast Remote Signcryption for Edge Computing-Enabled Internet of Medical Things","M. Ali; A. Hosseingholizadeh; X. Liu","Department of Mathematics and Computer Science, Amirkabir University of Technology, Tehran, Iran; Department of Mathematics and Computer Science, Amirkabir University of Technology, Tehran, Iran; State Key Laboratory of Intelligent Vehicle Safety Technology, Chongqing Changan Automobile Company Ltd.,, Chongqing, China",IEEE Internet of Things Journal,"8 Aug 2025","2025","12","16","33686","33701","The integration of edge computing in the Internet of Medical Things (IoMT) offers great potential for decentralized healthcare services but introduces challenges due to the limited computational capabilities of IoMT devices. Ensuring data security and performance is critical, especially when sensitive medical data pass through untrusted edge devices. Traditional cryptographic methods, such as encryption and signing, are impractical for resource-constrained sensors, particularly when securing data for multiple recipients in an anonymous manner. In this article, we propose an efficient online/offline broadcast remote signcryption scheme to address these challenges. Our scheme enables medical sensors to securely signcrypt data for multiple recipients, ensuring both confidentiality and integrity. It further guarantees that the ciphertext does not disclose the identities of the recipients, thereby preserving their anonymity. It minimizes online computation by offloading resource-intensive tasks to offline processes. This approach enables remote verification without accessing the original data. Implemented within an edge computing framework, the scheme reduces delays in accessing user data while maintaining robust security guarantees. The security of our solution is rigorously proven under the Bilinear Diffie-Hellman assumption, and real-world implementation demonstrates that the scheme is highly efficient, making it well-suited for practical IoMT applications in healthcare.","2327-4662","","10.1109/JIOT.2025.3576256","","https://ieeexplore.ieee.org/stamp/stamp.jsp?arnumber=11022696","Broadcast encryption (BE);data integrity;edge computing;Internet of Medical Things (IoMT);provable security;remote signcryption;signcryption","Sensors;Encryption;Security;Protocols;Servers;Medical diagnostic imaging;Intelligent sensors;Receivers;Logic gates;Edge computing","","","","52","IEEE","3 Jun 2025","15 Aug.15, 2025","","IEEE","IEEE Journals"
"SPIR: A Secure and Privacy-Preserving Incentive Scheme for Reliable Real-Time Map Updates","C. Lai; M. Zhang; J. Cao; D. Zheng","School of Cyberspace Security, Xi’an University of Posts and Telecommunications, Xi’an, China; School of Cyberspace Security, Xi’an University of Posts and Telecommunications, Xi’an, China; School of Cyberspace Security, Xi’an University of Posts and Telecommunications, Xi’an, China; School of Cyberspace Security, Xi’an University of Posts and Telecommunications, Xi’an, China",IEEE Internet of Things Journal,"10 Jan 2020","2020","7","1","416","428","The high-precision maps can provide additional information on roads and conditions, which plays an important role in autonomous vehicles (AVs) navigation. Compared with the existing map update methods, the real-time map updates based on crowdsensing have lower cost and higher accuracy. However, in the process of map update, the map service platform (MSP) cannot recruit enough vehicle users to obtain the sensing data due to a lack of incentive mechanism. Therefore, how to motivate more vehicle users to provide high-quality sensing data is the key for real-time map updates. In this article, we propose a secure and privacy-preserving incentive scheme for reliable real-time map updates, named SPIR. Specifically, under the condition of limited service platform budget and limited vehicle user’s ability, an effective incentive mechanism based on reverse auction is presented, which can solve two core problems: i.e., payment control for MSP and completion quality for vehicle users. Meanwhile, a credit management and payment system based on the blockchain technique are designed. In addition, the partially blind signature technique is applied to guarantee the security of the incentive mechanism and protect the privacy of vehicle users. Both theoretical analysis and simulation results indicate that the proposed SPIR achieves near-optimal benefits, which can provide the fair reward for vehicle users and reasonable budget for the MSP. In the real-time map update services, SPIR can guarantee the computational efficiency and data reliability.","2327-4662","","10.1109/JIOT.2019.2953188","National Natural Science Foundation of China(grant numbers:61872293,61772418); National Basic Research Program of China (973 Program)(grant numbers:2017YFB0802002); Innovation Ability Support Program in the Shaanxi Province of China(grant numbers:2017KJXX-47); Communication Soft Science Research Project of Ministry of Industry and Information Technology(grant numbers:2019R31); ","https://ieeexplore.ieee.org/stamp/stamp.jsp?arnumber=8896960","Autonomous vehicles (AVs);blockchain;incentive;Internet of Vehicles;privacy;real-time map updates","Real-time systems;Sensors;Reliability;Privacy;Incentive schemes;Security;Servers","","43","","47","IEEE","12 Nov 2019","Jan. 2020","","IEEE","IEEE Journals"
"FedCM: A Real-time Contribution Measurement Method for Participants in Federated Learning","B. Yan; B. Liu; L. Wang; Y. Zhou; Z. Liang; M. Liu; C. -Z. Xu","Shenzhen Institutes of Advanced Technology, Chinese Academy of Science, Shenzhen, China; SKL-IoTSC University of Macau, Macau SAR, China; Cloud Computing Center SIAT, CAS, Shenzhen, China; School of Science Hainan University, Haikou, China; Department of Computing PolyU, HongKong, China; RAM-LAB HKUST HongKong, China; Faculty of Science and Technology, University of Macau, Macau SAR, China",2021 International Joint Conference on Neural Networks (IJCNN),"21 Sep 2021","2021","","","1","8","Federated Learning (FL) creates an ecosystem for multiple agents to collaborate on building models with data privacy consideration. The method for contribution measurement of each agent in the FL system is critical for fair credits allocation but few are proposed. In this paper, we develop a real-time contribution measurement method FedCM that is simple but powerful. The method defines the impact of each agent, comprehensively considers the current round and the previous round to obtain the contribution rate of each agent with attention aggregation. Moreover, FedCM updates contribution every round, which enable it to perform in real-time. Real-time is not considered by the existing approaches, but it is critical for FL systems to allocate computing power, communication resources, etc. Compared to the state-of-the-art method, the experimental results show that FedCM is more sensitive to data quantity and data quality under the premise of real-time. Furthermore, we developed federated learning open-source software based on FedCM. The software has been applied to identify COVID-19 based on medical images.","2161-4407","978-1-6654-3900-8","10.1109/IJCNN52387.2021.9534451","National Key Research and Development Program of China(grant numbers:2019YFB2102100); National Natural Science Foundation of China(grant numbers:61603376); ","https://ieeexplore.ieee.org/stamp/stamp.jsp?arnumber=9534451","","Data privacy;Atmospheric measurements;Current measurement;Software algorithms;Collaborative work;Particle measurements;Real-time systems","","19","","22","IEEE","21 Sep 2021","18-22 July 2021","18-22 July 2021","IEEE","IEEE Conferences"
"Publicly Verifiable Secure Multi-Party Computation Framework Based on Bulletin Board","X. Li; H. Wang; Z. Li; L. Wu; X. Wei; Y. Su; R. Lu","School of Information Science and Engineering, Shandong Normal University, Jinan, China; School of Information Science and Engineering, Shandong Normal University, Jinan, China; School of Information Science and Engineering, Shandong Normal University, Jinan, China; School of Information Science and Engineering, Shandong Normal University, Jinan, China; School of Information Science and Engineering, Shandong Normal University, Jinan, China; School of Information Science and Engineering, Shandong Normal University, Jinan, China; Faculty of Computer Science, University of New Brunswick, Fredericton, NB, Canada",IEEE Transactions on Services Computing,"7 Aug 2024","2024","17","4","1698","1711","Although secure multi-party computation breaks down data barriers, its utility is reduced when participants have limited computation and communication resources. To make secure multi-party computation more practical, there exists an approach to distribute users’ private inputs to multiple servers in a secret sharing manner, and the servers accomplish secure computation tasks through interaction. We propose a new secure computation framework that enables the detection of malicious cloud servers by introducing homomorphic MACs. We utilize pairing-based homomorphic commitments to record MACs on a bulletin board, providing public verifiability while reducing the computation burden on the cloud servers. Additionally, our framework not only supports the underlying general computation, but also prepares for various types of nontrivial high-level operations, such as comparison and bit decomposition. We design a smart payment platform enabling fair payment with the help of smart contracts to protect the rights of both data owners and cloud service providers. Compared to previous works, our framework breaks the limitations of servers being restricted to semi-honest or even honest and provides public verifiability. Performance evaluations demonstrate satisfactory computation and communication efficiency during the online phase of our system.","1939-1374","","10.1109/TSC.2024.3380258","National Natural Science Foundation of China(grant numbers:62071280,62302280,62332004); Natural Science Foundation of Shandong Province(grant numbers:ZR2023QF133); National Key Research and Development Program of China(grant numbers:2023YFB2703700); Science and Technology SMEs Innovation Ability Enhancement Project of Shandong Province(grant numbers:2022TSGC1018); ","https://ieeexplore.ieee.org/stamp/stamp.jsp?arnumber=10477513","Secure outsourcing computation;secure multi-party computation;publicly verifiable;secret sharing;message authentication code;smart payment","Servers;Protocols;Homomorphic encryption;Outsourcing;Cloud computing;Cryptography;Task analysis","","6","","38","IEEE","21 Mar 2024","July-Aug. 2024","","IEEE","IEEE Journals"
"“Check-Before-you-Solve”: Verifiable Time-Lock Puzzles","J. Xin; D. Papadopoulos",Hong Kong University of Science and Technology; Hong Kong University of Science and Technology,2025 IEEE Symposium on Security and Privacy (SP),"16 Jun 2025","2025","","","2037","2056","Time-lock puzzles are cryptographic primitives that guarantee to the generator that the puzzle cannot be solved in less than $T$ sequential computation steps. They have recently found numerous applications, e.g., in fair contract signing and seal-bid auctions. However, solvers have no a priori guarantee about the solution they will reveal, e.g., about its “usefulness” within a certain application scenario. In this work, we propose verifiable time-lock puzzles (VTLPs) that address this by having the generator publish a succinct proof that the solution satisfies certain properties (without revealing anything else about it). Hence solvers are now motivated to “commit” resources into solving the puzzle. We propose VTLPs that support proving arbitrary NP relations $\mathcal{R}$ about the puzzle solution. At a technical level, to overcome the performance hurdles of the “naive” approach of simply solving the puzzle within a SNARK that also checks $\mathcal{R}$, our scheme combines the “classic” RSA time-lock puzzle of Rivest, Shamir, and Wagner, with novel building blocks for “offloading” expensive modular group exponentiations and multiplications from the SNARK circuit. We then propose a second VTLP specifically for checking RSA-based signatures and verifiable random functions (VRFs). Our second scheme does not rely on a SNARK and can have several applications, e.g., in the context of distributed randomness generation. Along the road, we propose new constant-size proofs for modular exponent relations over hidden-order groups that may be of independent interest. Finally, we experimentally evaluate the performance of our schemes and report the findings and comparisons with prior approaches.","2375-1207","979-8-3315-2236-0","10.1109/SP61157.2025.00053","","https://ieeexplore.ieee.org/stamp/stamp.jsp?arnumber=11023320","zero-knowledge proof;applied cryptogrphy","Privacy;Roads;Generators;Cryptography;Contracts","","1","","91","IEEE","16 Jun 2025","12-15 May 2025","12-15 May 2025","IEEE","IEEE Conferences"
"A Machine Learning Based Method for Rating Adversarial Board Games","R. Shimanuki; H. Hosobe","Graduate School of Computer and Information Sciences, Hosei University, Koganei, Japan; Faculty of Computer and Information Sciences, Hosei University, Koganei, Japan",2024 Twelfth International Symposium on Computing and Networking (CANDAR),"31 Dec 2024","2024","","","106","114","Blockchain-based games that enable players to engage in peer-to-peer item transactions have recently gained remarkable popularity. Since these games transfer in-game assets based on match results, appropriate player matching according to their skill levels is becoming more important. However, the traditional Elo rating system, which is widely used to rank player abilities, faces significant challenges. One primary problem is ""smurfing,"" where experienced players create new accounts to play against less skilled opponents. This paper proposes a new rating system called ML_Elo that is tailored for the game of Othello. By harnessing the power of machine learning, this system aims to more accurately predict a player’s skill and appropriately adjust the fluctuation value in his/her rating. This promotes fairer in-game player matching and mitigates the negative impacts of smurfing and other gaming malpractices. The proposed method is applied to a virtual Othello environment using AI players and search for optimal parameters. The creation of the AI players utilizes a learning model based on neural networks trained on actual game records. The experiment evaluates the transition of individual players’ rating values and the distribution of overall rating values, comparing the proposed method with the standard method.","2379-1896","979-8-3315-2836-2","10.1109/CANDAR64496.2024.00020","","https://ieeexplore.ieee.org/stamp/stamp.jsp?arnumber=10818286","Elo rating system;ML_Elo;Smurfing","Fluctuations;Computational modeling;Games;Machine learning;Predictive models;Prediction algorithms;Stability analysis;Reproducibility of results;Reflection;Standards","","","","10","IEEE","31 Dec 2024","26-29 Nov. 2024","26-29 Nov. 2024","IEEE","IEEE Conferences"
"Exploring the risks and challenges of national electronic identity (NeID) system","J. Edu; M. Hooper; C. Maple; J. Crowcroft","The Alan Turing Institute, London, UK; The Alan Turing Institute, London, UK; The Alan Turing Institute, London, UK; The Alan Turing Institute, London, UK",International Conference on AI and the Digital Economy (CADE 2023),"21 Nov 2023","2023","2023","","118","123","Many countries have embraced national electronic identification (NeID) systems, recognising their potential to foster a fair, transparent, and well-governed society by ensuring the secure verification of citizens' identities. The inclusive nature of NeID empowers people to exercise their rights while holding them accountable for fulfilling their obligations. Nevertheless, the development and implementation of these complex identity-verification systems have raised concerns regarding security, privacy, and exclusion. In this study, we discuss the different categories of NeID risk and explore the successful deployment of these systems, while examining how the specific risks and other challenges posed by this technology are addressed. Based on the review of the different NeID systems and the efforts made to mitigate the unique risks and challenges presented within each deployment, we highlighted the best practices for mitigating risk, including implementing strong security measures, conducting regular risk assessments, and involving stakeholders in the design and implementation of the system.","","978-1-83953-959-6","10.1049/icp.2023.2591","","https://ieeexplore.ieee.org/stamp/stamp.jsp?arnumber=10324432","","","","1","","","","21 Nov 2023","26-28 June 2023","26-28 June 2023","IET","IET Conferences"
"Lightweight Test-Time Adaptation for Robust Out-of-Distribution Face Recognition in Web Services","D. Seo; T. Lee; J. Yoon; C. Park; S. Kim; M. Kim; B. Koh","Department of Artificial Intelligence, Korea University, Seoul, Republic of Korea; Department of Artificial Intelligence, Korea University, Seoul, Republic of Korea; Department of Artificial Intelligence, Korea University, Seoul, Republic of Korea; Complexion Co., Ltd., Seoul, Republic of Korea; Department of Artificial Intelligence, Korea University, Seoul, Republic of Korea; Department of Artificial Intelligence, Korea University, Seoul, Republic of Korea; Korea Creative Content Agency, Jeollanam-do, Republic of Korea",Journal of Web Engineering,"6 Oct 2025","2025","24","6","871","910","Face recognition systems have the potential to support diverse services in Web 3.0 applications, yet two critical challenges remain underexplored. First, existing benchmark datasets are demographically biased and underrepresent elderly East Asian users, limiting fair and inclusive deployment. Second, sensor noise, lighting shifts, and motion blur introduce out-of-distribution (OOD) corruptions that cause severe accuracy degradation and undermine reliability in decentralized environments. To address these issues, we introduce the Korean Senior Face Benchmark, consisting of 700 images of 70 Korean senior celebrities, enabling realistic assessment for an underrepresented demographic. We quantitatively demonstrate that recent state-of-the-art models suffer significant performance drops under realistic corruption conditions, highlighting the need for enhanced robustness. Finally, we show that a lightweight test-time adaptation (TTA) strategy can recover OOD performance without retraining, making it well-suited for edge devices and distributed infrastructures while preserving user privacy. Experiments show accuracy gains of up to 41.5% under the most severe corruptions, along with improvements in intra-class compactness and inter-class separability in the embedding space. The proposed benchmark and adaptation pipeline lay a practical foundation for building distributed, fair, and privacy-aware face-recognition services in Web 3.0 applications.","1544-5976","","10.13052/jwe1540-9589.2462","National Research Foundation of Korea(grant numbers:RS-2025-00521602); Korea government (MSIT)(grant numbers:RS-2019-II190079); Ministry of SMEs and Startups(grant numbers:RS-2022-TI016471,RS-2024-00468462); ","https://ieeexplore.ieee.org/stamp/stamp.jsp?arnumber=11194307","Web 3.0;face recognition;face verification;out-of-distribution;test-time adaptation","Semantic Web;Performance evaluation;Degradation;Adaptation models;Privacy;Accuracy;Face recognition;Benchmark testing;Robustness;Older adults","","","","57","","6 Oct 2025","September 2025","","River Publishers","River Publishers Journals"
"Poster: BugZoo – A Platform for Studying Software Bugs","C. S. Timperley; S. Stepney; C. L. Goues","Carnegie Mellon University, Pittsburgh, PA, US; University of York, York, North Yorkshire, GB; Carnegie Mellon University, Pittsburgh, PA, US",2018 IEEE/ACM 40th International Conference on Software Engineering: Companion (ICSE-Companion),"30 Aug 2018","2018","","","446","447","Proposing a new method for automatically detecting, localising, or repairing software faults requires a fair, reproducible evaluation of the effectiveness of the method relative to existing alternatives. Measuring effectiveness requires both an indicative set of bugs, and a mechanism for reliably reproducing and interacting with those bugs. We present BugZoo: a decentralised platform for distributing, reproducing, and interacting with historical software bugs. connects existing datasets and tools to developers and researchers, and provides a controlled environment for conducting experiments. To ensure reproducibility, extensibility, and usability, BugZoo uses Docker containers to package, deliver, and interact with bugs and tools. Adding BugZoo support to existing datasets and tools is simple and non-invasive, requiring only a small number of supplementary files. BugZoo is open-source and available to download at: https://github.com/squaresLab/BugZoo","2574-1934","978-1-4503-5663-3","","","https://ieeexplore.ieee.org/stamp/stamp.jsp?arnumber=8449619","Docker;real bugs;bug reproduction;bug framework;software bugs;BugZoo;ManyBugs;GenProg;open science","Computer bugs;Tools;Software;Containers;Maintenance engineering;Java;Software engineering","","1","","","","30 Aug 2018","27 May-3 June 2018","27 May-3 June 2018","IEEE","IEEE Conferences"
"Revolutionizing Data Center Networks: Dynamic Load Balancing via Floodlight in SDN Environment","H. Iesar; W. Iqbal; Y. Abbas; M. Y. Umair; A. Wakeel; F. Illahi; B. Saleem; Z. Muhammad","Department of Information Security, National Uni. of Science & Tech(NUST), Islamabad, Pakistan; Department of Information Security, National Uni. of Science & Tech(NUST), Islamabad, Pakistan; Department of Information Security, National Uni. of Science & Tech(NUST), Islamabad, Pakistan; Department of Information Security, National Uni. of Science & Tech(NUST), Islamabad, Pakistan; Department of Information Security, National Uni. of Science & Tech(NUST), Islamabad, Pakistan; Department of Information Security, National Uni. of Science & Tech(NUST), Islamabad, Pakistan; Department of Cybersecurity, Air University, Islamabad, Pakistan; Department of Computer Science, North Dakota State University, Fargo, ND, USA",2024 5th International Conference on Advancements in Computational Sciences (ICACS),"21 Mar 2024","2024","","","1","8","In the digital era, the evolution of big data, cloud computing, Internet of Things (IoT), blockchain, and quantum computing demands a preferable networking infrastructure to handle network expansion and network usage optimally. In traditional Data Center Networks (DCNs), bundling of control and data plane in the same networking device limits its functionality for dynamic computation and storage access. The load balancing developed in traditional network infrastructure is not precise, as it is based on the local information of the network. Due to existing static routing mechanisms in traditional networks, most of the network resources are still underutilized. This dissipation of network assets is becoming common in today’s traditional typical networks. SDN emerges as a new platform that promises to control, change, and manage the inherent services of networking nodes by extracting statistics from lower layers of the network topology, facilitating network engineers and administrators. Load balancing in SDN offers a fair load share between network nodes, optimizing the best path along with bandwidth and reducing latency. SDN offers a global view of the whole network in one place, a centralized controller while helping in making satisfactory and upright decisions. In this paper, an SDN-based controller, Floodlight, is chosen for the implementation of dynamic load balancing. The Dijkstra’s algorithm is exercised in our application running on the controller. A data center network, FatTree topology of open flow switches, is deployed to depict the real-life traffic complexity in a data center network. To create a virtual topology of nodes, a Mininet emulation platform is utilized. Different load-balancing verification mechanisms validate that our load- balancing technique is doing a splendid piece of work.","","979-8-3503-9478-8","10.1109/ICACS60934.2024.10473246","","https://ieeexplore.ieee.org/stamp/stamp.jsp?arnumber=10473246","Software-Defined Networking (SDN);Data Center Networks (DCNs);Load Balancing;Network Optimization;Floodlight Controller;Dijkstra’s Algorithm;FatTree Topology","Data centers;Network topology;Telecommunication traffic;Bandwidth;Load management;Topology;Internet of Things","","5","","35","IEEE","21 Mar 2024","19-20 Feb. 2024","19-20 Feb. 2024","IEEE","IEEE Conferences"
