PMID,Title,Authors,Citation,First Author,Journal/Book,Publication Year,Create Date,PMCID,NIHMS ID,DOI
"37483827","PharmaChain: Blockchain-based drug supply chain provenance verification system","Gomasta SS, Dhali A, Tahlil T, Anwar MM, Ali ABMS.","Heliyon. 2023 Jul 10;9(7):e17957. doi: 10.1016/j.heliyon.2023.e17957. eCollection 2023 Jul.","Gomasta SS","Heliyon","2023","2023/07/24","PMC10362317","","10.1016/j.heliyon.2023.e17957"
"34003431","The C-BIG Repository: an Institution-Level Open Science Platform","Das S, Abou-Haidar R, Rabalais H, Sun SDLW, Rosli Z, Chatpar K, Boivin MN, Tabatabaei M, Rogers C, Legault M, Lo D, Degroot C, Dagher A, Dyke SOM, Durcan TM, Seyller A, Doyon J, Poupon V, Fon EA, Genge A, Rouleau GA, Karamchandani J, Evans AC.","Neuroinformatics. 2022 Jan;20(1):139-153. doi: 10.1007/s12021-021-09516-9. Epub 2021 May 18.","Das S","Neuroinformatics","2022","2021/05/18","PMC9537233","","10.1007/s12021-021-09516-9"
"34382729","Improving Reproducibility in Hydrogen Storage Material Research","Broom DP, Hirscher M.","Chemphyschem. 2021 Nov 4;22(21):2141-2157. doi: 10.1002/cphc.202100508. Epub 2021 Aug 31.","Broom DP","Chemphyschem","2021","2021/08/12","PMC8596736","","10.1002/cphc.202100508"
"41040803","A decentralized future for the open-science databases","Sharma G, Munteanu V, Ghiasi NM, Banerjee J, Varma S, Foschini L, Ellrott K, Mutlu O, Ciorbă D, Ophoff RA, Bostan V, Mason CE, Moore JH, Sousoni D, Krishnan A, Mason CE, Dimian M, Stolovitzky G, Liberante FG, Oleksyk TK, Mangul S.","ArXiv [Preprint]. 2025 Sep 23:arXiv:2509.19206v1.","Sharma G","ArXiv","2025","2025/10/03","PMC12486051","",""
"38715763","Harnessing Blockchain to Transform Healthcare Data Management: A Comprehensive Research Agenda","Treiblmaier H, Rejeb A, Gault M, Khurshid A, Norta A, Poteet J, Sivagnanam S.","Blockchain Healthc Today. 2024 Apr 30;7. doi: 10.30953/bhty.v7.301. eCollection 2024.","Treiblmaier H","Blockchain Healthc Today","2024","2024/05/08","PMC11073478","","10.30953/bhty.v7.301"
"36040302","Neuroscout, a unified platform for generalizable and reproducible fMRI research","de la Vega A, Rocca R, Blair RW, Markiewicz CJ, Mentch J, Kent JD, Herholz P, Ghosh SS, Poldrack RA, Yarkoni T.","Elife. 2022 Aug 30;11:e79277. doi: 10.7554/eLife.79277.","de la Vega A","Elife","2022","2022/08/30","PMC9489206","","10.7554/eLife.79277"
"28559010","OpenMS - A platform for reproducible analysis of mass spectrometry data","Pfeuffer J, Sachsenberg T, Alka O, Walzer M, Fillbrunn A, Nilse L, Schilling O, Reinert K, Kohlbacher O.","J Biotechnol. 2017 Nov 10;261:142-148. doi: 10.1016/j.jbiotec.2017.05.016. Epub 2017 May 27.","Pfeuffer J","J Biotechnol","2017","2017/06/01","","","10.1016/j.jbiotec.2017.05.016"
"35064372","Studierfenster: an Open Science Cloud-Based Medical Imaging Analysis Platform","Egger J, Wild D, Weber M, Bedoya CAR, Karner F, Prutsch A, Schmied M, Dionysio C, Krobath D, Jin Y, Gsaxner C, Li J, Pepe A.","J Digit Imaging. 2022 Apr;35(2):340-355. doi: 10.1007/s10278-021-00574-8. Epub 2022 Jan 21.","Egger J","J Digit Imaging","2022","2022/01/22","PMC8782222","","10.1007/s10278-021-00574-8"
"35646514","Methods of medical data management based on blockchain technologies","Hovorushchenko T, Moskalenko A, Osyadlyi V.","J Reliab Intell Environ. 2023;9(1):5-16. doi: 10.1007/s40860-022-00178-1. Epub 2022 May 24.","Hovorushchenko T","J Reliab Intell Environ","2023","2022/06/01","PMC9127494","","10.1007/s40860-022-00178-1"
"36504549","In defense of decentralized research data management","Hanke M, Pestilli F, Wagner AS, Markiewicz CJ, Poline JB, Halchenko YO.","Neuroforum. 2021;27(1):17-25. doi: 10.1515/nf-2020-0037. Epub 2021 Jan 11.","Hanke M","Neuroforum","2021","2022/12/12","PMC9731181","NIHMS1849159","10.1515/nf-2020-0037"
"37449155","Blockchain-based fake news traceability and verification mechanism","Wang X, Xie H, Ji S, Liu L, Huang D.","Heliyon. 2023 Jun 15;9(7):e17084. doi: 10.1016/j.heliyon.2023.e17084. eCollection 2023 Jul.","Wang X","Heliyon","2023","2023/07/14","PMC10336416","","10.1016/j.heliyon.2023.e17084"
"35494870","A collaborative semantic-based provenance management platform for reproducibility","Samuel S, König-Ries B.","PeerJ Comput Sci. 2022 Mar 10;8:e921. doi: 10.7717/peerj-cs.921. eCollection 2022.","Samuel S","PeerJ Comput Sci","2022","2022/05/02","PMC9044346","","10.7717/peerj-cs.921"
"35672959","Coverage of Clinical Research Data Retrieved from Standardized Structured Medical Information eXchange Storage","Nakayama M, Hui F, Inoue R.","Stud Health Technol Inform. 2022 Jun 6;290:3-6. doi: 10.3233/SHTI220020.","Nakayama M","Stud Health Technol Inform","2022","2022/06/08","","","10.3233/SHTI220020"
"37498959","The Canadian Open Neuroscience Platform-An open science framework for the neuroscience community","Harding RJ, Bermudez P, Bernier A, Beauvais M, Bellec P, Hill S, Karakuzu A, Knoppers BM, Pavlidis P, Poline JB, Roskams J, Stikov N, Stone J, Strother S; CONP Consortium; Evans AC.","PLoS Comput Biol. 2023 Jul 27;19(7):e1011230. doi: 10.1371/journal.pcbi.1011230. eCollection 2023 Jul.","Harding RJ","PLoS Comput Biol","2023","2023/07/27","PMC10374086","","10.1371/journal.pcbi.1011230"
"38744887","Inspiration4 data access through the NASA Open Science Data Repository","Sanders LM, Grigorev KA, Scott RT, Saravia-Butler AM, Polo SL, Gilbert R, Overbey EG, Kim J, Mason CE, Costes SV.","NPJ Microgravity. 2024 May 14;10(1):56. doi: 10.1038/s41526-024-00393-5.","Sanders LM","NPJ Microgravity","2024","2024/05/14","PMC11094041","","10.1038/s41526-024-00393-5"
"35440038","PEGR: a flexible management platform for reproducible epigenomic and genomic research","Shao D, Kellogg GD, Nematbakhsh A, Kuntala PK, Mahony S, Pugh BF, Lai WKM.","Genome Biol. 2022 Apr 19;23(1):99. doi: 10.1186/s13059-022-02671-5.","Shao D","Genome Biol","2022","2022/04/20","PMC9016988","","10.1186/s13059-022-02671-5"
"39896466","Verification and reproducible curation of the BioModels repository","Smith L, Malik-Sheriff RS, Nguyen TVN, Hermjakob H, Karr J, Shaikh B, Drescher L, Moraru II, Schaff JC, Agmon E, Patrie AA, Blinov ML, Hellerstein JL, May EE, Nickerson DP, Gennari JH, Sauro HM.","bioRxiv [Preprint]. 2025 Jun 17:2025.01.16.633337. doi: 10.1101/2025.01.16.633337.","Smith L","bioRxiv","2025","2025/02/03","PMC11785046","","10.1101/2025.01.16.633337"
"37713474","FrameD: framework for DNA-based data storage design, verification, and validation","Volkel KD, Lin KN, Hook PW, Timp W, Keung AJ, Tuck JM.","Bioinformatics. 2023 Oct 3;39(10):btad572. doi: 10.1093/bioinformatics/btad572.","Volkel KD","Bioinformatics","2023","2023/09/15","PMC10563143","","10.1093/bioinformatics/btad572"
"37818860","PLANTdataHUB: a collaborative platform for continuous FAIR data sharing in plant research","Weil HL, Schneider K, Tschöpe M, Bauer J, Maus O, Frey K, Brilhaus D, Martins Rodrigues C, Doniparthi G, Wetzels F, Lukasczyk J, Kranz A, Grüning B, Zimmer D, Deßloch S, von Suchodoletz D, Usadel B, Garth C, Mühlhaus T.","Plant J. 2023 Nov;116(4):974-988. doi: 10.1111/tpj.16474. Epub 2023 Oct 11.","Weil HL","Plant J","2023","2023/10/11","","","10.1111/tpj.16474"
"30603816","Medical Data Management on Blockchain with Privacy","Tian H, He J, Ding Y.","J Med Syst. 2019 Jan 3;43(2):26. doi: 10.1007/s10916-018-1144-x.","Tian H","J Med Syst","2019","2019/01/04","","","10.1007/s10916-018-1144-x"
"38832272","Detecting the provenance of price hike in agri-food supply chain using private Ethereum blockchain network","Haider Sayma M, Hasan MR, Khatun M, Rajee A, Begum A.","Heliyon. 2024 May 21;10(11):e30972. doi: 10.1016/j.heliyon.2024.e30972. eCollection 2024 Jun 15.","Haider Sayma M","Heliyon","2024","2024/06/04","PMC11145203","","10.1016/j.heliyon.2024.e30972"
"40628696","Towards fair decentralized benchmarking of healthcare AI algorithms with the Federated Tumor Segmentation (FeTS) challenge","Zenk M, Baid U, Pati S, Linardos A, Edwards B, Sheller M, Foley P, Aristizabal A, Zimmerer D, Gruzdev A, Martin J, Shinohara RT, Reinke A, Isensee F, Parampottupadam S, Parekh K, Floca R, Kassem H, Baheti B, Thakur S, Chung V, Kushibar K, Lekadir K, Jiang M, Yin Y, Yang H, Liu Q, Chen C, Dou Q, Heng PA, Zhang X, Zhang S, Khan MI, Azeem MA, Jafaritadi M, Alhoniemi E, Kontio E, Khan SA, Mächler L, Ezhov I, Kofler F, Shit S, Paetzold JC, Loehr T, Wiestler B, Peiris H, Pawar K, Zhong S, Chen Z, Hayat M, Egan G, Harandi M, Isik Polat E, Polat G, Kocyigit A, Temizel A, Tuladhar A, Tyagi L, Souza R, Forkert ND, Mouches P, Wilms M, Shambhat V, Maurya A, Danannavar SS, Kalla R, Anand VK, Krishnamurthi G, Nalawade S, Ganesh C, Wagner B, Reddy D, Das Y, Yu FF, Fei B, Madhuranthakam AJ, Maldjian J, Singh G, Ren J, Zhang W, An N, Hu Q, Zhang Y, Zhou Y, Siomos V, Tarroni G, Passerrat-Palmbach J, Rawat A, Zizzo G, Kadhe SR, Epperlein JP, Braghin S, Wang Y, Kanagavelu R, Wei Q, Yang Y, Liu Y, Kotowski K, Adamski S, Machura B, et al.","Nat Commun. 2025 Jul 8;16(1):6274. doi: 10.1038/s41467-025-60466-1.","Zenk M","Nat Commun","2025","2025/07/08","PMC12238412","","10.1038/s41467-025-60466-1"
"37112129","An Open-Source Platform for GIS Data Management and Analytics","Piccoli F, Locatelli SG, Schettini R, Napoletano P.","Sensors (Basel). 2023 Apr 7;23(8):3788. doi: 10.3390/s23083788.","Piccoli F","Sensors (Basel)","2023","2023/04/28","PMC10143508","","10.3390/s23083788"
"31665999","Qualitative Data Management and Analysis within a Data Repository","Antonio MG, Schick-Makaroff K, Doiron JM, Sheilds L, White L, Molzahn A.","West J Nurs Res. 2020 Aug;42(8):640-648. doi: 10.1177/0193945919881706. Epub 2019 Oct 30.","Antonio MG","West J Nurs Res","2020","2019/11/01","","","10.1177/0193945919881706"
"41343683","Verification and reproducible curation of the BioModels repository","Smith LP, Malik-Sheriff RS, Nguyen TVN, Hermjakob H, Karr J, Shaikh B, Drescher L, Moraru II, Schaff JC, Agmon E, Patrie AA, Blinov ML, Hellerstein JL, May EE, Nickerson DP, Gennari JH, Sauro HM.","PLoS Comput Biol. 2025 Dec 4;21(12):e1013239. doi: 10.1371/journal.pcbi.1013239. eCollection 2025 Dec.","Smith LP","PLoS Comput Biol","2025","2025/12/04","PMC12677764","","10.1371/journal.pcbi.1013239"
"37644024","re3data - Indexing the Global Research Data Repository Landscape Since 2012","Pampel H, Weisweiler NL, Strecker D, Witt M, Vierkant P, Elger K, Bertelmann R, Buys M, Ferguson LM, Kindling M, Kotarski R, Petras V.","Sci Data. 2023 Aug 29;10(1):571. doi: 10.1038/s41597-023-02462-y.","Pampel H","Sci Data","2023","2023/08/29","PMC10465540","","10.1038/s41597-023-02462-y"
"30788182","Blockchain Applications for Healthcare Data Management","Dimitrov DV.","Healthc Inform Res. 2019 Jan;25(1):51-56. doi: 10.4258/hir.2019.25.1.51. Epub 2019 Jan 31.","Dimitrov DV","Healthc Inform Res","2019","2019/02/22","PMC6372466","","10.4258/hir.2019.25.1.51"
"35845844","Codabench: Flexible, easy-to-use, and reproducible meta-benchmark platform","Xu Z, Escalera S, Pavão A, Richard M, Tu WW, Yao Q, Zhao H, Guyon I.","Patterns (N Y). 2022 Jun 24;3(7):100543. doi: 10.1016/j.patter.2022.100543. eCollection 2022 Jul 8.","Xu Z","Patterns (N Y)","2022","2022/07/18","PMC9278500","","10.1016/j.patter.2022.100543"
"35289369","The Biomedical Research Hub: a federated platform for patient research data","Barnes C, Bajracharya B, Cannalte M, Gowani Z, Haley W, Kass-Hout T, Hernandez K, Ingram M, Juvvala HP, Kuffel G, Martinov P, Maxwell JM, McCann J, Malhotra A, Metoki-Shlubsky N, Meyer C, Paredes A, Qureshi J, Ritter X, Schumm P, Shao M, Sheth U, Simmons T, VanTol A, Zhang Z, Grossman RL.","J Am Med Inform Assoc. 2022 Mar 15;29(4):619-625. doi: 10.1093/jamia/ocab247.","Barnes C","J Am Med Inform Assoc","2022","2022/03/15","PMC8922179","","10.1093/jamia/ocab247"
"36325857","Decentralized EHRs in the Semantic Web for Better Health Data Management","Celuchova Bosanska D, Huptych M, Lhotská L.","Stud Health Technol Inform. 2022 Nov 3;299:157-162. doi: 10.3233/SHTI220975.","Celuchova Bosanska D","Stud Health Technol Inform","2022","2022/11/03","","","10.3233/SHTI220975"
"30147039","Samply.MDR - A Metadata Repository and Its Application in Various Research Networks","Kadioglu D, Breil B, Knell C, Lablans M, Mate S, Schlue D, Serve H, Storf H, Ückert F, Wagner T, Weingardt P, Prokosch HU.","Stud Health Technol Inform. 2018;253:50-54.","Kadioglu D","Stud Health Technol Inform","2018","2018/08/28","","",""
"35537457","Reproducibility of 20-min Time-trial Performance on a Virtual Cycling Platform","Matta G, Edwards A, Roelands B, Hettinga F, Hurst P.","Int J Sports Med. 2022 Dec;43(14):1190-1195. doi: 10.1055/a-1848-8478. Epub 2022 May 10.","Matta G","Int J Sports Med","2022","2022/05/10","","","10.1055/a-1848-8478"
"33009724","New frontiers in translational research: Touchscreens, open science, and the mouse translational research accelerator platform","Sullivan JA, Dumont JR, Memar S, Skirzewski M, Wan J, Mofrad MH, Ansari HZ, Li Y, Muller L, Prado VF, Prado MAM, Saksida LM, Bussey TJ.","Genes Brain Behav. 2021 Jan;20(1):e12705. doi: 10.1111/gbb.12705. Epub 2020 Nov 10.","Sullivan JA","Genes Brain Behav","2021","2020/10/03","","","10.1111/gbb.12705"
"32810405","BRIDGE: An Open Platform for Reproducible High-Throughput Free Energy Simulations","Senapathi T, Suruzhon M, Barnett CB, Essex J, Naidoo KJ.","J Chem Inf Model. 2020 Nov 23;60(11):5290-5295. doi: 10.1021/acs.jcim.0c00206. Epub 2020 Sep 2.","Senapathi T","J Chem Inf Model","2020","2020/08/19","","","10.1021/acs.jcim.0c00206"
"37090033","QuNex-An integrative platform for reproducible neuroimaging analytics","Ji JL, Demšar J, Fonteneau C, Tamayo Z, Pan L, Kraljič A, Matkovič A, Purg N, Helmer M, Warrington S, Winkler A, Zerbi V, Coalson TS, Glasser MF, Harms MP, Sotiropoulos SN, Murray JD, Anticevic A, Repovš G.","Front Neuroinform. 2023 Apr 5;17:1104508. doi: 10.3389/fninf.2023.1104508. eCollection 2023.","Ji JL","Front Neuroinform","2023","2023/04/24","PMC10113546","","10.3389/fninf.2023.1104508"
"23101051","Proposed Governance and Data Management Policy for the Systematic Review Data Repository","Lau J, Hadar N, Iovin R, Ip S, Balk EM.","Rockville (MD): Agency for Healthcare Research and Quality (US); 2012 Sep. Report No.: 12-EHC138-EF.","Lau J","Proposed Governance and Data Management Policy for the Systematic Review Data Repository","2012","2012/09/01","","",""
"27862010","Extension of research data repository system to support direct compute access to biomedical datasets: enhancing Dataverse to support large datasets","McKinney B, Meyer PA, Crosas M, Sliz P.","Ann N Y Acad Sci. 2017 Jan;1387(1):95-104. doi: 10.1111/nyas.13272. Epub 2016 Nov 10.","McKinney B","Ann N Y Acad Sci","2017","2016/11/19","PMC5546227","NIHMS817636","10.1111/nyas.13272"
"34933319","Assessment of the inter-platform reproducibility of ultrasound attenuation examination in nonalcoholic fatty liver disease","Jeon SK, Lee JM, Joo I, Yoon JH.","Ultrasonography. 2022 Apr;41(2):355-364. doi: 10.14366/usg.21167. Epub 2021 Oct 31.","Jeon SK","Ultrasonography","2022","2021/12/21","PMC8942738","","10.14366/usg.21167"
"38769056","The Galaxy platform for accessible, reproducible, and collaborative data analyses: 2024 update","Galaxy Community.","Nucleic Acids Res. 2024 Jul 5;52(W1):W83-W94. doi: 10.1093/nar/gkae410.","Galaxy Community","Nucleic Acids Res","2024","2024/05/20","PMC11223835","","10.1093/nar/gkae410"
"19480628","Genome sequence data: management, storage, and visualization","Batley J, Edwards D.","Biotechniques. 2009 Apr;46(5):333-4, 336. doi: 10.2144/000113134.","Batley J","Biotechniques","2009","2009/06/02","","","10.2144/000113134"
"29036464","The MIMIC Code Repository: enabling reproducibility in critical care research","Johnson AE, Stone DJ, Celi LA, Pollard TJ.","J Am Med Inform Assoc. 2018 Jan 1;25(1):32-39. doi: 10.1093/jamia/ocx084.","Johnson AE","J Am Med Inform Assoc","2018","2017/10/17","PMC6381763","","10.1093/jamia/ocx084"
"37832430","The NCI Imaging Data Commons as a platform for reproducible research in computational pathology","Schacherer DP, Herrmann MD, Clunie DA, Höfener H, Clifford W, Longabaugh WJR, Pieper S, Kikinis R, Fedorov A, Homeyer A.","Comput Methods Programs Biomed. 2023 Dec;242:107839. doi: 10.1016/j.cmpb.2023.107839. Epub 2023 Oct 2.","Schacherer DP","Comput Methods Programs Biomed","2023","2023/10/13","PMC10841477","NIHMS1937094","10.1016/j.cmpb.2023.107839"
"33221926","HumanMetagenomeDB: a public repository of curated and standardized metadata for human metagenomes","Kasmanas JC, Bartholomäus A, Corrêa FB, Tal T, Jehmlich N, Herberth G, von Bergen M, Stadler PF, Carvalho ACPLF, Nunes da Rocha U.","Nucleic Acids Res. 2021 Jan 8;49(D1):D743-D750. doi: 10.1093/nar/gkaa1031.","Kasmanas JC","Nucleic Acids Res","2021","2020/11/22","PMC7778935","","10.1093/nar/gkaa1031"
"35458785","Determination of Brain Tissue Samples Storage Conditions for Reproducible Intraoperative Lipid Profiling","Pekov SI, Zhvansky ES, Eliferov VA, Sorokin AA, Ivanov DG, Nikolaev EN, Popov IA.","Molecules. 2022 Apr 18;27(8):2587. doi: 10.3390/molecules27082587.","Pekov SI","Molecules","2022","2022/04/23","PMC9029908","","10.3390/molecules27082587"
"34483871","Clinica: An Open-Source Software Platform for Reproducible Clinical Neuroscience Studies","Routier A, Burgos N, Díaz M, Bacci M, Bottani S, El-Rifai O, Fontanella S, Gori P, Guillon J, Guyot A, Hassanaly R, Jacquemont T, Lu P, Marcoux A, Moreau T, Samper-González J, Teichmann M, Thibeau-Sutre E, Vaillant G, Wen J, Wild A, Habert MO, Durrleman S, Colliot O.","Front Neuroinform. 2021 Aug 13;15:689675. doi: 10.3389/fninf.2021.689675. eCollection 2021.","Routier A","Front Neuroinform","2021","2021/09/06","PMC8415107","","10.3389/fninf.2021.689675"
"39155783","A novel clinical data management platform for acute pancreatitis","Chen S, Zhang C, Wang Z, Zhang J, Yu W, Wang Y, Si W, Liang T, Zhang Y.","J Zhejiang Univ Sci B. 2024 Aug 15;25(8):711-718. doi: 10.1631/jzus.B2300539.","Chen S","J Zhejiang Univ Sci B","2024","2024/08/19","PMC11337090","","10.1631/jzus.B2300539"
"28184255","A metadata-driven approach to data repository design","Harvey MJ, McLean A, Rzepa HS.","J Cheminform. 2017 Jan 24;9:4. doi: 10.1186/s13321-017-0190-6. eCollection 2017.","Harvey MJ","J Cheminform","2017","2017/02/11","PMC5265225","","10.1186/s13321-017-0190-6"
"36401317","MarineMetagenomeDB: a public repository for curated and standardized metadata for marine metagenomes","Nata'ala MK, Avila Santos AP, Coelho Kasmanas J, Bartholomäus A, Saraiva JP, Godinho Silva S, Keller-Costa T, Costa R, Gomes NCM, Ponce de Leon Ferreira de Carvalho AC, Stadler PF, Sipoli Sanches D, Nunes da Rocha U.","Environ Microbiome. 2022 Nov 18;17(1):57. doi: 10.1186/s40793-022-00449-7.","Nata'ala MK","Environ Microbiome","2022","2022/11/19","PMC9675116","","10.1186/s40793-022-00449-7"
"35446428","The Galaxy platform for accessible, reproducible and collaborative biomedical analyses: 2022 update","Galaxy Community.","Nucleic Acids Res. 2022 Jul 5;50(W1):W345-W351. doi: 10.1093/nar/gkac247.","Galaxy Community","Nucleic Acids Res","2022","2022/04/21","PMC9252830","","10.1093/nar/gkac247"
"40226443","Guidelines and metadata model for a repository of volcanic samples","Corsaro RA, D'Oriano C, Di Muro A, Geyer A, Gurioli L, Pappalardo L, Pennisi M, Pompilio M, Principe C, Re G.","Bull Volcanol. 2025;87(5):32. doi: 10.1007/s00445-025-01816-1. Epub 2025 Apr 9.","Corsaro RA","Bull Volcanol","2025","2025/04/14","PMC11982162","","10.1007/s00445-025-01816-1"
"33649239","A versatile platform for locus-scale genome rewriting and verification","Brosh R, Laurent JM, Ordoñez R, Huang E, Hogan MS, Hitchcock AM, Mitchell LA, Pinglay S, Cadley JA, Luther RD, Truong DM, Boeke JD, Maurano MT.","Proc Natl Acad Sci U S A. 2021 Mar 9;118(10):e2023952118. doi: 10.1073/pnas.2023952118.","Brosh R","Proc Natl Acad Sci U S A","2021","2021/03/02","PMC7958457","","10.1073/pnas.2023952118"
"28269883","Assessing Metadata Quality of a Federally Sponsored Health Data Repository","Marc DT, Beattie J, Herasevich V, Gatewood L, Zhang R.","AMIA Annu Symp Proc. 2017 Feb 10;2016:864-873. eCollection 2016.","Marc DT","AMIA Annu Symp Proc","2017","2017/03/09","PMC5333273","",""
"37274750","FAIR in action: Brain-CODE - A neuroscience data sharing platform to accelerate brain research","Behan B, Jeanson F, Cheema H, Eng D, Khimji F, Vaccarino AL, Gee T, Evans SG, MacPhee FC, Dong F, Shahnazari S, Sparks A, Martens E, Lasalandra B, Arnott SR, Strother SC, Javadi M, Dharsee M, Evans KR, Nylen K, Mikkelsen T.","Front Neuroinform. 2023 May 18;17:1158378. doi: 10.3389/fninf.2023.1158378. eCollection 2023.","Behan B","Front Neuroinform","2023","2023/06/05","PMC10233014","","10.3389/fninf.2023.1158378"
"38653911","Correlation Aware Relevance-Based Semantic Index for Clinical Big Data Repository","Deshpande P, Rasin A.","J Imaging Inform Med. 2024 Oct;37(5):2597-2611. doi: 10.1007/s10278-024-01095-w. Epub 2024 Apr 23.","Deshpande P","J Imaging Inform Med","2024","2024/04/23","PMC11522240","","10.1007/s10278-024-01095-w"
"38656479","An Overview of High-Throughput Crop Phenotyping: Platform, Image Analysis, Data Mining, and Data Management","Yang W, Feng H, Hu X, Song J, Guo J, Lu B.","Methods Mol Biol. 2024;2787:3-38. doi: 10.1007/978-1-0716-3778-4_1.","Yang W","Methods Mol Biol","2024","2024/04/24","","","10.1007/978-1-0716-3778-4_1"
"26962436","Towards an open science publishing platform","Tracz V, Lawrence R.","F1000Res. 2016 Feb 3;5:130. doi: 10.12688/f1000research.7968.1. eCollection 2016.","Tracz V","F1000Res","2016","2016/03/11","PMC4768651","","10.12688/f1000research.7968.1"
"31728526","TerrestrialMetagenomeDB: a public repository of curated and standardized metadata for terrestrial metagenomes","Corrêa FB, Saraiva JP, Stadler PF, da Rocha UN.","Nucleic Acids Res. 2020 Jan 8;48(D1):D626-D632. doi: 10.1093/nar/gkz994.","Corrêa FB","Nucleic Acids Res","2020","2019/11/16","PMC7145636","","10.1093/nar/gkz994"
"39447774","Measurement reproducibility and storage impact on VOC/SVOC emission rate from decorative materials","Zine Filali N, Braish T, Andres Y, Locoge N.","Chemosphere. 2024 Nov;367:143607. doi: 10.1016/j.chemosphere.2024.143607. Epub 2024 Oct 22.","Zine Filali N","Chemosphere","2024","2024/10/24","","","10.1016/j.chemosphere.2024.143607"
"39373194","EMhub: a web platform for data management and on-the-fly processing in scientific facilities","de la Rosa-Trevin JM, Sharov G, Fleischmann S, Morado D, Bollinger JC, Miller DJ, Terry DS, Blanchard SC, Fernandez IS, Carroni M.","Acta Crystallogr D Struct Biol. 2024 Nov 1;80(Pt 11):780-790. doi: 10.1107/S2059798324009471. Epub 2024 Oct 7.","de la Rosa-Trevin JM","Acta Crystallogr D Struct Biol","2024","2024/10/07","PMC11544427","","10.1107/S2059798324009471"
"36477137","A new microfluidic platform for the highly reproducible preparation of non-viral gene delivery complexes","Protopapa G, Bono N, Visone R, D'Alessandro F, Rasponi M, Candiani G.","Lab Chip. 2022 Dec 20;23(1):136-145. doi: 10.1039/d2lc00744d.","Protopapa G","Lab Chip","2022","2022/12/08","","","10.1039/d2lc00744d"
"38475202","A Redactable Blockchain-Based Data Management Scheme for Agricultural Product Traceability","Yang S, Li S, Chen W, Zhao Y.","Sensors (Basel). 2024 Mar 4;24(5):1667. doi: 10.3390/s24051667.","Yang S","Sensors (Basel)","2024","2024/03/13","PMC10935001","","10.3390/s24051667"
"40380523","Using a Semantic Network Application as an Enhanced Metadata Repository","Zohner J, Michel-Backofen A, Marquardt K.","Stud Health Technol Inform. 2025 May 15;327:603-604. doi: 10.3233/SHTI250413.","Zohner J","Stud Health Technol Inform","2025","2025/05/17","","","10.3233/SHTI250413"
"36243817","Implementation of FAIR principles in the IPCC: the WGI AR6 Atlas repository","Iturbide M, Fernández J, Gutiérrez JM, Pirani A, Huard D, Al Khourdajie A, Baño-Medina J, Bedia J, Casanueva A, Cimadevilla E, Cofiño AS, De Felice M, Diez-Sierra J, García-Díez M, Goldie J, Herrera DA, Herrera S, Manzanas R, Milovac J, Radhakrishnan A, San-Martín D, Spinuso A, Thyng KM, Trenham C, Yelekçi Ö.","Sci Data. 2022 Oct 15;9(1):629. doi: 10.1038/s41597-022-01739-y.","Iturbide M","Sci Data","2022","2022/10/15","PMC9569379","","10.1038/s41597-022-01739-y"
"39438519","Blockchain-enabled verification of medical records using soul-bound tokens and cloud computing","Singh P, Sagar S, Singh S, Alshahrani HM, Getahun M, Soufiene BO.","Sci Rep. 2024 Oct 22;14(1):24830. doi: 10.1038/s41598-024-75708-3.","Singh P","Sci Rep","2024","2024/10/22","PMC11496552","","10.1038/s41598-024-75708-3"
"34336176","Healthcare and Fitness Data Management Using the IoT-Based Blockchain Platform","Frikha T, Chaari A, Chaabane F, Cheikhrouhou O, Zaguia A.","J Healthc Eng. 2021 Jul 9;2021:9978863. doi: 10.1155/2021/9978863. eCollection 2021.","Frikha T","J Healthc Eng","2021","2021/08/02","PMC8286190","","10.1155/2021/9978863"
"38783412","OpenSAFELY: A platform for analysing electronic health records designed for reproducible research","Nab L, Schaffer AL, Hulme W, DeVito NJ, Dillingham I, Wiedemann M, Andrews CD, Curtis H, Fisher L, Green A, Massey J, Walters CE, Higgins R, Cunningham C, Morley J, Mehrkar A, Hart L, Davy S, Evans D, Hickman G, Inglesby P, Morton CE, Smith RM, Ward T, O'Dwyer T, Maude S, Bridges L, Butler-Cole BFC, Stables CL, Stokes P, Bates C, Cockburn J, Hester F, Parry J, Bhaskaran K, Schultze A, Rentsch CT, Mathur R, Tomlinson LA, Williamson EJ, Smeeth L, Walker A, Bacon S, MacKenna B, Goldacre B.","Pharmacoepidemiol Drug Saf. 2024 Jun;33(6):e5815. doi: 10.1002/pds.5815.","Nab L","Pharmacoepidemiol Drug Saf","2024","2024/05/24","PMC7616137","EMS197224","10.1002/pds.5815"
"41404704","VirJenDB: a FAIR (meta)data and bioinformatics platform for all viruses","Saghaei S, Siemers M, Ossetek KL, Richter S, Edwards RA, Roux S, Zielezinski A, Dutilh BE, Marz M, Cassman NA.","Nucleic Acids Res. 2026 Jan 6;54(D1):D912-D924. doi: 10.1093/nar/gkaf1224.","Saghaei S","Nucleic Acids Res","2026","2025/12/17","PMC12807664","","10.1093/nar/gkaf1224"
"38445954","High Accuracy of Clinical Verification of Electrohydrodynamic-Driven Nanobox-on-Mirror Platform for Molecular Identification of Respiratory Viruses","Li J, Guan R, Wuethrich A, Yan M, Cheng J, Liu G, Zhan J, Trau M, Sun Y.","Anal Chem. 2024 Mar 19;96(11):4495-4504. doi: 10.1021/acs.analchem.3c05120. Epub 2024 Mar 6.","Li J","Anal Chem","2024","2024/03/06","","","10.1021/acs.analchem.3c05120"
"29678022","Using RDF and Git to Realize a Collaborative Metadata Repository","Stöhr MR, Majeed RW, Günther A.","Stud Health Technol Inform. 2018;247:556-560.","Stöhr MR","Stud Health Technol Inform","2018","2018/04/22","","",""
"38610290","Blockchain-Based Method for Spatial Retrieval and Verification of Remote Sensing Images","Liu Y, Chang Y.","Sensors (Basel). 2024 Mar 24;24(7):2078. doi: 10.3390/s24072078.","Liu Y","Sensors (Basel)","2024","2024/04/13","PMC11014153","","10.3390/s24072078"
"34529581","On the Design of Blockchain-Based ECDSA With Fault-Tolerant Batch Verification Protocol for Blockchain-Enabled IoMT","Xiong H, Jin C, Alazab M, Yeh KH, Wang H, Gadekallu TR, Wang W, Su C.","IEEE J Biomed Health Inform. 2022 May;26(5):1977-1986. doi: 10.1109/JBHI.2021.3112693. Epub 2022 May 5.","Xiong H","IEEE J Biomed Health Inform","2022","2021/09/16","","","10.1109/JBHI.2021.3112693"
"37646933","The Plant Phenomics and Genomics Research Data Repository: An On-Premise Approach for FAIR-Compliant Data Acquisition","Arend D, Scholz U, Lange M.","Methods Mol Biol. 2023;2703:3-22. doi: 10.1007/978-1-0716-3389-2_1.","Arend D","Methods Mol Biol","2023","2023/08/30","","","10.1007/978-1-0716-3389-2_1"
"39991121","Developing Distributed High-performance Computing Capabilities of an Open Science Platform for Robust Epidemic Analysis","Collier N, Wozniak JM, Stevens A, Babuji Y, Binois M, Fadikar A, Würth A, Chard K, Ozik J.","IEEE Int Symp Parallel Distrib Process Workshops Phd Forum. 2023 May;2023:868-877. doi: 10.1109/ipdpsw59300.2023.00143. Epub 2023 Aug 4.","Collier N","IEEE Int Symp Parallel Distrib Process Workshops Phd Forum","2023","2025/02/24","PMC11845093","NIHMS2051949","10.1109/ipdpsw59300.2023.00143"
"29849057","Stability and reproducibility of proteomic profiles measured with an aptamer-based platform","Kim CH, Tworoger SS, Stampfer MJ, Dillon ST, Gu X, Sawyer SJ, Chan AT, Libermann TA, Eliassen AH.","Sci Rep. 2018 May 30;8(1):8382. doi: 10.1038/s41598-018-26640-w.","Kim CH","Sci Rep","2018","2018/06/01","PMC5976624","","10.1038/s41598-018-26640-w"
"37361737","Investigating the potential of the semantic web for education: Exploring Wikidata as a learning platform","Evenstein Sigalov S, Nachmias R.","Educ Inf Technol (Dordr). 2023 Mar 13:1-50. doi: 10.1007/s10639-023-11664-1. Online ahead of print.","Evenstein Sigalov S","Educ Inf Technol (Dordr)","2023","2023/06/26","PMC10009355","","10.1007/s10639-023-11664-1"
"29790989","The Galaxy platform for accessible, reproducible and collaborative biomedical analyses: 2018 update","Afgan E, Baker D, Batut B, van den Beek M, Bouvier D, Cech M, Chilton J, Clements D, Coraor N, Grüning BA, Guerler A, Hillman-Jackson J, Hiltemann S, Jalili V, Rasche H, Soranzo N, Goecks J, Taylor J, Nekrutenko A, Blankenberg D.","Nucleic Acids Res. 2018 Jul 2;46(W1):W537-W544. doi: 10.1093/nar/gky379.","Afgan E","Nucleic Acids Res","2018","2018/05/24","PMC6030816","","10.1093/nar/gky379"
"34423285","Sysrev: A FAIR Platform for Data Curation and Systematic Evidence Review","Bozada T Jr, Borden J, Workman J, Del Cid M, Malinowski J, Luechtefeld T.","Front Artif Intell. 2021 Aug 5;4:685298. doi: 10.3389/frai.2021.685298. eCollection 2021.","Bozada T Jr","Front Artif Intell","2021","2021/08/23","PMC8374944","","10.3389/frai.2021.685298"
"30980333","The Galaxy Platform for Reproducible Affinity Proteomic Mass Spectrometry Data Analysis","Stewart PA, Kuenzi BM, Mehta S, Kumar P, Johnson JE, Jagtap P, Griffin TJ, Haura EB.","Methods Mol Biol. 2019;1977:249-261. doi: 10.1007/978-1-4939-9232-4_16.","Stewart PA","Methods Mol Biol","2019","2019/04/14","PMC7787333","NIHMS1654508","10.1007/978-1-4939-9232-4_16"
"30783789","Inter-platform reproducibility of ultrasonic attenuation and backscatter coefficients in assessing NAFLD","Han A, Zhang YN, Boehringer AS, Andre MP, Erdman JW Jr, Loomba R, Sirlin CB, O'Brien WD Jr.","Eur Radiol. 2019 Sep;29(9):4699-4708. doi: 10.1007/s00330-019-06035-9. Epub 2019 Feb 19.","Han A","Eur Radiol","2019","2019/02/21","PMC6684824","NIHMS1522122","10.1007/s00330-019-06035-9"
"38353856","Inter-platform reproducibility of ultrasound-based fat fraction for evaluating hepatic steatosis in nonalcoholic fatty liver disease","Jeon SK, Lee JM.","Insights Imaging. 2024 Feb 14;15(1):46. doi: 10.1186/s13244-024-01611-0.","Jeon SK","Insights Imaging","2024","2024/02/14","PMC10866839","","10.1186/s13244-024-01611-0"
"31829015","Fast and Reproducible ELISA Laser Platform for Ultrasensitive Protein Quantification","Tan X, Chen Q, Zhu H, Zhu S, Gong Y, Wu X, Chen YC, Li X, Li MW, Liu W, Fan X.","ACS Sens. 2020 Jan 24;5(1):110-117. doi: 10.1021/acssensors.9b01795. Epub 2019 Dec 23.","Tan X","ACS Sens","2020","2019/12/13","","","10.1021/acssensors.9b01795"
"33814672","Web Infrastructure for Data Management, Storage and Computation","Brosset S, Dumont M, Cevidanes L, Soroushmehr R, Bianchi J, Gurgel M, Deleat-Besson R, Le C, Ruellas A, Yatabe M, Junior CC, Gomes L, Goncalves J, Najarian K, Gryak J, Styner M, Paniagua B, Prieto JC.","Proc SPIE Int Soc Opt Eng. 2021 Feb;11600:116001N. doi: 10.1117/12.2582283. Epub 2021 Feb 14.","Brosset S","Proc SPIE Int Soc Opt Eng","2021","2021/04/05","PMC8015809","NIHMS1678798","10.1117/12.2582283"
"35495148","PHDMF: A Flexible and Scalable Personal Health Data Management Framework Based on Blockchain Technology","Ma L, Liao Y, Fan H, Zheng X, Zhao J, Xiao Z, Zheng G, Xiong Y.","Front Genet. 2022 Apr 13;13:877870. doi: 10.3389/fgene.2022.877870. eCollection 2022.","Ma L","Front Genet","2022","2022/05/02","PMC9043280","","10.3389/fgene.2022.877870"
"35870448","Neuroscience Cloud Analysis As a Service: An open-source platform for scalable, reproducible data analysis","Abe T, Kinsella I, Saxena S, Buchanan EK, Couto J, Briggs J, Kitt SL, Glassman R, Zhou J, Paninski L, Cunningham JP.","Neuron. 2022 Sep 7;110(17):2771-2789.e7. doi: 10.1016/j.neuron.2022.06.018. Epub 2022 Jul 22.","Abe T","Neuron","2022","2022/07/23","PMC9464703","NIHMS1821120","10.1016/j.neuron.2022.06.018"
"34040252","PANOPLY: a cloud-based platform for automated and reproducible proteogenomic data analysis","Mani DR, Maynard M, Kothadia R, Krug K, Christianson KE, Heiman D, Clauser KR, Birger C, Getz G, Carr SA.","Nat Methods. 2021 Jun;18(6):580-582. doi: 10.1038/s41592-021-01176-6.","Mani DR","Nat Methods","2021","2021/05/27","PMC8791030","NIHMS1765107","10.1038/s41592-021-01176-6"
"39176867","An Open Information Model-Based Repository for Sustainable Re-Use of Heterogeneous Pandemics Research Data","Scheuermann K, Hufeland P, Haarbrandt B, Hanss S, Joseph M, Kohler S, Krefting D, Richter J, Tute E, Wolf KH, Marschollek M.","Stud Health Technol Inform. 2024 Aug 22;316:1921-1925. doi: 10.3233/SHTI240808.","Scheuermann K","Stud Health Technol Inform","2024","2024/08/23","","","10.3233/SHTI240808"
"40880529","surveydown: An open-source, markdown-based platform for programmable and reproducible surveys","Hu P, Bunea B, Helveston JP.","PLoS One. 2025 Aug 29;20(8):e0331002. doi: 10.1371/journal.pone.0331002. eCollection 2025.","Hu P","PLoS One","2025","2025/08/29","PMC12396762","","10.1371/journal.pone.0331002"
"39176613","Securing Reproducibility and Accountability in Distributed Healthcare Analytics: A Framework Based on Blockchain and Cryptography","Nucciarelli L, Gottardelli B, Gatta R, Damiani A.","Stud Health Technol Inform. 2024 Aug 22;316:1269-1273. doi: 10.3233/SHTI240643.","Nucciarelli L","Stud Health Technol Inform","2024","2024/08/23","","","10.3233/SHTI240643"
"36777488","Evaluation of Decentralized Verifiable Credentials to Authenticate Authorized Trading Partners and Verify Drug Provenance","Ashkar GL, Patel KS, de Jesus J, Vinnakota N, Helms N, Jack W, Chien W, Taylor B.","Blockchain Healthc Today. 2021 Mar 11;4. doi: 10.30953/bhty.v4.168. eCollection 2021.","Ashkar GL","Blockchain Healthc Today","2021","2023/02/13","PMC9907409","","10.30953/bhty.v4.168"
"33993573","Quantitative platform for accurate and reproducible assessment of transverse (T(2) ) relaxation time","Radunsky D, Stern N, Nassar J, Tsarfaty G, Blumenfeld-Katzir T, Ben-Eliezer N.","NMR Biomed. 2021 Aug;34(8):e4537. doi: 10.1002/nbm.4537. Epub 2021 May 16.","Radunsky D","NMR Biomed","2021","2021/05/16","","","10.1002/nbm.4537"
"28883176","Implementing a Data Management Platform for Longitudinal Health Research","Weiß JP, Hübner U, Rauch J, Hüsers J, Teuteberg F, Esdar M, Liebe JD.","Stud Health Technol Inform. 2017;243:85-89.","Weiß JP","Stud Health Technol Inform","2017","2017/09/09","","",""
"38144826","Verification of rice quality during storage after drying with hot air and radio frequency heating","Chitsuthipakorn K, Thanapornpoonpong SN.","Food Chem X. 2023 Sep 16;20:100882. doi: 10.1016/j.fochx.2023.100882. eCollection 2023 Dec 30.","Chitsuthipakorn K","Food Chem X","2023","2023/12/25","PMC10739985","","10.1016/j.fochx.2023.100882"
"39568639","A FAIR, open-source virtual reality platform for dendritic spine analysis","Reimer ML, Kauer SD, Benson CA, King JF, Patwa S, Feng S, Estacion MA, Bangalore L, Waxman SG, Tan AM.","Patterns (N Y). 2024 Aug 12;5(9):101041. doi: 10.1016/j.patter.2024.101041. eCollection 2024 Sep 13.","Reimer ML","Patterns (N Y)","2024","2024/11/21","PMC11573899","","10.1016/j.patter.2024.101041"
"34847059","The Collaborative Metadata Repository (CoMetaR) Web App: Quantitative and Qualitative Usability Evaluation","Stöhr MR, Günther A, Majeed RW.","JMIR Med Inform. 2021 Nov 29;9(11):e30308. doi: 10.2196/30308.","Stöhr MR","JMIR Med Inform","2021","2021/11/30","PMC8669586","","10.2196/30308"
"40588931","A Novel Blockchain-Based Model for Secure Genomic Data Management","Shaikh M, Ebrahimi A, Wiil UK.","Stud Health Technol Inform. 2025 Jun 26;328:302-307. doi: 10.3233/SHTI250724.","Shaikh M","Stud Health Technol Inform","2025","2025/07/01","","","10.3233/SHTI250724"
"36365923","agroString: Visibility and Provenance through a Private Blockchain Platform for Agricultural Dispense towards Consumers","Vangipuram SLT, Mohanty SP, Kougianos E, Ray C.","Sensors (Basel). 2022 Oct 27;22(21):8227. doi: 10.3390/s22218227.","Vangipuram SLT","Sensors (Basel)","2022","2022/11/11","PMC9656739","","10.3390/s22218227"
"37552975","Highly reproducible and cost-effective one-pot organoid differentiation using a novel platform based on PF-127 triggered spheroid assembly","Zhang XS, Xie G, Ma H, Ding S, Wu YX, Fei Y, Cheng Q, Huang Y, Wang Y.","Biofabrication. 2023 Aug 21;15(4). doi: 10.1088/1758-5090/acee21.","Zhang XS","Biofabrication","2023","2023/08/08","","","10.1088/1758-5090/acee21"
"29028892","Nephele: a cloud platform for simplified, standardized and reproducible microbiome data analysis","Weber N, Liou D, Dommer J, MacMenamin P, Quiñones M, Misner I, Oler AJ, Wan J, Kim L, Coakley McCarthy M, Ezeji S, Noble K, Hurt DE.","Bioinformatics. 2018 Apr 15;34(8):1411-1413. doi: 10.1093/bioinformatics/btx617.","Weber N","Bioinformatics","2018","2017/10/14","PMC5905584","","10.1093/bioinformatics/btx617"
"11772549","An ontology of quality initiatives and a model for decentralized, collaborative quality management on the (semantic) World-Wide-Web","Eysenbach G.","J Med Internet Res. 2001 Oct-Dec;3(4):E34. doi: 10.2196/jmir.3.4.e34.","Eysenbach G","J Med Internet Res","2001","2002/01/05","PMC1761914","","10.2196/jmir.3.4.e34"
"35699774","PeakForest: a multi-platform digital infrastructure for interoperable metabolite spectral data and metadata management","Paulhe N, Canlet C, Damont A, Peyriga L, Durand S, Deborde C, Alves S, Bernillon S, Berton T, Bir R, Bouville A, Cahoreau E, Centeno D, Costantino R, Debrauwer L, Delabrière A, Duperier C, Emery S, Flandin A, Hohenester U, Jacob D, Joly C, Jousse C, Lagree M, Lamari N, Lefebvre M, Lopez-Piffet C, Lyan B, Maucourt M, Migne C, Olivier MF, Rathahao-Paris E, Petriacq P, Pinelli J, Roch L, Roger P, Roques S, Tabet JC, Tremblay-Franco M, Traïkia M, Warnet A, Zhendre V, Rolin D, Jourdan F, Thévenot E, Moing A, Jamin E, Fenaille F, Junot C, Pujos-Guillot E, Giacomoni F.","Metabolomics. 2022 Jun 14;18(6):40. doi: 10.1007/s11306-022-01899-3.","Paulhe N","Metabolomics","2022","2022/06/14","PMC9197906","","10.1007/s11306-022-01899-3"
"33659392","BRIDGE: An Open Platform for Reproducible Protein-Ligand Simulations and Free Energy of Binding Calculations","Senapathi T, Barnett CB, Naidoo KJ.","Bio Protoc. 2020 Sep 5;10(17):e3731. doi: 10.21769/BioProtoc.3731. eCollection 2020 Sep 5.","Senapathi T","Bio Protoc","2020","2021/03/04","PMC7842724","","10.21769/BioProtoc.3731"
"30382537","Automated Metadata Suggestion During Repository Submission","McDougal RA, Dalal I, Morse TM, Shepherd GM.","Neuroinformatics. 2019 Jul;17(3):361-371. doi: 10.1007/s12021-018-9403-z.","McDougal RA","Neuroinformatics","2019","2018/11/02","PMC6494730","NIHMS995069","10.1007/s12021-018-9403-z"
"32479607","The Galaxy platform for accessible, reproducible and collaborative biomedical analyses: 2020 update","Jalili V, Afgan E, Gu Q, Clements D, Blankenberg D, Goecks J, Taylor J, Nekrutenko A.","Nucleic Acids Res. 2020 Jul 2;48(W1):W395-W402. doi: 10.1093/nar/gkaa434.","Jalili V","Nucleic Acids Res","2020","2020/06/02","PMC7319590","","10.1093/nar/gkaa434"
"33817033","Semantic micro-contributions with decentralized nanopublication services","Kuhn T, Taelman R, Emonet V, Antonatos H, Soiland-Reyes S, Dumontier M.","PeerJ Comput Sci. 2021 Mar 8;7:e387. doi: 10.7717/peerj-cs.387. eCollection 2021.","Kuhn T","PeerJ Comput Sci","2021","2021/04/05","PMC7959648","","10.7717/peerj-cs.387"
"32340974","Data Validation and Verification Using Blockchain in a Clinical Trial for Breast Cancer: Regulatory Sandbox","Hirano T, Motohashi T, Okumura K, Takajo K, Kuroki T, Ichikawa D, Matsuoka Y, Ochi E, Ueno T.","J Med Internet Res. 2020 Jun 2;22(6):e18938. doi: 10.2196/18938.","Hirano T","J Med Internet Res","2020","2020/04/29","PMC7298640","","10.2196/18938"
"34001121","Pragmatic MDR: a metadata repository with bottom-up standardization of medical metadata through reuse","Hegselmann S, Storck M, Gessner S, Neuhaus P, Varghese J, Bruland P, Meidt A, Mertens C, Riepenhausen S, Baier S, Stöcker B, Henke J, Schmidt CO, Dugas M.","BMC Med Inform Decis Mak. 2021 May 17;21(1):160. doi: 10.1186/s12911-021-01524-8.","Hegselmann S","BMC Med Inform Decis Mak","2021","2021/05/18","PMC8130274","","10.1186/s12911-021-01524-8"
"31007428","Storage, Degradation, and New Connectivity of Face-Related Semantic Memory in Alzheimer's Disease","Pal S, Sengupta P, Ghosal M, Pal A, Acharya R, Biswas D.","Ann Indian Acad Neurol. 2019 Apr-Jun;22(2):170-174. doi: 10.4103/aian.AIAN_185_18.","Pal S","Ann Indian Acad Neurol","2019","2019/04/23","PMC6472242","","10.4103/aian.AIAN_185_18"
"34400238","A local platform for user-friendly FAIR data management and reproducible analytics","Wieser F, Stryeck S, Lang K, Hahn C, Thallinger GG, Feichtinger J, Hack P, Stepponat M, Merchant N, Lindstaedt S, Oberdorfer G.","J Biotechnol. 2021 Nov 20;341:43-50. doi: 10.1016/j.jbiotec.2021.08.004. Epub 2021 Aug 13.","Wieser F","J Biotechnol","2021","2021/08/17","","","10.1016/j.jbiotec.2021.08.004"
"29126118","Decentralized and reproducible geocoding and characterization of community and environmental exposures for multisite studies","Brokamp C, Wolfe C, Lingren T, Harley J, Ryan P.","J Am Med Inform Assoc. 2018 Mar 1;25(3):309-314. doi: 10.1093/jamia/ocx128.","Brokamp C","J Am Med Inform Assoc","2018","2017/11/11","PMC7378876","","10.1093/jamia/ocx128"
"33095183","Proposed Implementation of Blockchain in British Columbia's Health Care Data Management","Cadoret D, Kailas T, Velmovitsky P, Morita P, Igboeli O.","J Med Internet Res. 2020 Oct 23;22(10):e20897. doi: 10.2196/20897.","Cadoret D","J Med Internet Res","2020","2020/10/23","PMC7647806","","10.2196/20897"
"27634291","Pathogen metadata platform: software for accessing and analyzing pathogen strain information","Chang WE, Peterson MW, Garay CD, Korves T.","BMC Bioinformatics. 2016 Sep 15;17(1):379. doi: 10.1186/s12859-016-1231-2.","Chang WE","BMC Bioinformatics","2016","2016/09/17","PMC5025631","","10.1186/s12859-016-1231-2"
"27936706","Computational Chemistry Data Management Platform Based on the Semantic Web","Wang B, Dobosh PA, Chalk S, Sopek M, Ostlund NS.","J Phys Chem A. 2017 Jan 12;121(1):298-307. doi: 10.1021/acs.jpca.6b10489. Epub 2016 Dec 22.","Wang B","J Phys Chem A","2017","2016/12/13","","","10.1021/acs.jpca.6b10489"
"33404959","An Integrated Platform for Skin Cancer Heterogenous and Multilayered Data Management","Maglogiannis I, Kontogianni G, Papadodima O, Karanikas H, Billiris A, Chatziioannou A.","J Med Syst. 2021 Jan 6;45(1):10. doi: 10.1007/s10916-020-01679-3.","Maglogiannis I","J Med Syst","2021","2021/01/06","","","10.1007/s10916-020-01679-3"
"27959516","Interlaboratory Reproducibility of a Targeted Metabolomics Platform for Analysis of Human Serum and Plasma","Siskos AP, Jain P, Römisch-Margl W, Bennett M, Achaintre D, Asad Y, Marney L, Richardson L, Koulman A, Griffin JL, Raynaud F, Scalbert A, Adamski J, Prehn C, Keun HC.","Anal Chem. 2017 Jan 3;89(1):656-665. doi: 10.1021/acs.analchem.6b02930. Epub 2016 Dec 13.","Siskos AP","Anal Chem","2017","2016/12/14","PMC6317696","EMS80789","10.1021/acs.analchem.6b02930"
"30181553","Ki67 reproducibility using digital image analysis: an inter-platform and inter-operator study","Acs B, Pelekanou V, Bai Y, Martinez-Morilla S, Toki M, Leung SCY, Nielsen TO, Rimm DL.","Lab Invest. 2019 Jan;99(1):107-117. doi: 10.1038/s41374-018-0123-7. Epub 2018 Sep 4.","Acs B","Lab Invest","2019","2018/09/06","","","10.1038/s41374-018-0123-7"
"38222410","Promoting TEFCA with Blockchain Technology: A Decentralized Approach to Patient-centered Healthcare Data Management","Zhuang Y, Zhang L.","AMIA Annu Symp Proc. 2024 Jan 11;2023:824-833. eCollection 2023.","Zhuang Y","AMIA Annu Symp Proc","2024","2024/01/15","PMC10785864","",""
"34192116","Secure and Provenance Enhanced Internet of Health Things Framework: A Blockchain Managed Federated Learning Approach","Rahman MA, Hossain MS, Islam MS, Alrajeh NA, Muhammad G.","IEEE Access. 2020 Nov 11;8:205071-205087. doi: 10.1109/ACCESS.2020.3037474. eCollection 2020.","Rahman MA","IEEE Access","2020","2021/06/30","PMC8043507","","10.1109/ACCESS.2020.3037474"
"32897710","Storage Conditions of Human Kidney Tissue Sections Affect Spatial Lipidomics Analysis Reproducibility","Lukowski JK, Pamreddy A, Velickovic D, Zhang G, Pasa-Tolic L, Alexandrov T, Sharma K, Anderton CR; Kidney Precision Medicine Project.","J Am Soc Mass Spectrom. 2020 Dec 2;31(12):2538-2546. doi: 10.1021/jasms.0c00256. Epub 2020 Sep 25.","Lukowski JK","J Am Soc Mass Spectrom","2020","2020/09/08","PMC8162764","NIHMS1699798","10.1021/jasms.0c00256"
"40824916","Reproducible Manufacturing of SPOT as a High-throughput Scaffold-based Culture Platform","Cao R, Li NT, Shing CB, Kutulakos Z, Tan CM, McGuigan AP.","J Vis Exp. 2025 Jul 29;(221). doi: 10.3791/68405.","Cao R","J Vis Exp","2025","2025/08/18","","","10.3791/68405"
"38570648","A scalable blockchain based framework for efficient IoT data management using lightweight consensus","Haque EU, Shah A, Iqbal J, Ullah SS, Alroobaea R, Hussain S.","Sci Rep. 2024 Apr 3;14(1):7841. doi: 10.1038/s41598-024-58578-7.","Haque EU","Sci Rep","2024","2024/04/03","PMC10991409","","10.1038/s41598-024-58578-7"
"39558178","NASA open science data repository: open science for life in space","Gebre SG, Scott RT, Saravia-Butler AM, Lopez DK, Sanders LM, Costes SV.","Nucleic Acids Res. 2025 Jan 6;53(D1):D1697-D1710. doi: 10.1093/nar/gkae1116.","Gebre SG","Nucleic Acids Res","2025","2024/11/18","PMC11701653","","10.1093/nar/gkae1116"
"37482620","The metabolomics workbench file status website: a metadata repository promoting FAIR principles of metabolomics data","Powell CD, Moseley HNB.","BMC Bioinformatics. 2023 Jul 24;24(1):299. doi: 10.1186/s12859-023-05423-9.","Powell CD","BMC Bioinformatics","2023","2023/07/23","PMC10364356","","10.1186/s12859-023-05423-9"
"37850400","Facilitating Harmonization of Variables in Framingham, MESA, ARIC, and REGARDS Studies Through a Metadata Repository","Mallya P, Stevens LM, Zhao J, Hong C, Henao R, Economou-Zavlanos N, Wojdyla DM, Schibler T, Manchanda V, Pencina MJ, Hall JL.","Circ Cardiovasc Qual Outcomes. 2023 Nov;16(11):e009938. doi: 10.1161/CIRCOUTCOMES.123.009938. Epub 2023 Oct 18.","Mallya P","Circ Cardiovasc Qual Outcomes","2023","2023/10/18","PMC10841164","NIHMS1928622","10.1161/CIRCOUTCOMES.123.009938"
"40732470","Blockchain-Based Trusted Data Management with Privacy Preservation for Secure IoT Systems","Zhou H, Gao H, Ma Z, Lai G.","Sensors (Basel). 2025 Jul 11;25(14):4344. doi: 10.3390/s25144344.","Zhou H","Sensors (Basel)","2025","2025/07/30","PMC12300857","","10.3390/s25144344"
"34528664","ISA API: An open platform for interoperable life science experimental metadata","Johnson D, Batista D, Cochrane K, Davey RP, Etuk A, Gonzalez-Beltran A, Haug K, Izzo M, Larralde M, Lawson TN, Minotto A, Moreno P, Nainala VC, O'Donovan C, Pireddu L, Roger P, Shaw F, Steinbeck C, Weber RJM, Sansone SA, Rocca-Serra P.","Gigascience. 2021 Sep 16;10(9):giab060. doi: 10.1093/gigascience/giab060.","Johnson D","Gigascience","2021","2021/09/16","PMC8444265","","10.1093/gigascience/giab060"
"37815256","A repository of grade 1 and 2 meningioma MRIs in a public dataset for radiomics reproducibility tests","Vassantachart A, Cao Y, Shen Z, Cheng K, Gribble M, Ye JC, Zada G, Hurth K, Mathew A, Guzman S, Yang W.","Med Phys. 2024 Mar;51(3):2334-2344. doi: 10.1002/mp.16763. Epub 2023 Oct 10.","Vassantachart A","Med Phys","2024","2023/10/10","PMC10939960","NIHMS1937373","10.1002/mp.16763"
"32205788","Building a Research Data Repository for Chronic Condition Self-Management Using Harmonized Data","Moore SM, Musil CM, Alder ML, Pignatiello G, Higgins P, Webel A, Wright KD.","Nurs Res. 2020 Jul/Aug;69(4):254-263. doi: 10.1097/NNR.0000000000000435.","Moore SM","Nurs Res","2020","2020/03/25","","","10.1097/NNR.0000000000000435"
"22611296","A mass spectrometry proteomics data management platform","Sharma V, Eng JK, Maccoss MJ, Riffle M.","Mol Cell Proteomics. 2012 Sep;11(9):824-31. doi: 10.1074/mcp.O111.015149. Epub 2012 May 18.","Sharma V","Mol Cell Proteomics","2012","2012/05/22","PMC3434774","","10.1074/mcp.O111.015149"
"30791498","A Semantic-Enabled Platform for Realizing an Interoperable Web of Things","Lanza J, Sánchez L, Gómez D, Santana JR, Sotres P.","Sensors (Basel). 2019 Feb 19;19(4):869. doi: 10.3390/s19040869.","Lanza J","Sensors (Basel)","2019","2019/02/23","PMC6412853","","10.3390/s19040869"
"29897418","SciApps: a cloud-based platform for reproducible bioinformatics workflows","Wang L, Lu Z, Van Buren P, Ware D.","Bioinformatics. 2018 Nov 15;34(22):3917-3920. doi: 10.1093/bioinformatics/bty439.","Wang L","Bioinformatics","2018","2018/06/14","PMC6223375","","10.1093/bioinformatics/bty439"
"30351300","The Dat Project, an open and decentralized research data tool","Robinson DC, Hand JA, Madsen MB, McKelvey KR.","Sci Data. 2018 Oct 23;5:180221. doi: 10.1038/sdata.2018.221.","Robinson DC","Sci Data","2018","2018/10/24","PMC6198755","","10.1038/sdata.2018.221"
"35919378","Lessons learned from developing a statewide research data repository to combat the opioid epidemic in Alabama","Hudnall M, Lewis D, Parton J, Sellers C.","JAMIA Open. 2022 Aug 1;5(3):ooac065. doi: 10.1093/jamiaopen/ooac065. eCollection 2022 Oct.","Hudnall M","JAMIA Open","2022","2022/08/03","PMC9341439","","10.1093/jamiaopen/ooac065"
"33978761","The Dockstore: enhancing a community platform for sharing reproducible and accessible computational protocols","Yuen D, Cabansay L, Duncan A, Luu G, Hogue G, Overbeck C, Perez N, Shands W, Steinberg D, Reid C, Olunwa N, Hansen R, Sheets E, O'Farrell A, Cullion K, O'Connor BD, Paten B, Stein L.","Nucleic Acids Res. 2021 Jul 2;49(W1):W624-W632. doi: 10.1093/nar/gkab346.","Yuen D","Nucleic Acids Res","2021","2021/05/12","PMC8218198","","10.1093/nar/gkab346"
"37529934","ReProMSig: an integrative platform for development and application of reproducible multivariable models for cancer prognosis supporting guideline-based transparent reporting","Zhao T, Cao L, Ji J, Chang DK, Wu J.","Brief Bioinform. 2023 Sep 20;24(5):bbad267. doi: 10.1093/bib/bbad267.","Zhao T","Brief Bioinform","2023","2023/08/02","","","10.1093/bib/bbad267"
"37988206","IronForge: An Open, Secure, Fair, Decentralized Federated Learning","Yu G, Wang X, Sun C, Wang Q, Yu P, Ni W, Liu RP.","IEEE Trans Neural Netw Learn Syst. 2025 Jan;36(1):354-368. doi: 10.1109/TNNLS.2023.3329249. Epub 2025 Jan 7.","Yu G","IEEE Trans Neural Netw Learn Syst","2025","2023/11/21","","","10.1109/TNNLS.2023.3329249"
"34795092","Intelligent Integrative Platform for Sharing Heterogenuous Stem Cell Research Data","Borziak K, Parvanova I, Finkelstein J.","Stud Health Technol Inform. 2021 Nov 18;287:109-113. doi: 10.3233/SHTI210826.","Borziak K","Stud Health Technol Inform","2021","2021/11/19","","","10.3233/SHTI210826"
"35895741","A deep semantic vegetation health monitoring platform for citizen science imaging data","Khan A, Asim W, Ulhaq A, Robinson RW.","PLoS One. 2022 Jul 27;17(7):e0270625. doi: 10.1371/journal.pone.0270625. eCollection 2022.","Khan A","PLoS One","2022","2022/07/27","PMC9328533","","10.1371/journal.pone.0270625"
"38004816","Development and Evaluation/Verification of a Fully Automated Test Platform for the Rapid Detection of Cyclospora cayetanensis in Produce Matrices","Zhu H, Kim BJ, Spizz G, Rothrock D, Yasmin R, Arida J, Grocholl J, Montagna R, Schwartz B, Trujillo S, Almeria S.","Microorganisms. 2023 Nov 19;11(11):2805. doi: 10.3390/microorganisms11112805.","Zhu H","Microorganisms","2023","2023/11/25","PMC10673183","","10.3390/microorganisms11112805"
"37896628","N-Accesses: A Blockchain-Based Access Control Framework for Secure IoT Data Management","Hu T, Yang S, Wang Y, Li G, Wang Y, Wang G, Yin M.","Sensors (Basel). 2023 Oct 18;23(20):8535. doi: 10.3390/s23208535.","Hu T","Sensors (Basel)","2023","2023/10/28","PMC10610556","","10.3390/s23208535"
"34744655","PEERS - An Open Science ""Platform for the Exchange of Experimental Research Standards"" in Biomedicine","Sil A, Bespalov A, Dalla C, Ferland-Beckham C, Herremans A, Karantzalos K, Kas MJ, Kokras N, Parnham MJ, Pavlidi P, Pristouris K, Steckler T, Riedel G, Emmerich CH.","Front Behav Neurosci. 2021 Oct 21;15:755812. doi: 10.3389/fnbeh.2021.755812. eCollection 2021.","Sil A","Front Behav Neurosci","2021","2021/11/08","PMC8567102","","10.3389/fnbeh.2021.755812"
"30305139","Consistent and reproducible cultures of large-scale 3D mammary epithelial structures using an accessible bioprinting platform","Reid JA, Mollica PA, Bruno RD, Sachs PC.","Breast Cancer Res. 2018 Oct 10;20(1):122. doi: 10.1186/s13058-018-1045-4.","Reid JA","Breast Cancer Res","2018","2018/10/12","PMC6180647","","10.1186/s13058-018-1045-4"
"24850886","The effect of sample storage on the performance and reproducibility of the galactomannan EIA test","Kimpton G, White PL, Barnes RA.","Med Mycol. 2014 Aug;52(6):618-26. doi: 10.1093/mmy/myu014. Epub 2014 May 21.","Kimpton G","Med Mycol","2014","2014/05/23","","","10.1093/mmy/myu014"
"36554152","VeVaPy, a Python Platform for Efficient Verification and Validation of Systems Biology Models with Demonstrations Using Hypothalamic-Pituitary-Adrenal Axis Models","Parker C, Nelson E, Zhang T.","Entropy (Basel). 2022 Nov 29;24(12):1747. doi: 10.3390/e24121747.","Parker C","Entropy (Basel)","2022","2022/12/23","PMC9777964","","10.3390/e24121747"
"20841894","The clinical research data repository of the US National Institutes of Health","Cimino JJ, Ayres EJ.","Stud Health Technol Inform. 2010;160(Pt 2):1299-303.","Cimino JJ","Stud Health Technol Inform","2010","2010/09/16","PMC3408090","NIHMS394215",""
"38660778","Reproducible generation of human liver organoids (HLOs) on a pillar plate platform via microarray 3D bioprinting","Shrestha S, Lekkala VKR, Acharya P, Kang SY, Vanga MG, Lee MY.","Lab Chip. 2024 May 14;24(10):2747-2761. doi: 10.1039/d4lc00149d.","Shrestha S","Lab Chip","2024","2024/04/25","PMC11605706","NIHMS2035667","10.1039/d4lc00149d"
"36575383","OpenGenomeBrowser: a versatile, dataset-independent and scalable web platform for genome data management and comparative genomics","Roder T, Oberhänsli S, Shani N, Bruggmann R.","BMC Genomics. 2022 Dec 27;23(1):855. doi: 10.1186/s12864-022-09086-3.","Roder T","BMC Genomics","2022","2022/12/27","PMC9795662","","10.1186/s12864-022-09086-3"
"27069752","Insight: Semantic Provenance and Analysis Platform for Multi-center Neurology Healthcare Research","Ramesh P, Wei A, Welter E, Bamps Y, Stoll S, Bukach A, Sajatovic M, Sahoo SS.","Proceedings (IEEE Int Conf Bioinformatics Biomed). 2015 Nov;2015:731-736. doi: 10.1109/BIBM.2015.7359776.","Ramesh P","Proceedings (IEEE Int Conf Bioinformatics Biomed)","2015","2016/04/13","PMC4826045","NIHMS773699","10.1109/BIBM.2015.7359776"
"27577363","Metadata Repository for Improved Data Sharing and Reuse Based on HL7 FHIR","Ulrich H, Kock AK, Duhm-Harbeck P, Habermann JK, Ingenerf J.","Stud Health Technol Inform. 2016;228:162-6.","Ulrich H","Stud Health Technol Inform","2016","2016/09/01","","",""
"40164439","Scalable and efficient on-chain data management in blockchain for large biomedical data","Ni E, Knight E, Gerstein M.","J Biomed Inform. 2025 May;165:104818. doi: 10.1016/j.jbi.2025.104818. Epub 2025 Mar 29.","Ni E","J Biomed Inform","2025","2025/03/31","PMC12102614","NIHMS2077328","10.1016/j.jbi.2025.104818"
"40308739","Discovering linked data collections through a new national metadata platform","Miller KM, Flack FS, Smith MB, Bennett V, Marshall CE.","Int J Popul Data Sci. 2025 Apr 30;10(1):2461. doi: 10.23889/ijpds.v10i1.2461. eCollection 2025.","Miller KM","Int J Popul Data Sci","2025","2025/05/01","PMC12042732","","10.23889/ijpds.v10i1.2461"
"39475723","BakRep - a searchable large-scale web repository for bacterial genomes, characterizations and metadata","Fenske L, Jelonek L, Goesmann A, Schwengers O.","Microb Genom. 2024 Oct;10(10):001305. doi: 10.1099/mgen.0.001305.","Fenske L","Microb Genom","2024","2024/10/30","PMC11524574","","10.1099/mgen.0.001305"
"32217334","Improving the reproducibility, accuracy, and stability of an electrochemical biosensor platform for point-of-care use","Chen LC, Wang E, Tai CS, Chiu YC, Li CW, Lin YR, Lee TH, Huang CW, Chen JC, Chen WL.","Biosens Bioelectron. 2020 May 1;155:112111. doi: 10.1016/j.bios.2020.112111. Epub 2020 Feb 20.","Chen LC","Biosens Bioelectron","2020","2020/03/29","","","10.1016/j.bios.2020.112111"
"30892656","Fair compute loads enabled by blockchain: sharing models by alternating client and server roles","Kuo TT, Gabriel RA, Ohno-Machado L.","J Am Med Inform Assoc. 2019 May 1;26(5):392-403. doi: 10.1093/jamia/ocy180.","Kuo TT","J Am Med Inform Assoc","2019","2019/03/21","PMC7787356","","10.1093/jamia/ocy180"
"30260242","A novel data management platform to improve image-guided precision preclinical biological research","Persoon L, Hoof SV, van der Kruijssen F, Granton P, Sanchez Rivero A, Beunk H, Dubois L, Doosje JW, Verhaegen F.","Br J Radiol. 2019 Mar;92(1095):20180455. doi: 10.1259/bjr.20180455. Epub 2018 Oct 11.","Persoon L","Br J Radiol","2019","2018/09/28","PMC6541185","","10.1259/bjr.20180455"
"39948167","Circuit response and experimental verification of high energy storage density materials","Li Z, Fu K, Cheng Y, Hong K, Zhang G.","Sci Rep. 2025 Feb 13;15(1):5432. doi: 10.1038/s41598-025-89300-w.","Li Z","Sci Rep","2025","2025/02/13","PMC11825866","","10.1038/s41598-025-89300-w"
"34042771","Introducing a Platform for Integrating and Sharing Stem Cell Research Data","Borziak K, Parvanova I, Finkelstein J.","Stud Health Technol Inform. 2021 May 27;281:387-391. doi: 10.3233/SHTI210186.","Borziak K","Stud Health Technol Inform","2021","2021/05/27","","","10.3233/SHTI210186"
"34433217","Linking a Consortium-Wide Data Quality Assessment Tool with the MIRACUM Metadata Repository","Kapsner LA, Mang JM, Mate S, Seuchter SA, Vengadeswaran A, Bathelt F, Deppenwiese N, Kadioglu D, Kraska D, Prokosch HU.","Appl Clin Inform. 2021 Aug;12(4):826-835. doi: 10.1055/s-0041-1733847. Epub 2021 Aug 25.","Kapsner LA","Appl Clin Inform","2021","2021/08/25","PMC8387126","","10.1055/s-0041-1733847"
"22743774","Icy: an open bioimage informatics platform for extended reproducible research","de Chaumont F, Dallongeville S, Chenouard N, Hervé N, Pop S, Provoost T, Meas-Yedid V, Pankajakshan P, Lecomte T, Le Montagner Y, Lagache T, Dufour A, Olivo-Marin JC.","Nat Methods. 2012 Jun 28;9(7):690-6. doi: 10.1038/nmeth.2075.","de Chaumont F","Nat Methods","2012","2012/06/30","","","10.1038/nmeth.2075"
"31099337","Secure and Scalable mHealth Data Management Using Blockchain Combined With Client Hashchain: System Design and Validation","Motohashi T, Hirano T, Okumura K, Kashiyama M, Ichikawa D, Ueno T.","J Med Internet Res. 2019 May 16;21(5):e13385. doi: 10.2196/13385.","Motohashi T","J Med Internet Res","2019","2019/05/18","PMC6542324","","10.2196/13385"
"38412098","Tracking the neural codes for words and phrases during semantic composition, working-memory storage, and retrieval","Desbordes T, King JR, Dehaene S.","Cell Rep. 2024 Mar 26;43(3):113847. doi: 10.1016/j.celrep.2024.113847. Epub 2024 Feb 26.","Desbordes T","Cell Rep","2024","2024/02/27","","","10.1016/j.celrep.2024.113847"
"35939304","Sex and Location Differences in Verification Status of Physician-Held Social Media Platform Accounts","Rupert D, Shah K, Chen BY, O'Glasser AY, Schiml M, Jain S, Chino F.","JAMA Netw Open. 2022 Aug 1;5(8):e2225671. doi: 10.1001/jamanetworkopen.2022.25671.","Rupert D","JAMA Netw Open","2022","2022/08/08","PMC9361082","","10.1001/jamanetworkopen.2022.25671"
"41241215","THRAISE: An automated and reproducible web platform for RNA-seq analysis","Heo HH, Um SJ.","Mol Cells. 2025 Dec;48(12):100299. doi: 10.1016/j.mocell.2025.100299. Epub 2025 Nov 13.","Heo HH","Mol Cells","2025","2025/11/15","PMC12702357","","10.1016/j.mocell.2025.100299"
"38559126","Reproducible generation of human liver organoids (HLOs) on a pillar plate platform via microarray 3D bioprinting","Shrestha S, Lekkala VKR, Acharya P, Kang SY, Vanga MG, Lee MY.","bioRxiv [Preprint]. 2024 Mar 13:2024.03.11.584478. doi: 10.1101/2024.03.11.584478.","Shrestha S","bioRxiv","2024","2024/04/01","PMC10979895","","10.1101/2024.03.11.584478"
"38338229","Identifying the Barriers to Acceptance of Blockchain-Based Patient-Centric Data Management Systems in Healthcare","Mutambik I, Lee J, Almuqrin A, Alharbi ZH.","Healthcare (Basel). 2024 Jan 30;12(3):345. doi: 10.3390/healthcare12030345.","Mutambik I","Healthcare (Basel)","2024","2024/02/10","PMC10855174","","10.3390/healthcare12030345"
"35924113","Feature Extraction Approach for Speaker Verification to Support Healthcare System Using Blockchain Security for Data Privacy","Upadhyay S, Kumar M, Kumar A, Karnati R, Mahommad GB, Althubiti SA, Alenezi F, Polat K.","Comput Math Methods Med. 2022 Jul 25;2022:8717263. doi: 10.1155/2022/8717263. eCollection 2022.","Upadhyay S","Comput Math Methods Med","2022","2022/08/04","PMC9343193","","10.1155/2022/8717263"
"31488040","Design of a joint research data platform: A use case for severity assessment","Talbot SR, Bruch S, Kießling F, Marschollek M, Jandric B, Tolba RH, Bleich A.","Lab Anim. 2020 Feb;54(1):33-39. doi: 10.1177/0023677219872228. Epub 2019 Sep 5.","Talbot SR","Lab Anim","2020","2019/09/07","","","10.1177/0023677219872228"
"8228396","Issues in data management and storage","Thomas SP.","J Neurosci Nurs. 1993 Aug;25(4):243-5. doi: 10.1097/01376517-199308000-00008.","Thomas SP","J Neurosci Nurs","1993","1993/08/01","","","10.1097/01376517-199308000-00008"
"34171651","The instrumented sheep knee to elucidate insights into osteoarthritis development and progression: A sensitive and reproducible platform for integrated research efforts","Hart DA, Martin CR, Scott M, Shrive NG.","Clin Biomech (Bristol). 2021 Jul;87:105404. doi: 10.1016/j.clinbiomech.2021.105404. Epub 2021 Jun 8.","Hart DA","Clin Biomech (Bristol)","2021","2021/06/25","","","10.1016/j.clinbiomech.2021.105404"
"28334291","SmartR: an open-source platform for interactive visual analytics for translational research data","Herzinger S, Gu W, Satagopam V, Eifes S, Rege K, Barbosa-Silva A, Schneider R; eTRIKS Consortium.","Bioinformatics. 2017 Jul 15;33(14):2229-2231. doi: 10.1093/bioinformatics/btx137.","Herzinger S","Bioinformatics","2017","2017/03/24","PMC5870773","","10.1093/bioinformatics/btx137"
"41188203","Recombinant Yeast Platform for Production and Verification of Diverse Quercetin Heteroconjugates","Sultana MJ, Nishikawa M, Sudaka Y, Ikushiro S.","J Agric Food Chem. 2025 Nov 19;73(46):29638-29649. doi: 10.1021/acs.jafc.5c10497. Epub 2025 Nov 4.","Sultana MJ","J Agric Food Chem","2025","2025/11/04","","","10.1021/acs.jafc.5c10497"
"27335151","Verification of an Automated, Digital Dispensing Platform for At-Will Broth Microdilution-Based Antimicrobial Susceptibility Testing","Smith KP, Kirby JE.","J Clin Microbiol. 2016 Sep;54(9):2288-93. doi: 10.1128/JCM.00932-16. Epub 2016 Jun 22.","Smith KP","J Clin Microbiol","2016","2016/06/24","PMC5005478","","10.1128/JCM.00932-16"
"28301533","Practices of research data curation in institutional repositories: A qualitative view from repository staff","Lee DJ, Stvilia B.","PLoS One. 2017 Mar 16;12(3):e0173987. doi: 10.1371/journal.pone.0173987. eCollection 2017.","Lee DJ","PLoS One","2017","2017/03/17","PMC5354423","","10.1371/journal.pone.0173987"
"39990799","GitHub is an effective platform for collaborative and reproducible laboratory research","Chen KY, Toro-Moreno M, Subramaniam AR.","ArXiv [Preprint]. 2025 Feb 10:arXiv:2408.09344v2.","Chen KY","ArXiv","2025","2025/02/24","PMC11844616","",""
"35489943","Objective evaluation of wearable thermoelectric generator: From platform building to performance verification","Xu Z, Yang D, Yuan X, Hua S, You H, Xing Y, Hu K, Wang J, Xiao Y, Yan Y, Tang X.","Rev Sci Instrum. 2022 Apr 1;93(4):045105. doi: 10.1063/5.0087672.","Xu Z","Rev Sci Instrum","2022","2022/04/30","","","10.1063/5.0087672"
"26490143","A Semantic Big Data Platform for Integrating Heterogeneous Wearable Data in Healthcare","Mezghani E, Exposito E, Drira K, Da Silveira M, Pruski C.","J Med Syst. 2015 Dec;39(12):185. doi: 10.1007/s10916-015-0344-x. Epub 2015 Oct 21.","Mezghani E","J Med Syst","2015","2015/10/23","","","10.1007/s10916-015-0344-x"
"32777825","APRICOT: Advanced Platform for Reproducible Infrastructures in the Cloud via Open Tools","Giménez-Alventosa V, Segrelles JD, Moltó G, Roca-Sogorb M.","Methods Inf Med. 2020 Dec;59(S 02):e33-e45. doi: 10.1055/s-0040-1712460. Epub 2020 Aug 10.","Giménez-Alventosa V","Methods Inf Med","2020","2020/08/11","PMC7746519","","10.1055/s-0040-1712460"
"36677000","Some Lessons Learned on the Impact of the Storage Conditions, Syringe Wash Solvent, and the Way of GC-MS Injection on the Reproducibility of Metabolomic Studies","Kurbatov I, Kiseleva O, Arzumanian V, Dolgalev G, Poverennaya E.","Metabolites. 2023 Jan 3;13(1):75. doi: 10.3390/metabo13010075.","Kurbatov I","Metabolites","2023","2023/01/21","PMC9866955","","10.3390/metabo13010075"
"19745342","Foundations of a metadata repository for databases of registers and trials","Stausberg J, Löbe M, Verplancke P, Drepper J, Herre H, Löffler M.","Stud Health Technol Inform. 2009;150:409-13.","Stausberg J","Stud Health Technol Inform","2009","2009/09/12","","",""
"40710442","A Design Architecture for Decentralized and Provenance-Assisted eHealth Systems for Enhanced Personalized Medicine","Sergio WL, Ströele V, Braga R.","J Pers Med. 2025 Jul 19;15(7):325. doi: 10.3390/jpm15070325.","Sergio WL","J Pers Med","2025","2025/07/25","PMC12299404","","10.3390/jpm15070325"
"37978124","How does blockchain technology affect the development of green finance? Theoretical analysis and empirical verification","Jiang J, Li J, Wang W.","Environ Sci Pollut Res Int. 2023 Dec;30(58):122774-122790. doi: 10.1007/s11356-023-31035-0. Epub 2023 Nov 17.","Jiang J","Environ Sci Pollut Res Int","2023","2023/11/17","","","10.1007/s11356-023-31035-0"
"36324787","Does platform type matter? A semantic analysis of user attitude formation on online platforms","Zhang L, Zhan G, Li Q, Ren J.","Front Psychol. 2022 Oct 17;13:1005429. doi: 10.3389/fpsyg.2022.1005429. eCollection 2022.","Zhang L","Front Psychol","2022","2022/11/03","PMC9619103","","10.3389/fpsyg.2022.1005429"
"26318051","Open Science CBS Neuroimaging Repository: Sharing ultra-high-field MR images of the brain","Tardif CL, Schäfer A, Trampel R, Villringer A, Turner R, Bazin PL.","Neuroimage. 2016 Jan 1;124(Pt B):1143-1148. doi: 10.1016/j.neuroimage.2015.08.042. Epub 2015 Aug 25.","Tardif CL","Neuroimage","2016","2015/08/31","","","10.1016/j.neuroimage.2015.08.042"
"36330959","Mouse Phenome Database: towards a more FAIR-compliant and TRUST-worthy data repository and tool suite for phenotypes and genotypes","Bogue MA, Ball RL, Philip VM, Walton DO, Dunn MH, Kolishovski G, Lamoureux A, Gerring M, Liang H, Emerson J, Stearns T, He H, Mukherjee G, Bluis J, Desai S, Sundberg B, Kadakkuzha B, Kunde-Ramamoorthy G, Chesler EJ.","Nucleic Acids Res. 2023 Jan 6;51(D1):D1067-D1074. doi: 10.1093/nar/gkac1007.","Bogue MA","Nucleic Acids Res","2023","2022/11/04","PMC9825561","","10.1093/nar/gkac1007"
"39392971","Multimodal Deep Representation Learning for Quantum Cross-Platform Verification","Qian Y, Du Y, He Z, Hsieh MH, Tao D.","Phys Rev Lett. 2024 Sep 27;133(13):130601. doi: 10.1103/PhysRevLett.133.130601.","Qian Y","Phys Rev Lett","2024","2024/10/11","","","10.1103/PhysRevLett.133.130601"
"37856190","ART2Dose: A comprehensive dose verification platform for online adaptive radiotherapy","Lin J, Chen M, Lai Y, Trivedi Z, Wu J, Foo T, Gonzalez Y, Reynolds R, Park C, Yan Y, Godley A, Jiang S, Jia X, Lin MH, Pompos A, Lu W.","Med Phys. 2024 Jan;51(1):18-30. doi: 10.1002/mp.16806. Epub 2023 Oct 19.","Lin J","Med Phys","2024","2023/10/19","","","10.1002/mp.16806"
"41471522","Efficient Signed Certificate Verification for IoT and V2V Messages via Blockchain Integration","Khoury D, Eledlebi K, Hamze K, Sayah J, Sondi P, Danach K, Semaan D, Farran H, Haddad S.","Sensors (Basel). 2025 Dec 11;25(24):7528. doi: 10.3390/s25247528.","Khoury D","Sensors (Basel)","2025","2025/12/31","PMC12736745","","10.3390/s25247528"
"40681592","Construction and efficiency analysis of an embedded system-based verification platform for edge computing","Cao J, Yu Z, Zhu B, Cao M, Yang J.","Sci Rep. 2025 Jul 18;15(1):26114. doi: 10.1038/s41598-025-10580-3.","Cao J","Sci Rep","2025","2025/07/18","PMC12274280","","10.1038/s41598-025-10580-3"
"30576482","NBDC RDF portal: a comprehensive repository for semantic data in life sciences","Kawashima S, Katayama T, Hatanaka H, Kushida T, Takagi T.","Database (Oxford). 2018 Jan 1;2018:bay123. doi: 10.1093/database/bay123.","Kawashima S","Database (Oxford)","2018","2018/12/22","PMC6301334","","10.1093/database/bay123"
"37282571","Diabetes Health Supervision and Treatment Strategy Based on Data Management and Analysis on eKTANG Platform","Jiang Y, Wang Y.","Comb Chem High Throughput Screen. 2024;27(3):428-435. doi: 10.2174/1386207326666230605124450.","Jiang Y","Comb Chem High Throughput Screen","2024","2023/06/07","","","10.2174/1386207326666230605124450"
"37887112","A Nanozymatic-Mediated Smartphone Colorimetric Sensing Platform for the Detection of Dimethyl Phthalate (DMP) and Dibutyl Phthalate (DBP)","Li W, Zhang X, Zhang H, Zhang C, Chen Y, Li C, Hu Y, Yu X, Zhang B, Lin X.","Biosensors (Basel). 2023 Oct 8;13(10):919. doi: 10.3390/bios13100919.","Li W","Biosensors (Basel)","2023","2023/10/27","PMC10605576","","10.3390/bios13100919"
"41259098","Reproducibility and accuracy of bacterial methylome profiling using Oxford Nanopore Technologies nanopore sequencing platform","Schababerle T, Hayat O, Jung J, Le M, Polic I, Wees H, Bhatti M, Shelburne S, Liu X, Kalia A.","Microb Genom. 2025 Nov;11(11). doi: 10.1099/mgen.0.001564.","Schababerle T","Microb Genom","2025","2025/11/19","","","10.1099/mgen.0.001564"
"39399658","Linking the ECRIN Metadata Repository with the BBMRI-ERIC Directory to connect clinical studies with related biobanks and collections","Ohmann C, Canham S, Majcen K, Meloni V, Pireddu L, Sulis A, Delussu G, Frexia F, Holub P.","Open Res Eur. 2024 Oct 7;4:50. doi: 10.12688/openreseurope.17131.2. eCollection 2024.","Ohmann C","Open Res Eur","2024","2024/10/14","PMC11467644","","10.12688/openreseurope.17131.2"
"37810747","A health integrated platform for pharmacy clinical intervention data management and intelligent visual analytics and reporting","Frestel J, Teoh SWK, Broderick C, Dao A, Sajogo M.","Explor Res Clin Soc Pharm. 2023 Sep 22;12:100332. doi: 10.1016/j.rcsop.2023.100332. eCollection 2023 Dec.","Frestel J","Explor Res Clin Soc Pharm","2023","2023/10/09","PMC10556808","","10.1016/j.rcsop.2023.100332"
"35639939","Globally Accessible Distributed Data Sharing (GADDS): a decentralized FAIR platform to facilitate data sharing in the life sciences","Vazquez P, Hirayama-Shoji K, Novik S, Krauss S, Rayner S.","Bioinformatics. 2022 Aug 2;38(15):3812-3817. doi: 10.1093/bioinformatics/btac362.","Vazquez P","Bioinformatics","2022","2022/05/31","PMC9344842","","10.1093/bioinformatics/btac362"
"21468310","Multi-disease data management system platform for vector-borne diseases","Eisen L, Coleman M, Lozano-Fuentes S, McEachen N, Orlans M, Coleman M.","PLoS Negl Trop Dis. 2011 Mar 29;5(3):e1016. doi: 10.1371/journal.pntd.0001016.","Eisen L","PLoS Negl Trop Dis","2011","2011/04/07","PMC3066141","","10.1371/journal.pntd.0001016"
"25093072","Semantic Web repositories for genomics data using the eXframe platform","Merrill E, Corlosquet S, Ciccarese P, Clark T, Das S.","J Biomed Semantics. 2014 Jun 3;5(Suppl 1 Proceedings of the Bio-Ontologies Spec Interest G):S3. doi: 10.1186/2041-1480-5-S1-S3. eCollection 2014.","Merrill E","J Biomed Semantics","2014","2014/08/06","PMC4108874","","10.1186/2041-1480-5-S1-S3"
"36850701","Peer-to-Peer User Identity Verification Time Optimization in IoT Blockchain Network","Kairaldeen AR, Abdullah NF, Abu-Samah A, Nordin R.","Sensors (Basel). 2023 Feb 13;23(4):2106. doi: 10.3390/s23042106.","Kairaldeen AR","Sensors (Basel)","2023","2023/02/28","PMC9961683","","10.3390/s23042106"
"41350574","A privacy preserving medical data management framework using blockchain enabled encrypted role based access control","Taloba AI, Rayan A.","Sci Rep. 2025 Dec 6;15(1):43864. doi: 10.1038/s41598-025-30916-3.","Taloba AI","Sci Rep","2025","2025/12/05","PMC12708723","","10.1038/s41598-025-30916-3"
"37667526","Contrast-agent-based perfusion MRI code repository and testing framework: ISMRM Open Science Initiative for Perfusion Imaging (OSIPI)","van Houdt PJ, Ragunathan S, Berks M, Ahmed Z, Kershaw LE, Gurney-Champion OJ, Tadimalla S, Arvidsson J, Sun Y, Kallehauge J, Dickie B, Lévy S, Bell L, Sourbron S, Thrippleton MJ;  on behalf of the ISMRM Perfusion Study Group.","Magn Reson Med. 2024 May;91(5):1774-1786. doi: 10.1002/mrm.29826. Epub 2023 Sep 4.","van Houdt PJ","Magn Reson Med","2024","2023/09/05","","","10.1002/mrm.29826"
"27137889","The Galaxy platform for accessible, reproducible and collaborative biomedical analyses: 2016 update","Afgan E, Baker D, van den Beek M, Blankenberg D, Bouvier D, Čech M, Chilton J, Clements D, Coraor N, Eberhard C, Grüning B, Guerler A, Hillman-Jackson J, Von Kuster G, Rasche E, Soranzo N, Turaga N, Taylor J, Nekrutenko A, Goecks J.","Nucleic Acids Res. 2016 Jul 8;44(W1):W3-W10. doi: 10.1093/nar/gkw343. Epub 2016 May 2.","Afgan E","Nucleic Acids Res","2016","2016/05/04","PMC4987906","","10.1093/nar/gkw343"
"28578698","dictyExpress: a web-based platform for sequence data management and analytics in Dictyostelium and beyond","Stajdohar M, Rosengarten RD, Kokosar J, Jeran L, Blenkus D, Shaulsky G, Zupan B.","BMC Bioinformatics. 2017 Jun 2;18(1):291. doi: 10.1186/s12859-017-1706-9.","Stajdohar M","BMC Bioinformatics","2017","2017/06/06","PMC5457571","","10.1186/s12859-017-1706-9"
"27038897","Reproducibility of Illumina platform deep sequencing errors allows accurate determination of DNA barcodes in cells","Beltman JB, Urbanus J, Velds A, van Rooij N, Rohr JC, Naik SH, Schumacher TN.","BMC Bioinformatics. 2016 Apr 2;17:151. doi: 10.1186/s12859-016-0999-4.","Beltman JB","BMC Bioinformatics","2016","2016/04/04","PMC4818877","","10.1186/s12859-016-0999-4"
"33572822","Universal Verification Platform and Star Simulator for Fast Star Tracker Design","Schulz VH, Marcelino GM, Seman LO, Santos Barros J, Kim S, Cho M, Villarrubia González G, Leithardt VRQ, Bezerra EA.","Sensors (Basel). 2021 Jan 29;21(3):907. doi: 10.3390/s21030907.","Schulz VH","Sensors (Basel)","2021","2021/02/12","PMC7866273","","10.3390/s21030907"
"28453559","Evaluation of the reproducibility of amplicon sequencing with Illumina MiSeq platform","Wen C, Wu L, Qin Y, Van Nostrand JD, Ning D, Sun B, Xue K, Liu F, Deng Y, Liang Y, Zhou J.","PLoS One. 2017 Apr 28;12(4):e0176716. doi: 10.1371/journal.pone.0176716. eCollection 2017.","Wen C","PLoS One","2017","2017/04/29","PMC5409056","","10.1371/journal.pone.0176716"
"26527469","Storage of Fractional Flow Reserve Hemodynamic Waveforms Using Semantic Extension of the DICOM Standard","Kakouros N.","J Digit Imaging. 2016 Jun;29(3):314-20. doi: 10.1007/s10278-015-9837-x.","Kakouros N","J Digit Imaging","2016","2015/11/04","PMC4879029","","10.1007/s10278-015-9837-x"
"24825958","Semantic dementia shows both storage and access disorders of semantic memory","Takahashi Y, Meguro K, Nakatsuka M, Kasai M, Akanuma K, Yamaguchi S.","Behav Neurol. 2014;2014:508960. doi: 10.1155/2014/508960. Epub 2014 Mar 9.","Takahashi Y","Behav Neurol","2014","2014/05/15","PMC4006626","","10.1155/2014/508960"
"37266206","Retracted: Healthcare and Fitness Data Management Using the IoT-Based Blockchain Platform","Healthcare Engineering JO.","J Healthc Eng. 2023 May 24;2023:9831689. doi: 10.1155/2023/9831689. eCollection 2023.","Healthcare Engineering JO","J Healthc Eng","2023","2023/06/02","PMC10232103","","10.1155/2023/9831689"
"23109552","MetaboLights--an open-access general-purpose repository for metabolomics studies and associated meta-data","Haug K, Salek RM, Conesa P, Hastings J, de Matos P, Rijnbeek M, Mahendraker T, Williams M, Neumann S, Rocca-Serra P, Maguire E, González-Beltrán A, Sansone SA, Griffin JL, Steinbeck C.","Nucleic Acids Res. 2013 Jan;41(Database issue):D781-6. doi: 10.1093/nar/gks1004. Epub 2012 Oct 29.","Haug K","Nucleic Acids Res","2013","2012/10/31","PMC3531110","","10.1093/nar/gks1004"
"28583204","Building a semantic web-based metadata repository for facilitating detailed clinical modeling in cancer genome studies","Sharma DK, Solbrig HR, Tao C, Weng C, Chute CG, Jiang G.","J Biomed Semantics. 2017 Jun 5;8(1):19. doi: 10.1186/s13326-017-0130-4.","Sharma DK","J Biomed Semantics","2017","2017/06/07","PMC5460361","","10.1186/s13326-017-0130-4"
"41377523","SaVor - A Reproducible Structural Variant Calling and Benchmarking Platform from Short-Read Data","Mugoya T, Sethuraman A.","bioRxiv [Preprint]. 2025 Dec 1:2025.11.26.690832. doi: 10.1101/2025.11.26.690832.","Mugoya T","bioRxiv","2025","2025/12/11","PMC12687769","","10.1101/2025.11.26.690832"
"21385461","LabKey Server: an open source platform for scientific data integration, analysis and collaboration","Nelson EK, Piehler B, Eckels J, Rauch A, Bellew M, Hussey P, Ramsay S, Nathe C, Lum K, Krouse K, Stearns D, Connolly B, Skillman T, Igra M.","BMC Bioinformatics. 2011 Mar 9;12:71. doi: 10.1186/1471-2105-12-71.","Nelson EK","BMC Bioinformatics","2011","2011/03/10","PMC3062597","","10.1186/1471-2105-12-71"
"23956681","Reproducible culture and differentiation of mouse embryonic stem cells using an automated microwell platform","Hussain W, Moens N, Veraitch FS, Hernandez D, Mason C, Lye GJ.","Biochem Eng J. 2013 Aug 15;77(100):246-257. doi: 10.1016/j.bej.2013.05.008.","Hussain W","Biochem Eng J","2013","2013/08/20","PMC3741632","","10.1016/j.bej.2013.05.008"
"20945832","Platform for establishing interlaboratory reproducibility of selected reaction monitoring-based mass spectrometry peptide assays","Prakash A, Rezai T, Krastins B, Sarracino D, Athanas M, Russo P, Ross MM, Zhang H, Tian Y, Kulasingam V, Drabovich AP, Smith C, Batruch I, Liotta L, Petricoin E, Diamandis EP, Chan DW, Lopez MF.","J Proteome Res. 2010 Dec 3;9(12):6678-88. doi: 10.1021/pr100821m. Epub 2010 Nov 2.","Prakash A","J Proteome Res","2010","2010/10/16","","","10.1021/pr100821m"
"32821064","ACTION-EHR: Patient-Centric Blockchain-Based Electronic Health Record Data Management for Cancer Care","Dubovitskaya A, Baig F, Xu Z, Shukla R, Zambani PS, Swaminathan A, Jahangir MM, Chowdhry K, Lachhani R, Idnani N, Schumacher M, Aberer K, Stoller SD, Ryu S, Wang F.","J Med Internet Res. 2020 Aug 21;22(8):e13598. doi: 10.2196/13598.","Dubovitskaya A","J Med Internet Res","2020","2020/08/22","PMC7474412","","10.2196/13598"
"36975161","A Streamlined High-Throughput Plasma Proteomics Platform for Clinical Proteomics with Improved Proteome Coverage, Reproducibility, and Robustness","Woo J, Zhang Q.","J Am Soc Mass Spectrom. 2023 Apr 5;34(4):754-762. doi: 10.1021/jasms.3c00022. Epub 2023 Mar 28.","Woo J","J Am Soc Mass Spectrom","2023","2023/03/28","PMC10080683","","10.1021/jasms.3c00022"
"34156448","ReMeDy: a platform for integrating and sharing published stem cell research data with a focus on iPSC trials","Borziak K, Parvanova I, Finkelstein J.","Database (Oxford). 2021 Jun 22;2021:baab038. doi: 10.1093/database/baab038.","Borziak K","Database (Oxford)","2021","2021/06/22","PMC8218701","","10.1093/database/baab038"
"23220877","Clinical accuracy and reproducibility of Portrait 3D Surgical Simulation Platform in breast augmentation","Mailey B, Freel A, Wong R, Pointer DT, Khoobehi K.","Aesthet Surg J. 2013 Jan;33(1):84-92. doi: 10.1177/1090820X12469807. Epub 2012 Dec 7.","Mailey B","Aesthet Surg J","2013","2012/12/11","","","10.1177/1090820X12469807"
"37218289","De-black-boxing health AI: demonstrating reproducible machine learning computable phenotypes using the N3C-RECOVER Long COVID model in the All of Us data repository","Pfaff ER, Girvin AT, Crosskey M, Gangireddy S, Master H, Wei WQ, Kerchberger VE, Weiner M, Harris PA, Basford M, Lunt C, Chute CG, Moffitt RA, Haendel M; N3C and RECOVER Consortia.","J Am Med Inform Assoc. 2023 Jun 20;30(7):1305-1312. doi: 10.1093/jamia/ocad077.","Pfaff ER","J Am Med Inform Assoc","2023","2023/05/23","PMC10280348","","10.1093/jamia/ocad077"
"29728780","Root Exploit Detection and Features Optimization: Mobile Device and Blockchain Based Medical Data Management","Firdaus A, Anuar NB, Razak MFA, Hashem IAT, Bachok S, Sangaiah AK.","J Med Syst. 2018 May 4;42(6):112. doi: 10.1007/s10916-018-0966-x.","Firdaus A","J Med Syst","2018","2018/05/06","","","10.1007/s10916-018-0966-x"
"31976701","Cross-Platform Verification of Intermediate Scale Quantum Devices","Elben A, Vermersch B, van Bijnen R, Kokail C, Brydges T, Maier C, Joshi MK, Blatt R, Roos CF, Zoller P.","Phys Rev Lett. 2020 Jan 10;124(1):010504. doi: 10.1103/PhysRevLett.124.010504.","Elben A","Phys Rev Lett","2020","2020/01/25","","","10.1103/PhysRevLett.124.010504"
"31861851","Experience in Developing an FHIR Medical Data Management Platform to Provide Clinical Decision Support","Semenov I, Osenev R, Gerasimov S, Kopanitsa G, Denisov D, Andreychuk Y.","Int J Environ Res Public Health. 2019 Dec 20;17(1):73. doi: 10.3390/ijerph17010073.","Semenov I","Int J Environ Res Public Health","2019","2019/12/22","PMC6981801","","10.3390/ijerph17010073"
"3203504","Physiological amino acid data management: quantitation, assessment, reporting and storage","Carter RJ, Lukey T, Snyder FF.","Comput Biol Med. 1988;18(6):431-9. doi: 10.1016/0010-4825(88)90060-1.","Carter RJ","Comput Biol Med","1988","1988/01/01","","","10.1016/0010-4825(88)90060-1"
"41129381","ShortCake: an integrated platform for efficient and reproducible single-cell analysis","Nakato R, Nagai LAE.","Bioinformatics. 2025 Nov 1;41(11):btaf559. doi: 10.1093/bioinformatics/btaf559.","Nakato R","Bioinformatics","2025","2025/10/23","PMC12619637","","10.1093/bioinformatics/btaf559"
"23322812","A centralized research data repository enhances retrospective outcomes research capacity: a case report","Hruby GW, McKiernan J, Bakken S, Weng C.","J Am Med Inform Assoc. 2013 May 1;20(3):563-7. doi: 10.1136/amiajnl-2012-001302. Epub 2013 Jan 15.","Hruby GW","J Am Med Inform Assoc","2013","2013/01/17","PMC3628063","","10.1136/amiajnl-2012-001302"
"19692983","eIMRT: a web platform for the verification and optimization of radiation treatment plans","Pena J, González-Castaño DM, Gómez F, Gago-Arias A, González-Castaño FJ, Rodríguez-Silva D, Gómez A, Mouriño C, Pombar M, Sánchez M.","J Appl Clin Med Phys. 2009 Jul 21;10(3):205-220. doi: 10.1120/jacmp.v10i3.2998.","Pena J","J Appl Clin Med Phys","2009","2009/08/21","PMC5720544","","10.1120/jacmp.v10i3.2998"
"26745641","SNaPP: Simplified Nanoproteomics Platform for Reproducible Global Proteomic Analysis of Nanogram Protein Quantities","Huang EL, Piehowski PD, Orton DJ, Moore RJ, Qian WJ, Casey CP, Sun X, Dey SK, Burnum-Johnson KE, Smith RD.","Endocrinology. 2016 Mar;157(3):1307-14. doi: 10.1210/en.2015-1821. Epub 2016 Jan 8.","Huang EL","Endocrinology","2016","2016/01/09","PMC4769369","","10.1210/en.2015-1821"
"27899692","Jenkins-CI, an Open-Source Continuous Integration System, as a Scientific Data and Image-Processing Platform","Moutsatsos IK, Hossain I, Agarinis C, Harbinski F, Abraham Y, Dobler L, Zhang X, Wilson CJ, Jenkins JL, Holway N, Tallarico J, Parker CN.","SLAS Discov. 2017 Mar;22(3):238-249. doi: 10.1177/1087057116679993. Epub 2016 Dec 13.","Moutsatsos IK","SLAS Discov","2017","2016/12/01","PMC5322829","","10.1177/1087057116679993"
"26452388","ViPAR: a software platform for the Virtual Pooling and Analysis of Research Data","Carter KW, Francis RW, Carter KW, Francis RW, Bresnahan M, Gissler M, Grønborg TK, Gross R, Gunnes N, Hammond G, Hornig M, Hultman CM, Huttunen J, Langridge A, Leonard H, Newman S, Parner ET, Petersson G, Reichenberg A, Sandin S, Schendel DE, Schalkwyk L, Sourander A, Steadman C, Stoltenberg C, Suominen A, Surén P, Susser E, Sylvester Vethanayagam A, Yusof Z; International Collaboration for Autism Registry Epidemiology.","Int J Epidemiol. 2016 Apr;45(2):408-416. doi: 10.1093/ije/dyv193. Epub 2015 Oct 8.","Carter KW","Int J Epidemiol","2016","2015/10/11","PMC4864874","","10.1093/ije/dyv193"
"23044550","SemMedDB: a PubMed-scale repository of biomedical semantic predications","Kilicoglu H, Shin D, Fiszman M, Rosemblat G, Rindflesch TC.","Bioinformatics. 2012 Dec 1;28(23):3158-60. doi: 10.1093/bioinformatics/bts591. Epub 2012 Oct 8.","Kilicoglu H","Bioinformatics","2012","2012/10/10","PMC3509487","","10.1093/bioinformatics/bts591"
"36201903","A plan verification platform for online adaptive proton therapy using deep learning-based Monte-Carlo denoising","Zhang G, Chen X, Dai J, Men K.","Phys Med. 2022 Nov;103:18-25. doi: 10.1016/j.ejmp.2022.09.018. Epub 2022 Oct 3.","Zhang G","Phys Med","2022","2022/10/06","","","10.1016/j.ejmp.2022.09.018"
"39686024","Retrieval Integrity Verification and Multi-System Data Interoperability Mechanism of a Blockchain Oracle for Smart Healthcare with Internet of Things (IoT) Integration","Zhou Z, Chen L, Zhao Y, Yang X, Han Z, He Z.","Sensors (Basel). 2024 Nov 24;24(23):7487. doi: 10.3390/s24237487.","Zhou Z","Sensors (Basel)","2024","2024/12/17","PMC11644699","","10.3390/s24237487"
"37171846","The Swiss Pathogen Surveillance Platform - towards a nation-wide One Health data exchange platform for bacterial, viral and fungal genomics and associated metadata","Neves A, Walther D, Martin-Campos T, Barbie V, Bertelli C, Blanc D, Bouchet G, Erard F, Greub G, Hirsch HH, Huber M, Kaiser L, Leib SL, Leuzinger K, Lazarevic V, Mäusezahl M, Molina J, Neher RA, Perreten V, Ramette A, Roloff T, Schrenzel J, Seth-Smith HMB, Stephan R, Terumalai D, Wegner F, Egli A.","Microb Genom. 2023 May;9(5):mgen001001. doi: 10.1099/mgen.0.001001.","Neves A","Microb Genom","2023","2023/05/12","PMC10272868","","10.1099/mgen.0.001001"
"26262397","A Standards-based Semantic Metadata Repository to Support EHR-driven Phenotype Authoring and Execution","Jiang G, Solbrig HR, Kiefer R, Rasmussen LV, Mo H, Speltz P, Thompson WK, Denny JC, Chute CG, Pathak J.","Stud Health Technol Inform. 2015;216:1098.","Jiang G","Stud Health Technol Inform","2015","2015/08/12","PMC4898771","NIHMS791419",""
"40102516","Blockchain ensuring academic integrity with a degree verification prototype","Cardenas-Quispe MA, Pacheco A.","Sci Rep. 2025 Mar 18;15(1):9281. doi: 10.1038/s41598-025-93913-6.","Cardenas-Quispe MA","Sci Rep","2025","2025/03/19","PMC11920411","","10.1038/s41598-025-93913-6"
"37203616","The Importance of Being FAIR and FAST - The Clinical Epidemiology and Study Platform of the German Network University Medicine (NUKLEUS)","Krefting D, Anton G, Chaplinskaya-Sobol I, Hanss S, Hoffmann W, Hopff SM, Kraus M, Lorbeer R, Lorenz-Depiereux B, Illig T, Schäfer C, Schaller J, Stahl D, Valentin H, Heuschmann P, Vehreschild J.","Stud Health Technol Inform. 2023 May 18;302:93-97. doi: 10.3233/SHTI230071.","Krefting D","Stud Health Technol Inform","2023","2023/05/19","","","10.3233/SHTI230071"
"29295418","CoMetaR: A Collaborative Metadata Repository for Biomedical Research Networks","Stöhr MR, Helm G, Majeed RW, Günther A.","Stud Health Technol Inform. 2017;245:1337.","Stöhr MR","Stud Health Technol Inform","2017","2018/01/04","","",""
"32869137","Automating creativity assessment with SemDis: An open platform for computing semantic distance","Beaty RE, Johnson DR.","Behav Res Methods. 2021 Apr;53(2):757-780. doi: 10.3758/s13428-020-01453-w.","Beaty RE","Behav Res Methods","2021","2020/09/02","PMC8062332","","10.3758/s13428-020-01453-w"
"28403240","SnoVault and encodeD: A novel object-based storage system and applications to ENCODE metadata","Hitz BC, Rowe LD, Podduturi NR, Glick DI, Baymuradov UK, Malladi VS, Chan ET, Davidson JM, Gabdank I, Narayana AK, Onate KC, Hilton J, Ho MC, Lee BT, Miyasato SR, Dreszer TR, Sloan CA, Strattan JS, Tanaka FY, Hong EL, Cherry JM.","PLoS One. 2017 Apr 12;12(4):e0175310. doi: 10.1371/journal.pone.0175310. eCollection 2017.","Hitz BC","PLoS One","2017","2017/04/14","PMC5389787","","10.1371/journal.pone.0175310"
"25343788","Scientific data exchange: a schema for HDF5-based storage of raw and analyzed data","De Carlo F, Gürsoy D, Marone F, Rivers M, Parkinson DY, Khan F, Schwarz N, Vine DJ, Vogt S, Gleber SC, Narayanan S, Newville M, Lanzirotti T, Sun Y, Hong YP, Jacobsen C.","J Synchrotron Radiat. 2014 Nov;21(Pt 6):1224-30. doi: 10.1107/S160057751401604X. Epub 2014 Oct 4.","De Carlo F","J Synchrotron Radiat","2014","2014/10/25","","","10.1107/S160057751401604X"
"27123451","An Interoperability Platform Enabling Reuse of Electronic Health Records for Signal Verification Studies","Yuksel M, Gonul S, Laleci Erturkmen GB, Sinaci AA, Invernizzi P, Facchinetti S, Migliavacca A, Bergvall T, Depraetere K, De Roo J.","Biomed Res Int. 2016;2016:6741418. doi: 10.1155/2016/6741418. Epub 2016 Mar 31.","Yuksel M","Biomed Res Int","2016","2016/04/29","PMC4830705","","10.1155/2016/6741418"
"32563430","Spherical center and rotating platform hinged knee prosthesis: Finite-element model establishment, verification and contact analysis","Zhang JY, Wang J, Tian DM, Jiang DP, Li JJ, Hu YC.","Knee. 2020 Jun;27(3):731-739. doi: 10.1016/j.knee.2020.04.022. Epub 2020 May 19.","Zhang JY","Knee","2020","2020/06/22","","","10.1016/j.knee.2020.04.022"
"26306174","rBEFdata: documenting data exchange and analysis for a collaborative data management platform","Pfaff CT, König-Ries B, Lang AC, Ratcliffe S, Wirth C, Man X, Nadrowski K.","Ecol Evol. 2015 Jul;5(14):2890-7. doi: 10.1002/ece3.1547. Epub 2015 Jul 3.","Pfaff CT","Ecol Evol","2015","2015/08/26","PMC4541993","","10.1002/ece3.1547"
"36097180","The Criminal Justice Administrative Records System: A next-generation research data platform","Finlay K, Mueller-Smith M, Papp J.","Sci Data. 2022 Sep 12;9(1):562. doi: 10.1038/s41597-022-01620-y.","Finlay K","Sci Data","2022","2022/09/13","PMC9468342","","10.1038/s41597-022-01620-y"
"41614048","Neurosynth Compose: A web-based platform for flexible and reproducible neuroimaging meta-analysis","Kent JD, Lee N, Laird AR, Salo T, Peraza J, Bottenhorn KL, Oudyk K, Nichols TE, Poline JB, de la Vega A.","Imaging Neurosci (Camb). 2026 Jan 27;4:IMAG.a.1114. doi: 10.1162/IMAG.a.1114. eCollection 2026.","Kent JD","Imaging Neurosci (Camb)","2026","2026/01/30","PMC12849227","","10.1162/IMAG.a.1114"
"35629225","Diffusion of a Lifelog-Based Digital Healthcare Platform for Future Precision Medicine: Data Provision and Verification Study","Lee K, Lee J, Hwang S, Kim Y, Lee Y, Urtnasan E, Koh SB, Youk H.","J Pers Med. 2022 May 16;12(5):803. doi: 10.3390/jpm12050803.","Lee K","J Pers Med","2022","2022/05/28","PMC9147795","","10.3390/jpm12050803"
"33566788","Reliable Co-Prognosability of Decentralized Stochastic Discrete-Event Systems and a Polynomial-Time Verification","Liao H, Liu F, Zhao R.","IEEE Trans Cybern. 2022 Jul;52(7):6207-6216. doi: 10.1109/TCYB.2021.3051260. Epub 2022 Jul 4.","Liao H","IEEE Trans Cybern","2022","2021/02/10","","","10.1109/TCYB.2021.3051260"
"22889332","Avogadro: an advanced semantic chemical editor, visualization, and analysis platform","Hanwell MD, Curtis DE, Lonie DC, Vandermeersch T, Zurek E, Hutchison GR.","J Cheminform. 2012 Aug 13;4(1):17. doi: 10.1186/1758-2946-4-17.","Hanwell MD","J Cheminform","2012","2012/08/15","PMC3542060","","10.1186/1758-2946-4-17"
"23117791","LAS: a software platform to support oncological data management","Baralis E, Bertotti A, Fiori A, Grand A.","J Med Syst. 2012 Nov;36 Suppl 1:S81-90. doi: 10.1007/s10916-012-9891-6. Epub 2012 Nov 2.","Baralis E","J Med Syst","2012","2012/11/03","","","10.1007/s10916-012-9891-6"
"35648013","Under lock and key: Incorporation of blockchain technology in the field of ophthalmic artificial intelligence for big data management - A perfect match?","Ramesh PV, Devadas AK, Ray P, Ramesh SV, Joshua T, Priyan V, Ramesh MK, Rajasekaran R.","Indian J Ophthalmol. 2022 Jun;70(6):2188-2190. doi: 10.4103/ijo.IJO_143_22.","Ramesh PV","Indian J Ophthalmol","2022","2022/06/01","PMC9359239","","10.4103/ijo.IJO_143_22"
"28057566","SemanticSCo: A platform to support the semantic composition of services for gene expression analysis","Guardia GD, Ferreira Pires L, da Silva EG, de Farias CR.","J Biomed Inform. 2017 Feb;66:116-128. doi: 10.1016/j.jbi.2016.12.014. Epub 2017 Jan 3.","Guardia GD","J Biomed Inform","2017","2017/01/07","","","10.1016/j.jbi.2016.12.014"
"21277854","Accuracy and reproducibility of a multiplex immunoassay platform: a validation study","Bastarache JA, Koyama T, Wickersham NE, Mitchell DB, Mernaugh RL, Ware LB.","J Immunol Methods. 2011 Mar 31;367(1-2):33-9. doi: 10.1016/j.jim.2011.01.005. Epub 2011 Jan 26.","Bastarache JA","J Immunol Methods","2011","2011/02/01","PMC3108329","NIHMS278135","10.1016/j.jim.2011.01.005"
"33862661","A Permissioned Blockchain Network for Security and Sharing of De-identified Tuberculosis Research Data in Brazil","Lima VC, Bernardi FA, Alves D, Kritski AL, Galliez RM, Rijo RPCL.","Methods Inf Med. 2020 Dec;59(6):205-218. doi: 10.1055/s-0041-1727194. Epub 2021 Apr 16.","Lima VC","Methods Inf Med","2020","2021/04/16","","","10.1055/s-0041-1727194"
"40019391","MSConnect: Open-Source, End-to-End Platform for Automated Mass Spectrometry Data Management, Analysis, and Visualization","Xie X, Reyes PS, Lin HL, Mannewitz GA, Truong T, Webber KGI, Payne SH, Kelly RT.","J Proteome Res. 2025 Apr 4;24(4):1757-1764. doi: 10.1021/acs.jproteome.4c00854. Epub 2025 Feb 28.","Xie X","J Proteome Res","2025","2025/02/28","PMC12009169","NIHMS2069709","10.1021/acs.jproteome.4c00854"
"18560106","HOPE, an open platform for medical data management on the grid","Diarena M, Nowak S, Boire JY, Bloch V, Donnarieix D, Fessy A, Grenier B, Irrthum B, Legré Y, Maigne L, Salzemann J, Thiam C, Spalinger N, Verhaeghe N, de Vlieger P, Breton V.","Stud Health Technol Inform. 2008;138:34-48.","Diarena M","Stud Health Technol Inform","2008","2008/06/19","","",""
"40776146","Architectural Framework for Developing a Healthcare Research Data Repository: A Scalable and Interoperable Approach","Santos RS, Moreno RA, Rebelo MS, Pires FA, Krieger JE, Gutierrez MA.","Stud Health Technol Inform. 2025 Aug 7;329:1616-1617. doi: 10.3233/SHTI251129.","Santos RS","Stud Health Technol Inform","2025","2025/08/08","","","10.3233/SHTI251129"
"25742670","Parent perspectives on privacy and governance for a pediatric repository of non-biological, research data","Manhas KP, Page S, Dodd SX, Letourneau N, Ambrose A, Cui X, Tough SC.","J Empir Res Hum Res Ethics. 2015 Feb;10(1):88-99. doi: 10.1177/1556264614564970. Epub 2014 Dec 31.","Manhas KP","J Empir Res Hum Res Ethics","2015","2015/03/06","","","10.1177/1556264614564970"
"32792932","Experimental Pipeline (Expipe): A Lightweight Data Management Platform to Simplify the Steps From Experiment to Data Analysis","Lepperød ME, Dragly SA, Buccino AP, Mobarhan MH, Malthe-Sørenssen A, Hafting T, Fyhn M.","Front Neuroinform. 2020 Jul 24;14:30. doi: 10.3389/fninf.2020.00030. eCollection 2020.","Lepperød ME","Front Neuroinform","2020","2020/08/15","PMC7393253","","10.3389/fninf.2020.00030"
"21531198","Analytical platform for verification and quantitation of target peptides in human serum: application to cathelicidin","Calderón-Santiago M, Mata-Granados JM, Priego-Capote F, Quesada-Gómez JM, Luque de Castro MD.","Anal Biochem. 2011 Aug 1;415(1):39-45. doi: 10.1016/j.ab.2011.04.005. Epub 2011 Apr 15.","Calderón-Santiago M","Anal Biochem","2011","2011/05/03","","","10.1016/j.ab.2011.04.005"
"32883210","""METAGENOTE: a simplified web platform for metadata annotation of genomic samples and streamlined submission to NCBI's sequence read archive""","Quiñones M, Liou DT, Shyu C, Kim W, Vujkovic-Cvijin I, Belkaid Y, Hurt DE.","BMC Bioinformatics. 2020 Sep 3;21(1):378. doi: 10.1186/s12859-020-03694-0.","Quiñones M","BMC Bioinformatics","2020","2020/09/05","PMC7471527","","10.1186/s12859-020-03694-0"
"31500403","Inter-platform reproducibility of liver stiffness measured with two different point shear wave elastography techniques and 2-dimensional shear wave elastography using the comb-push technique","Ryu H, Ahn SJ, Yoon JH, Lee JM.","Ultrasonography. 2019 Oct;38(4):345-354. doi: 10.14366/usg.19001. Epub 2019 Mar 23.","Ryu H","Ultrasonography","2019","2019/09/11","PMC6769187","","10.14366/usg.19001"
"25296331","Reproducibility and absolute quantification of muscle glycogen in patients with glycogen storage disease by 13C NMR spectroscopy at 7 Tesla","Heinicke K, Dimitrov IE, Romain N, Cheshkov S, Ren J, Malloy CR, Haller RG.","PLoS One. 2014 Oct 8;9(10):e108706. doi: 10.1371/journal.pone.0108706. eCollection 2014.","Heinicke K","PLoS One","2014","2014/10/09","PMC4189928","","10.1371/journal.pone.0108706"
"31659070","Verification of Newly FDA-Approved Kappa and Lambda Free Light Chain Assays on a Previously Untested Platform","Muluhngwi P, Sharp CN, Pozzi N, Elin RJ, Jortani SA.","J Appl Lab Med. 2019 Nov;4(3):323-330. doi: 10.1373/jalm.2019.029215. Epub 2019 May 21.","Muluhngwi P","J Appl Lab Med","2019","2019/10/30","","","10.1373/jalm.2019.029215"
"28549182","Single-provenance mature conifers show higher non-structural carbohydrate storage and reduced growth in a drier location","Piper FI, Fajardo A, Hoch G.","Tree Physiol. 2017 Aug 1;37(8):1001-1010. doi: 10.1093/treephys/tpx061.","Piper FI","Tree Physiol","2017","2017/05/27","","","10.1093/treephys/tpx061"
"18657951","Semantic memory impairment in schizophrenia--deficit in storage or access of knowledge?","Doughty OJ, Done DJ, Lawrence VA, Al-Mousawi A, Ashaye K.","Schizophr Res. 2008 Oct;105(1-3):40-8. doi: 10.1016/j.schres.2008.04.039. Epub 2008 Jul 26.","Doughty OJ","Schizophr Res","2008","2008/07/29","","","10.1016/j.schres.2008.04.039"
"35602618","Construction of a Public Service Cloud Platform for Disabled People Based on the Big Data Management Model of the Internet of Things","Liu X, Chang G.","Comput Intell Neurosci. 2022 May 11;2022:3153454. doi: 10.1155/2022/3153454. eCollection 2022.","Liu X","Comput Intell Neurosci","2022","2022/05/23","PMC9117066","","10.1155/2022/3153454"
"37960509","OutcropHyBNet: Hybrid Backbone Networks with Data Augmentation for Accurate Stratum Semantic Segmentation of Monocular Outcrop Images in Carbon Capture and Storage Applications","Madokoro H, Sato K, Nix S, Chiyonobu S, Nagayoshi T, Sato K.","Sensors (Basel). 2023 Oct 29;23(21):8809. doi: 10.3390/s23218809.","Madokoro H","Sensors (Basel)","2023","2023/11/14","PMC10650223","","10.3390/s23218809"
"40640156","Random access and semantic search in DNA data storage enabled by Cas9 and machine-guided design","Imburgia C, Organick L, Zhang K, Cardozo N, McBride J, Bee C, Wilde D, Roote G, Jorgensen S, Ward D, Anderson C, Strauss K, Ceze L, Nivala J.","Nat Commun. 2025 Jul 10;16(1):6388. doi: 10.1038/s41467-025-61264-5.","Imburgia C","Nat Commun","2025","2025/07/10","PMC12246221","","10.1038/s41467-025-61264-5"
"35168728","Highly reproducible and sensitive electrochemical biosensor for Chlamydia trachomatis detection based on duplex-specific nuclease-assisted target-responsive DNA hydrogels and bovine serum albumin carrier platform","Cheng L, He Y, Yang Y, Chen J, He H, Liu Y, Lin Z, Hong G.","Anal Chim Acta. 2022 Mar 8;1197:339496. doi: 10.1016/j.aca.2022.339496. Epub 2022 Jan 15.","Cheng L","Anal Chim Acta","2022","2022/02/16","","","10.1016/j.aca.2022.339496"
"32600891","Use of a Secure Web-Based Data Management Platform to Track Resident Operative Performance and Program Educational Quality Over Time","Meholick AL, Jesneck JL, Thanawala RM, Seymour NE.","J Surg Educ. 2020 Nov-Dec;77(6):e187-e195. doi: 10.1016/j.jsurg.2020.05.022. Epub 2020 Jun 26.","Meholick AL","J Surg Educ","2020","2020/07/01","","","10.1016/j.jsurg.2020.05.022"
"24323556","Assessing the quality and reproducibility of a proteomic platform for clinical stroke biomarker discovery","Sideso E, Papadakis M, Wright C, Handa A, Buchan A, Kessler B, Kennedy J.","Transl Stroke Res. 2010 Dec;1(4):304-14. doi: 10.1007/s12975-010-0036-2. Epub 2010 Aug 14.","Sideso E","Transl Stroke Res","2010","2013/12/11","","","10.1007/s12975-010-0036-2"
"16386407","Are semantic deficits in schizophrenia due to problems with access or storage?","Rossell SL, David AS.","Schizophr Res. 2006 Feb 28;82(2-3):121-34. doi: 10.1016/j.schres.2005.11.001. Epub 2005 Dec 28.","Rossell SL","Schizophr Res","2006","2006/01/03","","","10.1016/j.schres.2005.11.001"
"39025562","Edwards curve digital signature algorithm for video integrity verification on blockchain framework","Lawrence L, Shreelekshmi R.","Sci Justice. 2024 Jul;64(4):367-376. doi: 10.1016/j.scijus.2024.04.008. Epub 2024 May 13.","Lawrence L","Sci Justice","2024","2024/07/18","","","10.1016/j.scijus.2024.04.008"
"27245222","ODMedit: uniform semantic annotation for data integration in medicine based on a public metadata repository","Dugas M, Meidt A, Neuhaus P, Storck M, Varghese J.","BMC Med Res Methodol. 2016 Jun 1;16:65. doi: 10.1186/s12874-016-0164-9.","Dugas M","BMC Med Res Methodol","2016","2016/06/02","PMC4888420","","10.1186/s12874-016-0164-9"
"28453684","MAPPI-DAT: data management and analysis for protein-protein interaction data from the high-throughput MAPPIT cell microarray platform","Gupta S, De Puysseleyr V, Van der Heyden J, Maddelein D, Lemmens I, Lievens S, Degroeve S, Tavernier J, Martens L.","Bioinformatics. 2017 May 1;33(9):1424-1425. doi: 10.1093/bioinformatics/btx014.","Gupta S","Bioinformatics","2017","2017/04/29","PMC5408788","","10.1093/bioinformatics/btx014"
"40420483","Vendor-agnostic 3D multiparametric relaxometry improves cross-platform reproducibility","Fujita S, Gagoski B, Nielsen JF, Zaitsev M, Jun Y, Cho J, Yong X, Uhl Q, Xu P, Milshteyn E, Shaik IA, Liu Q, Chen Q, Afacan O, Kirsch JE, Rathi Y, Bilgic B.","Magn Reson Med. 2025 Sep;94(3):937-948. doi: 10.1002/mrm.30566. Epub 2025 May 26.","Fujita S","Magn Reson Med","2025","2025/05/27","PMC12204796","NIHMS2080221","10.1002/mrm.30566"
"40067093","BioArchLinux: community-driven fresh reproducible software repository for life sciences","Zhang G, Ristola P, Su H, Kumar B, Zhang B, Hu Y, Elliot MG, Drobot V, Zhu J, Staal J, Larralde M, Wang S, Yi Y, Yu H.","Bioinformatics. 2025 Mar 4;41(3):btaf106. doi: 10.1093/bioinformatics/btaf106.","Zhang G","Bioinformatics","2025","2025/03/11","PMC11925497","","10.1093/bioinformatics/btaf106"
"29099874","Performance verification of the new fully automated Aquios flow cytometer PanLeucogate (PLG) platform for CD4-T-lymphocyte enumeration in South Africa","Coetzee LM, Glencross DK.","PLoS One. 2017 Nov 3;12(11):e0187456. doi: 10.1371/journal.pone.0187456. eCollection 2017.","Coetzee LM","PLoS One","2017","2017/11/04","PMC5669480","","10.1371/journal.pone.0187456"
"2513293","Verification of electron beam therapy with conventional and storage phosphor images: preliminary experience","Gur D, Weiser JC, Deutsch M, Fuhrman CR, Gennari RC, Rosenthal MS.","Int J Radiat Oncol Biol Phys. 1989 Dec;17(6):1337-40. doi: 10.1016/0360-3016(89)90546-4.","Gur D","Int J Radiat Oncol Biol Phys","1989","1989/12/01","","","10.1016/0360-3016(89)90546-4"
"18483570","The generation challenge programme platform: semantic standards and workbench for crop science","Bruskiewich R, Senger M, Davenport G, Ruiz M, Rouard M, Hazekamp T, Takeya M, Doi K, Satoh K, Costa M, Simon R, Balaji J, Akintunde A, Mauleon R, Wanchana S, Shah T, Anacleto M, Portugal A, Ulat VJ, Thongjuea S, Braak K, Ritter S, Dereeper A, Skofic M, Rojas E, Martins N, Pappas G, Alamban R, Almodiel R, Barboza LH, Detras J, Manansala K, Mendoza MJ, Morales J, Peralta B, Valerio R, Zhang Y, Gregorio S, Hermocilla J, Echavez M, Yap JM, Farmer A, Schiltz G, Lee J, Casstevens T, Jaiswal P, Meintjes A, Wilkinson M, Good B, Wagner J, Morris J, Marshall D, Collins A, Kikuchi S, Metz T, McLaren G, van Hintum T.","Int J Plant Genomics. 2008;2008:369601. doi: 10.1155/2008/369601.","Bruskiewich R","Int J Plant Genomics","2008","2008/05/17","PMC2375972","","10.1155/2008/369601"
"18266019","The semantic extension and storage of EECP Hemodynamic Waveforms based on DICOM Standard","Xie S, Yu D, Wei X, Wang K.","Med Biol Eng Comput. 2008 Apr;46(4):391-7. doi: 10.1007/s11517-008-0308-0. Epub 2008 Feb 12.","Xie S","Med Biol Eng Comput","2008","2008/02/13","","","10.1007/s11517-008-0308-0"
"31599058","PhyloSuite: An integrated and scalable desktop platform for streamlined molecular sequence data management and evolutionary phylogenetics studies","Zhang D, Gao F, Jakovlić I, Zou H, Zhang J, Li WX, Wang GT.","Mol Ecol Resour. 2020 Jan;20(1):348-355. doi: 10.1111/1755-0998.13096. Epub 2019 Nov 6.","Zhang D","Mol Ecol Resour","2020","2019/10/11","","","10.1111/1755-0998.13096"
"40470341","How can we make GPS tracking studies more open, reproducible, and collaborative? A vision for the OpenGPS platform","Malekzadeh M, Ha HJ, Sila-Nowicka K, Brum-Bastos V, Lee J, Demšar U, Long JA.","Data Brief. 2025 May 2;60:111603. doi: 10.1016/j.dib.2025.111603. eCollection 2025 Jun.","Malekzadeh M","Data Brief","2025","2025/06/05","PMC12136898","","10.1016/j.dib.2025.111603"
"18411223","Dynameomics: design of a computational lab workflow and scientific data repository for protein simulations","Simms AM, Toofanny RD, Kehl C, Benson NC, Daggett V.","Protein Eng Des Sel. 2008 Jun;21(6):369-77. doi: 10.1093/protein/gzn012. Epub 2008 Apr 14.","Simms AM","Protein Eng Des Sel","2008","2008/04/16","","","10.1093/protein/gzn012"
"20827731","Integrated data management and validation platform for phosphorylated tandem mass spectrometry data","Lahesmaa-Korpinen AM, Carlson SM, White FM, Hautaniemi S.","Proteomics. 2010 Oct;10(19):3515-24. doi: 10.1002/pmic.200900727.","Lahesmaa-Korpinen AM","Proteomics","2010","2010/09/10","PMC3017393","NIHMS259961","10.1002/pmic.200900727"
"40282806","Food Safety Distribution Systems Using Private Blockchain: Ensuring Traceability and Data Integrity Verification","Oh SE, Kim JH, Kim JY, Ahn JH.","Foods. 2025 Apr 18;14(8):1405. doi: 10.3390/foods14081405.","Oh SE","Foods","2025","2025/04/26","PMC12027158","","10.3390/foods14081405"
"41453979","Semantic decentralized authentication for IoT-based e-learning using Hedera Hashgraph and Knowledge Graphs","Luo L, Zhang Y, Tang Q.","Sci Rep. 2025 Dec 26;16(1):3225. doi: 10.1038/s41598-025-33206-0.","Luo L","Sci Rep","2025","2025/12/26","PMC12830672","","10.1038/s41598-025-33206-0"
"39821806","Reproducible, Scale-Up Production of Human Liver Organoids (HLOs) on a Pillar Plate Platform via Microarray 3D Bioprinting","Shrestha S, Vanga MG, Jonnadula C, Acharya P, Lee M, Lee MY.","Methods Mol Biol. 2025 Jan 17. doi: 10.1007/7651_2024_603. Online ahead of print.","Shrestha S","Methods Mol Biol","2025","2025/01/17","","","10.1007/7651_2024_603"
"39316901","Dual-functional probe-based multi-signal immunosensor platform for tropane alkaloids: Verification and evaluation","Wang Z, Han K, Feng Z, Sun B, Zhang S, Wang S, Jiang H.","Food Chem. 2025 Jan 15;463(Pt 3):141298. doi: 10.1016/j.foodchem.2024.141298. Epub 2024 Sep 17.","Wang Z","Food Chem","2025","2024/09/24","","","10.1016/j.foodchem.2024.141298"
"21431541","A technical platform for generating reproducible expression data from Streptomyces coelicolor batch cultivations","Battke F, Herbig A, Wentzel A, Jakobsen OM, Bonin M, Hodgson DA, Wohlleben W, Ellingsen TE; STREAM Consortium; Nieselt K.","Adv Exp Med Biol. 2011;696:3-15. doi: 10.1007/978-1-4419-7046-6_1.","Battke F","Adv Exp Med Biol","2011","2011/03/25","","","10.1007/978-1-4419-7046-6_1"
"41548944","Reproducible and Efficient Phenotyping for Cell Therapy Manufacturing Using the Accellix Automated Flow Cytometer Platform","Van Vloten J, Yoo S, Sandhu G, Teschner L, Nguyen D, Mali R, Than E, Rill D, Ayers C, Montero Julian FA.","PDA J Pharm Sci Technol. 2026 Feb 28;80(1):77-90. doi: 10.5731/pdajpst.2025-000035.1.","Van Vloten J","PDA J Pharm Sci Technol","2026","2026/01/18","","","10.5731/pdajpst.2025-000035.1"
"40124712","The BioGenome Portal: a web-based platform for biodiversity genomics data management","Righi E, Guigó R.","NAR Genom Bioinform. 2025 Mar 22;7(1):lqaf020. doi: 10.1093/nargab/lqaf020. eCollection 2025 Mar.","Righi E","NAR Genom Bioinform","2025","2025/03/24","PMC11928930","","10.1093/nargab/lqaf020"
"29896896","Technical Note: Extension of CERR for computational radiomics: A comprehensive MATLAB platform for reproducible radiomics research","Apte AP, Iyer A, Crispin-Ortuzar M, Pandya R, van Dijk LV, Spezi E, Thor M, Um H, Veeraraghavan H, Oh JH, Shukla-Dave A, Deasy JO.","Med Phys. 2018 Jun 13:10.1002/mp.13046. doi: 10.1002/mp.13046. Online ahead of print.","Apte AP","Med Phys","2018","2018/06/14","PMC6597320","NIHMS975498","10.1002/mp.13046"
"39583833","Transforming agri-food value chains in Bangladesh: A practical application of blockchain for traceability and fair pricing","Rashid MRA, Hasan M, Islam MA, Tasnim ST, Taifa RJ, Mahbub S, Mansoor N, Ali MS, Jabid T, Islam M, Islam MM.","Heliyon. 2024 Nov 2;10(21):e40091. doi: 10.1016/j.heliyon.2024.e40091. eCollection 2024 Nov 15.","Rashid MRA","Heliyon","2024","2024/11/25","PMC11582413","","10.1016/j.heliyon.2024.e40091"
"23865070","Reproducibility of NMR analysis of urine samples: impact of sample preparation, storage conditions, and animal health status","Schreier C, Kremer W, Huber F, Neumann S, Pagel P, Lienemann K, Pestel S.","Biomed Res Int. 2013;2013:878374. doi: 10.1155/2013/878374. Epub 2013 Jun 23.","Schreier C","Biomed Res Int","2013","2013/07/19","PMC3705931","","10.1155/2013/878374"
"21038279","Gradients of semantic relatedness and their contrasting explanations in refractory access and storage semantic impairments","Crutch SJ, Warrington EK.","Cogn Neuropsychol. 2005 Oct;22(7):851-76. doi: 10.1080/02643290442000374.","Crutch SJ","Cogn Neuropsychol","2005","2010/11/02","","","10.1080/02643290442000374"
"25572659","Real-time GIS data model and sensor web service platform for environmental data management","Gong J, Geng J, Chen Z.","Int J Health Geogr. 2015 Jan 9;14:2. doi: 10.1186/1476-072X-14-2.","Gong J","Int J Health Geogr","2015","2015/01/10","PMC4298078","","10.1186/1476-072X-14-2"
"25812275","Online electronic data capture and research data repository system for clinical and translational research","Mosa AS, Yoo I, Parker JC.","Mo Med. 2015 Jan-Feb;112(1):46-52.","Mosa AS","Mo Med","2015","2015/03/28","PMC6170092","",""
"35019338","Reproducible and Characterized Method for Ponatinib Encapsulation into Biomimetic Lipid Nanoparticles as a Platform for Multi-Tyrosine Kinase-Targeted Therapy","Zinger A, Baudo G, Naoi T, Giordano F, Lenna S, Massaro M, Ewing A, Kim HR, Tasciotti E, Yustein JT, Taraballi F.","ACS Appl Bio Mater. 2020 Oct 19;3(10):6737-6745. doi: 10.1021/acsabm.0c00685. Epub 2020 Sep 2.","Zinger A","ACS Appl Bio Mater","2020","2022/01/12","","","10.1021/acsabm.0c00685"
"7600056","Decentralized data management in nutritional surveillance for timely warning and intervention","Mulder-Sibanda M, Chowdhury RI.","Disasters. 1995 Jun;19(2):140-7. doi: 10.1111/j.1467-7717.1995.tb00364.x.","Mulder-Sibanda M","Disasters","1995","1995/06/01","","","10.1111/j.1467-7717.1995.tb00364.x"
"28541350","Ultrasensitive and reproducible SERS platform of coupled Ag grating with multibranched Au nanoparticles","Kalachyova Y, Mares D, Jerabek V, Ulbrich P, Lapcak L, Svorcik V, Lyutakov O.","Phys Chem Chem Phys. 2017 Jun 7;19(22):14761-14769. doi: 10.1039/c7cp01828b.","Kalachyova Y","Phys Chem Chem Phys","2017","2017/05/26","","","10.1039/c7cp01828b"
"31287543","Semalytics: a semantic analytics platform for the exploration of distributed and heterogeneous cancer data in translational research","Mignone A, Grand A, Fiori A, Medico E, Bertotti A.","Database (Oxford). 2019 Jan 1;2019:baz080. doi: 10.1093/database/baz080.","Mignone A","Database (Oxford)","2019","2019/07/10","PMC6615453","","10.1093/database/baz080"
"32795433","Reproducibility of Non-Invasive Endothelial Cell Loss Assessment of the Pre-Stripped DMEK Roll After Preparation and Storage","Safi T, Seitz B, Berg K, Schulz K, Langenbucher A, Daas L.","Am J Ophthalmol. 2021 Jan;221:17-26. doi: 10.1016/j.ajo.2020.08.001. Epub 2020 Aug 11.","Safi T","Am J Ophthalmol","2021","2020/08/16","","","10.1016/j.ajo.2020.08.001"
"18932094","Comparison of the reproducibility of storage phosphor and film bitewings for assessment of alveolar bone loss","Henriksson CH, Stermer EM, Aass AM, Sandvik L, Møystad A.","Acta Odontol Scand. 2008;66(6):380-4. doi: 10.1080/00016350802438086.","Henriksson CH","Acta Odontol Scand","2008","2008/10/22","","","10.1080/00016350802438086"
"40370711","Open science and phenotyping in UK administrative health, education and social care data: the ECHILD phenotype code list repository","Jay MA, Lewis K, Shi D, Langella R, Stone T, Chobhthaigh SN, Zylbersztejn A, Blackburn R, Harron K.","Int J Popul Data Sci. 2025 May 13;10(2):2943. doi: 10.23889/ijpds.v10i2.2943. eCollection 2025.","Jay MA","Int J Popul Data Sci","2025","2025/05/15","PMC12076273","","10.23889/ijpds.v10i2.2943"
"34827428","Verification of Blood-Brain Barrier Disruption Based on the Clinical Validation Platform Using a Rat Model with Human Skull","Park CY, Seo H, Lee EH, Han M, Choi H, Park KS, Yoon SY, Chang SH, Park J.","Brain Sci. 2021 Oct 28;11(11):1429. doi: 10.3390/brainsci11111429.","Park CY","Brain Sci","2021","2021/11/27","PMC8615862","","10.3390/brainsci11111429"
"36364543","Reproducible Non-Volatile Multi-State Storage and Emulation of Synaptic Plasticity Based on a Copper-Nanoparticle-Embedded HfO(x)/ZnO Bilayer with Ultralow-Switching Current and Ideal Data Retention","Chen S, Chen H, Lai Y.","Nanomaterials (Basel). 2022 Oct 26;12(21):3769. doi: 10.3390/nano12213769.","Chen S","Nanomaterials (Basel)","2022","2022/11/11","PMC9656838","","10.3390/nano12213769"
"31134468","UNRAVEL: big data analytics research data platform to improve care of patients with cardiomyopathies using routine electronic health records and standardised biobanking","Sammani A, Jansen M, Linschoten M, Bagheri A, de Jonge N, Kirkels H, van Laake LW, Vink A, van Tintelen JP, Dooijes D, Te Riele ASJM, Harakalova M, Baas AF, Asselbergs FW.","Neth Heart J. 2019 Sep;27(9):426-434. doi: 10.1007/s12471-019-1288-4.","Sammani A","Neth Heart J","2019","2019/05/29","PMC6712144","","10.1007/s12471-019-1288-4"
"33993254","Automated production of research data marts from a canonical fast healthcare interoperability resource data repository: applications to COVID-19 research","Lenert LA, Ilatovskiy AV, Agnew J, Rudisill P, Jacobs J, Weatherston D, Deans KR Jr.","J Am Med Inform Assoc. 2021 Jul 30;28(8):1605-1611. doi: 10.1093/jamia/ocab108.","Lenert LA","J Am Med Inform Assoc","2021","2021/05/16","PMC8243354","","10.1093/jamia/ocab108"
"41296167","A systematic study on blockchain technology for genomic data management in healthcare: approaches, challenges, and research opportunities","Arya A, Malik A.","Med Biol Eng Comput. 2026 Feb;64(2):401-418. doi: 10.1007/s11517-025-03480-1. Epub 2025 Nov 26.","Arya A","Med Biol Eng Comput","2026","2025/11/26","","","10.1007/s11517-025-03480-1"
"31556780","Automating Complex, Multistep Processes on a Single Robotic Platform to Generate Reproducible Phosphoproteomic Data","Mullis BT, Hwang S, Lee LA, Iliuk A, Woolsey R, Quilici D, Wang Q.","SLAS Discov. 2020 Mar;25(3):277-286. doi: 10.1177/2472555219878152. Epub 2019 Sep 26.","Mullis BT","SLAS Discov","2020","2019/09/27","","","10.1177/2472555219878152"
"34697315","Physiologic biomechanics enhance reproducible contractile development in a stem cell derived cardiac muscle platform","Tsan YC, DePalma SJ, Zhao YT, Capilnasiu A, Wu YW, Elder B, Panse I, Ufford K, Matera DL, Friedline S, O'Leary TS, Wubshet N, Ho KKY, Previs MJ, Nordsletten D, Isom LL, Baker BM, Liu AP, Helms AS.","Nat Commun. 2021 Oct 25;12(1):6167. doi: 10.1038/s41467-021-26496-1.","Tsan YC","Nat Commun","2021","2021/10/26","PMC8546060","","10.1038/s41467-021-26496-1"
"28190948","MOLNs: A CLOUD PLATFORM FOR INTERACTIVE, REPRODUCIBLE, AND SCALABLE SPATIAL STOCHASTIC COMPUTATIONAL EXPERIMENTS IN SYSTEMS BIOLOGY USING PyURDME","Drawert B, Trogdon M, Toor S, Petzold L, Hellander A.","SIAM J Sci Comput. 2016;38(3):C179-C202. doi: 10.1137/15M1014784. Epub 2016 Jun 1.","Drawert B","SIAM J Sci Comput","2016","2017/02/14","PMC5302863","NIHMS844899","10.1137/15M1014784"
"34338058","Fast MCsquare-Based Independent Dose Verification Platform for Pencil Beam Scanning Proton Therapy","Liu C, Ho MW, Park J, Hsi WC, Liang X, Li Z, Song Y, Feng H, Zhang Y.","Technol Cancer Res Treat. 2021 Jan-Dec;20:15330338211033076. doi: 10.1177/15330338211033076.","Liu C","Technol Cancer Res Treat","2021","2021/08/02","PMC8326813","","10.1177/15330338211033076"
"28912709","Extending XNAT Platform with an Incremental Semantic Framework","Timón S, Rincón M, Martínez-Tomás R.","Front Neuroinform. 2017 Aug 31;11:57. doi: 10.3389/fninf.2017.00057. eCollection 2017.","Timón S","Front Neuroinform","2017","2017/09/16","PMC5583223","","10.3389/fninf.2017.00057"
"33974367","Electronic Health Records As a Platform for Audiological Research: Data Validity, Patient Characteristics, and Hearing-Aid Use Persistence Among 731,213 U.S. Veterans","Saunders GH, Dillard LK, Zobay O, Cannon JB, Naylor G.","Ear Hear. 2021 July/Aug;42(4):927-940. doi: 10.1097/AUD.0000000000000980.","Saunders GH","Ear Hear","2021","2021/05/11","PMC8221720","","10.1097/AUD.0000000000000980"
"9699411","Reproducibility of cephalometric landmarks on conventional film, hardcopy, and monitor-displayed images obtained by the storage phosphor technique","Geelen W, Wenzel A, Gotfredsen E, Kruger M, Hansson LG.","Eur J Orthod. 1998 Jun;20(3):331-40. doi: 10.1093/ejo/20.3.331.","Geelen W","Eur J Orthod","1998","1998/08/12","","","10.1093/ejo/20.3.331"
"32669600","Automated pencil electrode formation platform to realize uniform and reproducible graphite electrodes on paper for microfluidic fuel cells","Rao LT, Rewatkar P, Dubey SK, Javed A, Goel S.","Sci Rep. 2020 Jul 15;10(1):11675. doi: 10.1038/s41598-020-68579-x.","Rao LT","Sci Rep","2020","2020/07/17","PMC7363794","","10.1038/s41598-020-68579-x"
"27347965","Semantic Registration and Discovery System of Subsystems and Services within an Interoperable Coordination Platform in Smart Cities","Rubio G, Martínez JF, Gómez D, Li X.","Sensors (Basel). 2016 Jun 24;16(7):955. doi: 10.3390/s16070955.","Rubio G","Sensors (Basel)","2016","2016/06/28","PMC4970009","","10.3390/s16070955"
"2107561","Verification of electron beam therapy with storage phosphor images: precision of field placement","Weiser JC, Gur D, Cano ER, Deutsch M, Wu A, Mogus RM.","Radiology. 1990 Apr;175(1):257-9. doi: 10.1148/radiology.175.1.2107561.","Weiser JC","Radiology","1990","1990/04/01","","","10.1148/radiology.175.1.2107561"
"32810171","The semantic storage loss score: An Algorithm for measuring an individual's level of semantic storage loss due to temporal lobe damage in neurodegenerative disease","Roncero C, Nikelski J, Probst S, Fernandez A, Thiel A, Chertkow H.","PLoS One. 2020 Aug 18;15(8):e0235810. doi: 10.1371/journal.pone.0235810. eCollection 2020.","Roncero C","PLoS One","2020","2020/08/19","PMC7433857","","10.1371/journal.pone.0235810"
"27071328","Single nanowire on graphene (SNOG) as an efficient, reproducible, and stable SERS-active platform","Kim H, Seol ML, Lee DI, Lee J, Kang IS, Lee H, Kang T, Choi YK, Kim B.","Nanoscale. 2016 Apr 28;8(16):8878-86. doi: 10.1039/c6nr00092d.","Kim H","Nanoscale","2016","2016/04/14","","","10.1039/c6nr00092d"
"41006391","An open source platform to automate the design, verification, and manufacture of 3D printed microfluidic devices","Goenner B, Temple S, Zapata S, Wakeham D, Snelgrove A, Gaillardon PE, Nordin GP, Gale BK.","Sci Rep. 2025 Sep 26;15(1):33077. doi: 10.1038/s41598-025-15976-9.","Goenner B","Sci Rep","2025","2025/09/26","PMC12475089","","10.1038/s41598-025-15976-9"
"31712118","Circulating Sex Steroid Measurements of Men by Mass Spectrometry Are Highly Reproducible after Prolonged Frozen Storage","Handelsman DJ, Desai R, Seibel MJ, Le Couteur DG, Cumming RG.","J Steroid Biochem Mol Biol. 2020 Mar;197:105528. doi: 10.1016/j.jsbmb.2019.105528. Epub 2019 Nov 9.","Handelsman DJ","J Steroid Biochem Mol Biol","2020","2019/11/13","","","10.1016/j.jsbmb.2019.105528"
"17614331","Storage and growth of denitrifiers in aerobic granules: part II. model calibration and verification","Ni BJ, Yu HQ, Xie WM.","Biotechnol Bioeng. 2008 Feb 1;99(2):324-32. doi: 10.1002/bit.21554.","Ni BJ","Biotechnol Bioeng","2008","2007/07/07","","","10.1002/bit.21554"
"41270546","PanGeneWhale - A dockerized Kotlin-based GUI platform for reproducible and user-friendly pangenomic analysis","Gomes Netto WB, Sousa SS, Nakamaru SMB, Philippsen HK, de Castro Silva D, Costa DKD, de Oliveira ACFM, Baraúna RA, das Graças DA, Silva A, de Oliveira Veras AA.","Comput Biol Chem. 2026 Feb;120(Pt 1):108779. doi: 10.1016/j.compbiolchem.2025.108779. Epub 2025 Nov 15.","Gomes Netto WB","Comput Biol Chem","2026","2025/11/21","","","10.1016/j.compbiolchem.2025.108779"
"18941902","VSDMIP: virtual screening data management on an integrated platform","Gil-Redondo R, Estrada J, Morreale A, Herranz F, Sancho J, Ortiz AR.","J Comput Aided Mol Des. 2009 Mar;23(3):171-84. doi: 10.1007/s10822-008-9249-9. Epub 2008 Oct 22.","Gil-Redondo R","J Comput Aided Mol Des","2009","2008/10/23","","","10.1007/s10822-008-9249-9"
"22971087","Miniaturized and automated high-throughput verification of proteins in the ISET platform with MALDI MS","Adler B, Boström T, Ekström S, Hober S, Laurell T.","Anal Chem. 2012 Oct 16;84(20):8663-9. doi: 10.1021/ac3017983. Epub 2012 Sep 24.","Adler B","Anal Chem","2012","2012/09/14","","","10.1021/ac3017983"
"17610283","Reader and platform reproducibility for quantitative assessment of carotid atherosclerotic plaque using 1.5T Siemens, Philips, and General Electric scanners","Saam T, Hatsukami TS, Yarnykh VL, Hayes CE, Underhill H, Chu B, Takaya N, Cai J, Kerwin WS, Xu D, Polissar NL, Neradilek B, Hamar WK, Maki J, Shaw DW, Buck RJ, Wyman B, Yuan C.","J Magn Reson Imaging. 2007 Aug;26(2):344-52. doi: 10.1002/jmri.21004.","Saam T","J Magn Reson Imaging","2007","2007/07/05","","","10.1002/jmri.21004"
"19473485","Reproducibility of wrist home blood pressure measurement with position sensor and automatic data storage","Uen S, Fimmers R, Brieger M, Nickenig G, Mengden T.","BMC Cardiovasc Disord. 2009 May 27;9:20. doi: 10.1186/1471-2261-9-20.","Uen S","BMC Cardiovasc Disord","2009","2009/05/29","PMC2693493","","10.1186/1471-2261-9-20"
"33459865","Carbon allocation to growth and storage depends on elevation provenance in an herbaceous alpine plant of Mediterranean climate","Reyes-Bahamonde C, Piper FI, Cavieres LA.","Oecologia. 2021 Feb;195(2):299-312. doi: 10.1007/s00442-020-04839-x. Epub 2021 Jan 18.","Reyes-Bahamonde C","Oecologia","2021","2021/01/18","","","10.1007/s00442-020-04839-x"
"41411291","OpenIDS2: A low-cost, 3D-printed, open-source platform for reproducible construction of DNA microarray synthesizers","Kim J, Kim H, Bang D.","PLoS One. 2025 Dec 18;20(12):e0338478. doi: 10.1371/journal.pone.0338478. eCollection 2025.","Kim J","PLoS One","2025","2025/12/18","PMC12714190","","10.1371/journal.pone.0338478"
"31341559","Reproducible Large-Scale Synthesis of Surface Silanized Nanoparticles as an Enabling Nanoproteomics Platform: Enrichment of the Human Heart Phosphoproteome","Roberts DS, Chen B, Tiambeng TN, Wu Z, Ge Y, Jin S.","Nano Res. 2019 Jun;12(6):1473-1481. doi: 10.1007/s12274-019-2418-4. Epub 2019 May 29.","Roberts DS","Nano Res","2019","2019/07/26","PMC6656398","NIHMS1034978","10.1007/s12274-019-2418-4"
"16520912","Portal verification using the KODAK ACR 2000 RT storage phosphor plate system and EC films. A semiquantitative comparison","Geyer P, Blank H, Alheit H.","Strahlenther Onkol. 2006 Mar;182(3):172-8. doi: 10.1007/s00066-006-1476-1.","Geyer P","Strahlenther Onkol","2006","2006/03/08","","","10.1007/s00066-006-1476-1"
"29664282","Highly Sensitive and Reproducible SERS Sensor for Biological pH Detection Based on a Uniform Gold Nanorod Array Platform","Bi L, Wang Y, Yang Y, Li Y, Mo S, Zheng Q, Chen L.","ACS Appl Mater Interfaces. 2018 May 9;10(18):15381-15387. doi: 10.1021/acsami.7b19347. Epub 2018 Apr 25.","Bi L","ACS Appl Mater Interfaces","2018","2018/04/18","","","10.1021/acsami.7b19347"
"10717198","Image Storage Requirements for Treatment Planning and Verification","Shalev S.","Semin Radiat Oncol. 1997 Jan;7(1):67-75. doi: 10.1053/SRAO00700067.","Shalev S","Semin Radiat Oncol","1997","1997/01/01","","","10.1053/SRAO00700067"
"34679857","Sperm Repository for a Breeding Program of the Eastern Oyster Crassostrea virginica: Sample Collection, Processing, Cryopreservation, and Data Management Plan","Yang H, Huo Y, Yee JC, Rikard S, Walton WC, Saillant E.","Animals (Basel). 2021 Sep 28;11(10):2836. doi: 10.3390/ani11102836.","Yang H","Animals (Basel)","2021","2021/10/23","PMC8532978","","10.3390/ani11102836"
"28757407","Interpregnancy Interval and Congenital Anomalies: A Record-Linkage Study Using the Manitoba Population Research Data Repository","Coo H, Brownell MD, Ruth C, Flavin M, Au W, Day AG.","J Obstet Gynaecol Can. 2017 Nov;39(11):996-1007. doi: 10.1016/j.jogc.2017.04.039. Epub 2017 Jul 28.","Coo H","J Obstet Gynaecol Can","2017","2017/08/01","","","10.1016/j.jogc.2017.04.039"
"33758877","Automated Production of Research Data Marts from a Canonical Fast Healthcare Interoperability Resource (FHIR) Data Repository: Applications to COVID-19 Research","Lenert LA, Ilatovskiy AV, Agnew J, Rudsill P, Jacobs J, Weatherston D, Deans K.","medRxiv [Preprint]. 2021 Mar 12:2021.03.11.21253384. doi: 10.1101/2021.03.11.21253384.","Lenert LA","medRxiv","2021","2021/03/24","PMC7987036","","10.1101/2021.03.11.21253384"
"39821810","Reproducible, Scale-Up Production of Human Brain Organoids (HBOs) on a Pillar Plate Platform via Spheroid Transfer","Joshi P, Acharya P, Zolfaghar M, Vanga MG, Shrestha S, Lee MY.","Methods Mol Biol. 2025 Jan 17. doi: 10.1007/7651_2024_604. Online ahead of print.","Joshi P","Methods Mol Biol","2025","2025/01/17","","","10.1007/7651_2024_604"
"16384894","Reproducibility and accuracy of measurements of free and total prostate-specific antigen in serum vs plasma after long-term storage at -20 degrees C","Ulmert D, Becker C, Nilsson JA, Piironen T, Björk T, Hugosson J, Berglund G, Lilja H.","Clin Chem. 2006 Feb;52(2):235-9. doi: 10.1373/clinchem.2005.050641. Epub 2005 Dec 29.","Ulmert D","Clin Chem","2006","2005/12/31","","","10.1373/clinchem.2005.050641"
"41213442","Semantic-based audiovisual integration enhances active storage in visual working memory","Zhao S, Hui S, Chen M, Feng C, Zhai M, Feng W.","Neuroimage. 2025 Dec 1;323:121577. doi: 10.1016/j.neuroimage.2025.121577. Epub 2025 Nov 8.","Zhao S","Neuroimage","2025","2025/11/10","","","10.1016/j.neuroimage.2025.121577"
"29790950","The research data management platform (RDMP): A novel, process driven, open-source tool for the management of longitudinal cohorts of clinical data","Nind T, Galloway J, McAllister G, Scobbie D, Bonney W, Hall C, Tramma L, Reel P, Groves M, Appleby P, Doney A, Guthrie B, Jefferson E.","Gigascience. 2018 Jul 1;7(7):giy060. doi: 10.1093/gigascience/giy060.","Nind T","Gigascience","2018","2018/05/24","PMC6041881","","10.1093/gigascience/giy060"
"40968974","A Zero-Knowledge Proof-Enabled Blockchain-Based Academic Record Verification System","Berrios Moya JA, Ayoade J, Uddin MA.","Sensors (Basel). 2025 May 30;25(11):3450. doi: 10.3390/s25113450.","Berrios Moya JA","Sensors (Basel)","2025","2025/09/19","PMC12158337","","10.3390/s25113450"
"24730587","Multicolor fluorescence nanoscopy by photobleaching: concept, verification, and its application to resolve selective storage of proteins in platelets","Rönnlund D, Xu L, Perols A, Gad AK, Eriksson Karlström A, Auer G, Widengren J.","ACS Nano. 2014 May 27;8(5):4358-65. doi: 10.1021/nn406113m. Epub 2014 Apr 24.","Rönnlund D","ACS Nano","2014","2014/04/16","","","10.1021/nn406113m"
"23470715","Differentiated miRNA expression and validation of signaling pathways in apoE gene knockout mice by cross-verification microarray platform","Han H, Wang YH, Qu GJ, Sun TT, Li FQ, Jiang W, Luo SS.","Exp Mol Med. 2013 Mar 8;45(3):e13. doi: 10.1038/emm.2013.31.","Han H","Exp Mol Med","2013","2013/03/09","PMC3641397","","10.1038/emm.2013.31"
"36777051","The Last Mile: DSCSA Solution Through Blockchain Technology: Drug Tracking, Tracing, and Verification at the Last Mile of the Pharmaceutical Supply Chain with BRUINchain","Chien W, de Jesus J, Taylor B, Dods V, Alekseyev L, Shoda D, Shieh PB.","Blockchain Healthc Today. 2020 Mar 23;3. doi: 10.30953/bhty.v3.134. eCollection 2020.","Chien W","Blockchain Healthc Today","2020","2023/02/13","PMC9907423","","10.30953/bhty.v3.134"
"40716656","Reproducibility assessment of magnetic resonance spectroscopy of pregenual anterior cingulate cortex across sessions and vendors via the cloud computing platform CloudBrain-MRS","Chen R, Lin M, Chen J, Lin L, Wang J, Li X, Wang J, Huang X, Qian L, Liu S, Long Y, Guo D, Qu X, Han H.","Neuroimage. 2025 Sep;318:121400. doi: 10.1016/j.neuroimage.2025.121400. Epub 2025 Jul 25.","Chen R","Neuroimage","2025","2025/07/27","","","10.1016/j.neuroimage.2025.121400"
"41487774","Dose-Summation-Guided Re-irradiation Planning for Brain Metastases: Cross-Platform Verification Between Brainlab Elements and GammaPlan","Matsunaga S, Shuto T, Sasame J.","Cureus. 2025 Dec 2;17(12):e98296. doi: 10.7759/cureus.98296. eCollection 2025 Dec.","Matsunaga S","Cureus","2025","2026/01/05","PMC12756902","","10.7759/cureus.98296"
"33593271","MQF and buffered MQF: quotient filters for efficient storage of k-mers with their counts and metadata","Shokrof M, Brown CT, Mansour TA.","BMC Bioinformatics. 2021 Feb 16;22(1):71. doi: 10.1186/s12859-021-03996-x.","Shokrof M","BMC Bioinformatics","2021","2021/02/17","PMC7885209","","10.1186/s12859-021-03996-x"
"23722634","Health care transformation through collaboration on open-source informatics projects: integrating a medical applications platform, research data repository, and patient summarization","Klann JG, McCoy AB, Wright A, Wattanasin N, Sittig DF, Murphy SN.","Interact J Med Res. 2013 May 30;2(1):e11. doi: 10.2196/ijmr.2454.","Klann JG","Interact J Med Res","2013","2013/06/01","PMC3668611","","10.2196/ijmr.2454"
"31819105","Applied Veterinary Informatics: Development of a Semantic and Domain-Specific Method to Construct a Canine Data Repository","Boland MR, Casal ML, Kraus MS, Gelzer AR.","Sci Rep. 2019 Dec 9;9(1):18641. doi: 10.1038/s41598-019-55035-8.","Boland MR","Sci Rep","2019","2019/12/11","PMC6901510","","10.1038/s41598-019-55035-8"
"36690091","U-net-based semantic classification for flood extent extraction using SAR imagery and GEE platform: A case study for 2019 central US flooding","Li Z, Demir I.","Sci Total Environ. 2023 Apr 15;869:161757. doi: 10.1016/j.scitotenv.2023.161757. Epub 2023 Jan 21.","Li Z","Sci Total Environ","2023","2023/01/23","","","10.1016/j.scitotenv.2023.161757"
"40926267","The systematic assessment of completeness of public metadata accompanying omics studies in the Gene Expression Omnibus data repository","Huang YN, Jaiswal PV, Rajes A, Yadav A, Yu D, Liu F, Scheg G, Shih E, Boldirev G, Nakashidze I, Sarkar A, Mehta JH, Wang K, Patel KK, Mirza MAB, Hapani KC, Peng Q, Ayyala R, Guo R, Kapur S, Ramesh T, Ciorbă D, Munteanu V, Bostan V, Dimian M, Abedalthagafi MS, Mangul S.","Genome Biol. 2025 Sep 9;26(1):274. doi: 10.1186/s13059-025-03725-0.","Huang YN","Genome Biol","2025","2025/09/09","PMC12421755","","10.1186/s13059-025-03725-0"
"26467476","Metabolomics Workbench: An international repository for metabolomics data and metadata, metabolite standards, protocols, tutorials and training, and analysis tools","Sud M, Fahy E, Cotter D, Azam K, Vadivelu I, Burant C, Edison A, Fiehn O, Higashi R, Nair KS, Sumner S, Subramaniam S.","Nucleic Acids Res. 2016 Jan 4;44(D1):D463-70. doi: 10.1093/nar/gkv1042. Epub 2015 Oct 13.","Sud M","Nucleic Acids Res","2016","2015/10/16","PMC4702780","","10.1093/nar/gkv1042"
"41032636","The FAIR journey of a patient-driven registry: Reflections and practical solutions from the Duchenne Data Platform FAIRification experience","Lalout N, Wilkinson MD, Wandrei D, Tassoni A, Atalaia A, Prieto M, Camara A, Quemada E, Franken M, Jonker AH, Paliouras G, Siminiuc S, Carta C, Dos Santos Vieira B, Roos M, Kaliyaperumal R, Evangelista T, 't Hoen PAC, Vroom E.","J Neuromuscul Dis. 2025 Oct 1:22143602251382969. doi: 10.1177/22143602251382969. Online ahead of print.","Lalout N","J Neuromuscul Dis","2025","2025/10/01","","","10.1177/22143602251382969"
"40775897","Exploring End-Users' Patient Portal Usage Leveraging a State Fair Platform","Olson C, Thatipelli S, Schneberger P, Lunos S, Boman K, Melton GB, Adam P, Allen M, Rizvi R.","Stud Health Technol Inform. 2025 Aug 7;329:445-449. doi: 10.3233/SHTI250879.","Olson C","Stud Health Technol Inform","2025","2025/08/08","","","10.3233/SHTI250879"
"34174938","Advancing clinical genomics and precision medicine with GVViZ: FAIR bioinformatics platform for variable gene-disease annotation, visualization, and expression analysis","Ahmed Z, Renart EG, Zeeshan S, Dong X.","Hum Genomics. 2021 Jun 26;15(1):37. doi: 10.1186/s40246-021-00336-1.","Ahmed Z","Hum Genomics","2021","2021/06/27","PMC8235866","","10.1186/s40246-021-00336-1"
"18553399","Metabolic capacity estimation of Escherichia coli as a platform for redox biocatalysis: constraint-based modeling and experimental verification","Blank LM, Ebert BE, Bühler B, Schmid A.","Biotechnol Bioeng. 2008 Aug 15;100(6):1050-65. doi: 10.1002/bit.21837.","Blank LM","Biotechnol Bioeng","2008","2008/06/17","","","10.1002/bit.21837"
"41175316","Tubeless Insulin Pump Combined with a Cloud-Based Data Management Platform: Real-World Evidence from 14,765 French People with Diabetes","Jeandidier N, Bagel A, Bonin A, Guigand G, Guerci B.","Diabetes Ther. 2025 Dec;16(12):2293-2310. doi: 10.1007/s13300-025-01814-8. Epub 2025 Nov 1.","Jeandidier N","Diabetes Ther","2025","2025/11/01","PMC12623546","","10.1007/s13300-025-01814-8"
"18720055","DICOM Metadata repository for technical information in digital medical images","Källman HE, Halsius E, Olsson M, Stenström M.","Acta Oncol. 2009;48(2):285-8. doi: 10.1080/02841860802258786.","Källman HE","Acta Oncol","2009","2008/08/23","","","10.1080/02841860802258786"
"34257964","Verification of performance of a direct fluorescent assay for cell-free DNA quantification, stability according to pre-analytical storage conditions, and the effect of freeze-thawing","Kim JJ, Park K, Han YR, Kim SH, Oh SB, Oh SY, Hong YJ, Yun MS.","Biomed Rep. 2021 Aug;15(2):68. doi: 10.3892/br.2021.1444. Epub 2021 Jun 15.","Kim JJ","Biomed Rep","2021","2021/07/14","PMC8243239","","10.3892/br.2021.1444"
"21997892","Verification of DFT-predicted hydrogen storage capacity of VC3H3 complex using molecular dynamics simulations","Wadnerkar N, Kalamse V, Lee SL, Chaudhari A.","J Comput Chem. 2012 Jan 15;33(2):170-4. doi: 10.1002/jcc.21955. Epub 2011 Oct 14.","Wadnerkar N","J Comput Chem","2012","2011/10/15","","","10.1002/jcc.21955"
"32935033","The Concept Dictionary and Glossary at MCHP: Tools and Techniques to Support a Population Research Data Repository","Smith M, Turner K, Bond R, Kawakami T, Roos LL.","Int J Popul Data Sci. 2019 Dec 5;4(1):1124. doi: 10.23889/ijpds.v4i1.1124.","Smith M","Int J Popul Data Sci","2019","2020/09/16","PMC7482512","","10.23889/ijpds.v4i1.1124"
"41536766","Ai-guided vectorization for efficient storage and semantic retrieval of visual data","Harby AA, Zulkernine F, Abdulsalam HM.","Discov Artif Intell. 2026;6(1):16. doi: 10.1007/s44163-025-00713-y. Epub 2025 Dec 5.","Harby AA","Discov Artif Intell","2026","2026/01/15","PMC12795887","","10.1007/s44163-025-00713-y"
"33431029","The ChemicalToolbox: reproducible, user-friendly cheminformatics analysis on the Galaxy platform","Bray SA, Lucas X, Kumar A, Grüning BA.","J Cheminform. 2020 Jun 1;12(1):40. doi: 10.1186/s13321-020-00442-7.","Bray SA","J Cheminform","2020","2021/01/12","PMC7268608","","10.1186/s13321-020-00442-7"
"15161944","Sequence-matched probes produce increased cross-platform consistency and more reproducible biological results in microarray-based gene expression measurements","Mecham BH, Klus GT, Strovel J, Augustus M, Byrne D, Bozso P, Wetmore DZ, Mariani TJ, Kohane IS, Szallasi Z.","Nucleic Acids Res. 2004 May 25;32(9):e74. doi: 10.1093/nar/gnh071.","Mecham BH","Nucleic Acids Res","2004","2004/05/27","PMC419626","","10.1093/nar/gnh071"
"31138292","Changing platforms without stopping the train: experiences of data management and data management systems when adapting platform protocols by adding and closing comparisons","Hague D, Townsend S, Masters L, Rauchenberger M, Van Looy N, Diaz-Montana C, Gannon M, James N, Maughan T, Parmar MKB, Brown L, Sydes MR; STAMPEDE and FOCUS4 investigators.","Trials. 2019 May 29;20(1):294. doi: 10.1186/s13063-019-3322-7.","Hague D","Trials","2019","2019/05/30","PMC6540437","","10.1186/s13063-019-3322-7"
"970128","Polyvinylpyrrolidone-storage disease. Light microscopical, ultrastructural and chemical verification","Reske-Nielsen E, Bojsen-Moller M, Vetner M, Hansen JC.","Acta Pathol Microbiol Scand A. 1976 Sep;84(5):397-405.","Reske-Nielsen E","Acta Pathol Microbiol Scand A","1976","1976/09/01","","",""
"22069738","A public platform for the verification of the phenotypic effect of candidate genes for resistance to aflatoxin accumulation and Aspergillus flavus infection in maize","Warburton ML, Williams WP, Hawkins L, Bridges S, Gresham C, Harper J, Ozkan S, Mylroie JE, Shan X.","Toxins (Basel). 2011 Jul;3(7):754-65. doi: 10.3390/toxins3070754. Epub 2011 Jun 24.","Warburton ML","Toxins (Basel)","2011","2011/11/10","PMC3202859","","10.3390/toxins3070754"
"24785542","A lightweight Web of Things Open Platform to facilitate context data management and personalized healthcare services creation","Corredor I, Metola E, Bernardos AM, Tarrío P, Casar JR.","Int J Environ Res Public Health. 2014 Apr 29;11(5):4676-713. doi: 10.3390/ijerph110504676.","Corredor I","Int J Environ Res Public Health","2014","2014/05/03","PMC4053891","","10.3390/ijerph110504676"
"18005444","Application of a correlation correction factor in a microarray cross-platform reproducibility study","Archer KJ, Dumur CI, Taylor GS, Chaplin MD, Guiseppi-Elie A, Grant G, Ferreira-Gonzalez A, Garrett CT.","BMC Bioinformatics. 2007 Nov 15;8:447. doi: 10.1186/1471-2105-8-447.","Archer KJ","BMC Bioinformatics","2007","2007/11/17","PMC2211756","","10.1186/1471-2105-8-447"
"32503191","FairCs-Blockchain-Based Fair Crowdsensing Scheme using Trusted Execution Environment","Liang Y, Li Y, Shin BS.","Sensors (Basel). 2020 Jun 3;20(11):3172. doi: 10.3390/s20113172.","Liang Y","Sensors (Basel)","2020","2020/06/07","PMC7309114","","10.3390/s20113172"
"28363608","Interpregnancy Interval and Adverse Perinatal Outcomes: A Record-Linkage Study Using the Manitoba Population Research Data Repository","Coo H, Brownell MD, Ruth C, Flavin M, Au W, Day AG.","J Obstet Gynaecol Can. 2017 Jun;39(6):420-433. doi: 10.1016/j.jogc.2017.01.010. Epub 2017 Mar 28.","Coo H","J Obstet Gynaecol Can","2017","2017/04/02","","","10.1016/j.jogc.2017.01.010"
"26785761","Microfluidic platform for reproducible self-assembly of chemically communicating droplet networks with predesigned number and type of the communicating compartments","Guzowski J, Gizynski K, Gorecki J, Garstecki P.","Lab Chip. 2016 Feb 21;16(4):764-72. doi: 10.1039/c5lc01526j. Epub 2016 Jan 20.","Guzowski J","Lab Chip","2016","2016/01/21","","","10.1039/c5lc01526j"
"30055689","Reproducibility of laser in situ keratomileusis flap thickness using a new multifunctional femtosecond laser platform and correlation with clinical preoperative measurements","Colombo-Barboza MN, Colombo-Barboza GN, Colombo-Barboza LR, Matuoka ML, Neto AL, de Freitas D.","J Cataract Refract Surg. 2018 Jul;44(7):811-817. doi: 10.1016/j.jcrs.2018.05.008.","Colombo-Barboza MN","J Cataract Refract Surg","2018","2018/07/30","","","10.1016/j.jcrs.2018.05.008"
"28771471","The Genomic Observatories Metadatabase (GeOMe): A new repository for field and sampling event metadata associated with genetic samples","Deck J, Gaither MR, Ewing R, Bird CE, Davies N, Meyer C, Riginos C, Toonen RJ, Crandall ED.","PLoS Biol. 2017 Aug 3;15(8):e2002925. doi: 10.1371/journal.pbio.2002925. eCollection 2017 Aug.","Deck J","PLoS Biol","2017","2017/08/04","PMC5542426","","10.1371/journal.pbio.2002925"
"24451458","Design and mechanical evaluation of a capacitive sensor-based indexed platform for verification of portable coordinate measuring instruments","Avila AB, Mazo JS, Martín JJ.","Sensors (Basel). 2014 Jan 2;14(1):606-33. doi: 10.3390/s140100606.","Avila AB","Sensors (Basel)","2014","2014/01/24","PMC3926578","","10.3390/s140100606"
"33801598","Assessment of the Exposure to Gradient Magnetic Fields Generated by MRI Tomographs: Measurement Method, Verification of Limits and Clearance Areas through a Web-Based Platform","Di Liberto R, Andreuccetti D, Comelli M, Burriesci G.","Int J Environ Res Public Health. 2021 Mar 27;18(7):3475. doi: 10.3390/ijerph18073475.","Di Liberto R","Int J Environ Res Public Health","2021","2021/04/03","PMC8037291","","10.3390/ijerph18073475"
"23627640","Investigating the concordance of Gene Ontology terms reveals the intra- and inter-platform reproducibility of enrichment analysis","Zhang L, Zhang J, Yang G, Wu D, Jiang L, Wen Z, Li M.","BMC Bioinformatics. 2013 Apr 29;14:143. doi: 10.1186/1471-2105-14-143.","Zhang L","BMC Bioinformatics","2013","2013/05/01","PMC3644270","","10.1186/1471-2105-14-143"
"18655040","Evaluation of confidence and reproducibility in quantitative proteomics performed by a capillary isoelectric focusing-based proteomic platform coupled with a spectral counting approach","Balgley BM, Wang W, Song T, Fang X, Yang L, Lee CS.","Electrophoresis. 2008 Jul;29(14):3047-54. doi: 10.1002/elps.200800050.","Balgley BM","Electrophoresis","2008","2008/07/26","","","10.1002/elps.200800050"
"33150057","Molecular Detection Mapping and Analysis Platform for R (MDMAPR) facilitating the standardization, analysis, visualization, and sharing of qPCR data and metadata","Yu J, Young RG, Deeth LE, Hanner RH.","PeerJ. 2020 Oct 23;8:e9974. doi: 10.7717/peerj.9974. eCollection 2020.","Yu J","PeerJ","2020","2020/11/05","PMC7587055","","10.7717/peerj.9974"
"34419085","WHO/ISUP grading of clear cell renal cell carcinoma and papillary renal cell carcinoma; validation of grading on the digital pathology platform and perspectives on reproducibility of grade","Browning L, Colling R, Verrill C.","Diagn Pathol. 2021 Aug 21;16(1):75. doi: 10.1186/s13000-021-01130-2.","Browning L","Diagn Pathol","2021","2021/08/22","PMC8380382","","10.1186/s13000-021-01130-2"
"32205903","Are we ready to share qualitative research data? Knowledge and preparedness among qualitative researchers, IRB Members, and data repository curators","Mozersky J, Walsh H, Parsons M, McIntosh T, Baldwin K, DuBois JM.","IASSIST Q. 2020 Jan 8;43(4):952. doi: 10.29173/iq952.","Mozersky J","IASSIST Q","2020","2020/03/25","PMC7089584","NIHMS1574365","10.29173/iq952"
"32466209","IoT-Blockchain Enabled Optimized Provenance System for Food Industry 4.0 Using Advanced Deep Learning","Khan PW, Byun YC, Park N.","Sensors (Basel). 2020 May 25;20(10):2990. doi: 10.3390/s20102990.","Khan PW","Sensors (Basel)","2020","2020/05/30","PMC7287702","","10.3390/s20102990"
"21071417","PCDDB: the Protein Circular Dichroism Data Bank, a repository for circular dichroism spectral and metadata","Whitmore L, Woollett B, Miles AJ, Klose DP, Janes RW, Wallace BA.","Nucleic Acids Res. 2011 Jan;39(Database issue):D480-6. doi: 10.1093/nar/gkq1026. Epub 2010 Nov 11.","Whitmore L","Nucleic Acids Res","2011","2010/11/13","PMC3013654","","10.1093/nar/gkq1026"
"25046653","Verification of an immunoturbidimetric assay for heart-type fatty acid-binding protein (H-FABP) on a clinical chemistry platform and establishment of the upper reference limit","Da Molin S, Cappellini F, Falbo R, Signorini S, Brambilla P.","Clin Biochem. 2014 Nov;47(16-17):247-9. doi: 10.1016/j.clinbiochem.2014.07.011. Epub 2014 Jul 18.","Da Molin S","Clin Biochem","2014","2014/07/22","","","10.1016/j.clinbiochem.2014.07.011"
"24117025","Single walled carbon nanotube-metal oxide nanocomposites for reversible and reproducible storage of hydrogen","Silambarasan D, Surya VJ, Vasu V, Iyakutti K.","ACS Appl Mater Interfaces. 2013 Nov 13;5(21):11419-26. doi: 10.1021/am403662t. Epub 2013 Oct 24.","Silambarasan D","ACS Appl Mater Interfaces","2013","2013/10/15","","","10.1021/am403662t"
"24941260","ClinicalCodes: an online clinical codes repository to improve the validity and reproducibility of research using electronic medical records","Springate DA, Kontopantelis E, Ashcroft DM, Olier I, Parisi R, Chamapiwa E, Reeves D.","PLoS One. 2014 Jun 18;9(6):e99825. doi: 10.1371/journal.pone.0099825. eCollection 2014.","Springate DA","PLoS One","2014","2014/06/19","PMC4062485","","10.1371/journal.pone.0099825"
"39992943","Validation and user experience testing of DataCryptChain: An open-source standard combining blockchain technology with asymmetric encryption for private, secure, shareable, and tamper-proof research data","Franc JM.","PLOS Digit Health. 2025 Feb 24;4(2):e0000741. doi: 10.1371/journal.pdig.0000741. eCollection 2025 Feb.","Franc JM","PLOS Digit Health","2025","2025/02/24","PMC11849895","","10.1371/journal.pdig.0000741"
"41786815","Industrial internet data management framework with blockchain integration for data integrity assurance and access control resolution","Han J, Wang B, Han J, Xia T, Wu L, Zhang W, Chen Y, Peng X.","Sci Rep. 2026 Mar 5. doi: 10.1038/s41598-026-41895-4. Online ahead of print.","Han J","Sci Rep","2026","2026/03/05","","","10.1038/s41598-026-41895-4"
"11422005","Mephenytoin as a probe for CYP2C19 phenotyping:effect of sample storage, intra-individual reproducibility and occurrence of adverse events","Tamminga WJ, Wemer J, Oosterhuis B, Wieling J, Touw DJ, de Zeeuw RA, de Leij LF, Jonkman JH.","Br J Clin Pharmacol. 2001 May;51(5):471-4. doi: 10.1046/j.1365-2125.2001.01331.x.","Tamminga WJ","Br J Clin Pharmacol","2001","2001/06/26","PMC2014478","","10.1046/j.1365-2125.2001.01331.x"
"23853332","A system verification platform for high-density epiretinal prostheses","Chen K, Lo YK, Yang Z, Weiland JD, Humayun MS, Liu W.","IEEE Trans Biomed Circuits Syst. 2013 Jun;7(3):326-37. doi: 10.1109/TBCAS.2012.2200103.","Chen K","IEEE Trans Biomed Circuits Syst","2013","2013/07/16","","","10.1109/TBCAS.2012.2200103"
"30402350","BioInstaller: a comprehensive R package to construct interactive and reproducible biological data analysis applications based on the R platform","Li J, Cui B, Dai Y, Bai L, Huang J.","PeerJ. 2018 Oct 31;6:e5853. doi: 10.7717/peerj.5853. eCollection 2018.","Li J","PeerJ","2018","2018/11/08","PMC6215441","","10.7717/peerj.5853"
"31593804","In vitro testing of flash-frozen sublingual membranes for storage and reproducible permeability studies of macromolecular drugs from solution or nanofiber mats","Berka P, Stránská D, Semecký V, Berka K, Doležal P.","Int J Pharm. 2019 Dec 15;572:118711. doi: 10.1016/j.ijpharm.2019.118711. Epub 2019 Oct 5.","Berka P","Int J Pharm","2019","2019/10/09","","","10.1016/j.ijpharm.2019.118711"
"40315243","Using an analogue-digital hybrid clinical data management platform during a two-dose preventive Ebola virus vaccine trial in Goma, the Democratic Republic of the Congo","Brindle HE, Tetsa-Tata D, Edwards T, Choi EM, Kasonia K, Aboubacar S, Mambula G, Kavunga-Membo H, Grais R, Johnson J, Bausch DG, Muyembe-Tamfum JJ, Ama IS, Lees S, Watson-Jones D, Camacho A, Roberts CH.","PLOS Glob Public Health. 2025 May 2;5(5):e0004487. doi: 10.1371/journal.pgph.0004487. eCollection 2025.","Brindle HE","PLOS Glob Public Health","2025","2025/05/02","PMC12047755","","10.1371/journal.pgph.0004487"
"15613711","Evaluation of serum protein profiling by surface-enhanced laser desorption/ionization time-of-flight mass spectrometry for the detection of prostate cancer: I. Assessment of platform reproducibility","Semmes OJ, Feng Z, Adam BL, Banez LL, Bigbee WL, Campos D, Cazares LH, Chan DW, Grizzle WE, Izbicka E, Kagan J, Malik G, McLerran D, Moul JW, Partin A, Prasanna P, Rosenzweig J, Sokoll LJ, Srivastava S, Srivastava S, Thompson I, Welsh MJ, White N, Winget M, Yasui Y, Zhang Z, Zhu L.","Clin Chem. 2005 Jan;51(1):102-12. doi: 10.1373/clinchem.2004.038950.","Semmes OJ","Clin Chem","2005","2004/12/23","","","10.1373/clinchem.2004.038950"
"19878556","Whole-body isometric force/torque measurements for functional assessment in neuro-rehabilitation: platform design, development and verification","Mazzoleni S, Toth A, Munih M, Van Vaerenbergh J, Cavallo G, Micera S, Dario P, Guglielmelli E.","J Neuroeng Rehabil. 2009 Oct 30;6:38. doi: 10.1186/1743-0003-6-38.","Mazzoleni S","J Neuroeng Rehabil","2009","2009/11/03","PMC2775745","","10.1186/1743-0003-6-38"
"41840729","Microbiome Datahub: an open-access platform integrating environmental metadata, taxonomy, and functional annotation for comprehensive metagenome-assembled genome datasets","Mori H, Fujisawa T, Higashi K, Tanizawa Y, Nakagawa Z, Nishide H, Fujiyoshi M, Nakamura Y, Uchiyama I, Matsui M, Yamada T.","Microbiome. 2026 Mar 16. doi: 10.1186/s40168-026-02385-x. Online ahead of print.","Mori H","Microbiome","2026","2026/03/17","","","10.1186/s40168-026-02385-x"
"9055272","Differentiating the roles of the hippocampal complex and the neocortex in long-term memory storage: evidence from the study of semantic dementia and Alzheimer's disease","Graham KS, Hodges JR.","Neuropsychology. 1997 Jan;11(1):77-89. doi: 10.1037//0894-4105.11.1.77.","Graham KS","Neuropsychology","1997","1997/01/01","","","10.1037//0894-4105.11.1.77"
"27343603","Target induced interfacial self-assembly of nanoparticles: A new platform for reproducible quantification of copper ions","Yan L, Zhang K, Xu H, Ji J, Wang Y, Liu B, Yang P.","Talanta. 2016 Sep 1;158:254-261. doi: 10.1016/j.talanta.2016.05.054. Epub 2016 May 19.","Yan L","Talanta","2016","2016/06/26","","","10.1016/j.talanta.2016.05.054"
"29068457","A silver nanoislands on silica spheres platform: enriching trace amounts of analytes for ultrasensitive and reproducible SERS detection","Wang Z, Feng L, Xiao D, Li N, Li Y, Cao D, Shi Z, Cui Z, Lu N.","Nanoscale. 2017 Nov 9;9(43):16749-16754. doi: 10.1039/c7nr06987a.","Wang Z","Nanoscale","2017","2017/10/26","","","10.1039/c7nr06987a"
"31008162","FASSEG: A FAce semantic SEGmentation repository for face image analysis","Benini S, Khan K, Leonardi R, Mauro M, Migliorati P.","Data Brief. 2019 Mar 29;24:103881. doi: 10.1016/j.dib.2019.103881. eCollection 2019 Jun.","Benini S","Data Brief","2019","2019/04/23","PMC6454221","","10.1016/j.dib.2019.103881"
"10208732","The reproducibility of scrapie-associated fibril and PrPSc detection methods after long-term cold storage of natural ovine scrapie-affected brain tissue","Cooley WA, Davis LA, Keyes P, Stack MJ.","J Comp Pathol. 1999 May;120(4):357-68. doi: 10.1053/jcpa.1998.0284.","Cooley WA","J Comp Pathol","1999","1999/04/20","","","10.1053/jcpa.1998.0284"
"30284872","The relationship between response consistency in picture naming and storage impairment in people with semantic variant primary progressive aphasia","van Scherpenberg C, Fieder N, Savage S, Nickels L.","Neuropsychology. 2019 Jan;33(1):13-34. doi: 10.1037/neu0000485. Epub 2018 Oct 4.","van Scherpenberg C","Neuropsychology","2019","2018/10/05","","","10.1037/neu0000485"
"9357667","Managing medical research data with a Web-Interfacing Repository Manager","Jakobovits RM, Brinkley JF.","Proc AMIA Annu Fall Symp. 1997:454-8.","Jakobovits RM","Proc AMIA Annu Fall Symp","1997","1997/01/01","PMC2233595","",""
"10441649","Determination of calcaneal ultrasound properties ex situ: reproducibility, effects of storage, formalin fixation, maceration, and changes in anatomic measurement site","Pöpperl G, Lochmüller E, Becker H, Mall G, Steinlechner M, Eckstein F.","Calcif Tissue Int. 1999 Sep;65(3):192-7. doi: 10.1007/s002239900681.","Pöpperl G","Calcif Tissue Int","1999","1999/08/12","","","10.1007/s002239900681"
"22081763","Gold Micro-Flowers: One-Step Fabrication of Efficient, Highly Reproducible Surface-Enhanced Raman Spectroscopy Platform","Winkler K, Kaminska A, Wojciechowski T, Holyst R, Fialkowski M.","Plasmonics. 2011 Dec;6(4):697-704. doi: 10.1007/s11468-011-9253-0. Epub 2011 Jul 13.","Winkler K","Plasmonics","2011","2011/11/15","PMC3204098","","10.1007/s11468-011-9253-0"
"22163965","Enviro-Net: from networks of ground-based sensor systems to a Web platform for sensor data management","Pastorello GZ, Sanchez-Azofeifa GA, Nascimento MA.","Sensors (Basel). 2011;11(6):6454-79. doi: 10.3390/s110606454. Epub 2011 Jun 17.","Pastorello GZ","Sensors (Basel)","2011","2011/12/14","PMC3231459","","10.3390/s110606454"
"31903739","Sandwich-Like Sensor for the Highly Specific and Reproducible Detection of Rhodamine 6G on a Surface-Enhanced Raman Scattering Platform","Wang J, Li J, Zeng C, Qu Q, Wang M, Qi W, Su R, He Z.","ACS Appl Mater Interfaces. 2020 Jan 29;12(4):4699-4706. doi: 10.1021/acsami.9b16773. Epub 2020 Jan 15.","Wang J","ACS Appl Mater Interfaces","2020","2020/01/07","","","10.1021/acsami.9b16773"
"28517234","SU-E-T-388: Verification of Monitor Units and Dose Distributions in IMRT Plans Using Monte Carlo Algorithms on the E-IMRT Web Platform","Pereira L, Martin Z, Mera M, MeilÃ N E, Vazquez J, Salgado M, Medina A.","Med Phys. 2012 Jun;39(6Part16):3793. doi: 10.1118/1.4735477.","Pereira L","Med Phys","2012","2017/05/19","","","10.1118/1.4735477"
"8574867","Refractory semantics in global aphasia: on semantic organisation and the access-storage distinction in neuropsychology","Forde E, Humphreys GW.","Memory. 1995 Sep-Dec;3(3-4):265-307. doi: 10.1080/09658219508253154.","Forde E","Memory","1995","1995/09/01","","","10.1080/09658219508253154"
"41722205","Ag aerogel/ZIF-8 nanocomposite as a sensitive and reproducible SERS platform for gaseous molecule detection","Xue X, Wang Z, Zhao C, Qiao Y, Wang P, Wang J, Shi J, Liu B, Zhang J.","Spectrochim Acta A Mol Biomol Spectrosc. 2026 May 15;353:127610. doi: 10.1016/j.saa.2026.127610. Epub 2026 Feb 17.","Xue X","Spectrochim Acta A Mol Biomol Spectrosc","2026","2026/02/21","","","10.1016/j.saa.2026.127610"
"39809465","Triplicate Dynamic Cell Culture Platform for Enhanced Reproducibility in Anti-Cancer Drug Testing","Lu YL, Lin CM, Huang JH.","ACS Biomater Sci Eng. 2025 Feb 10;11(2):1222-1231. doi: 10.1021/acsbiomaterials.4c02142. Epub 2025 Jan 14.","Lu YL","ACS Biomater Sci Eng","2025","2025/01/14","PMC11815626","","10.1021/acsbiomaterials.4c02142"
"21347129","Ontology-anchored Approaches to Conceptual Knowledge Discovery in a Multi-dimensional Research Data Repository","Payne PR, Borlawsky TB, Kwok A, Dhaval R, Greaves AW.","Summit Transl Bioinform. 2008 Mar 1;2008:85-9.","Payne PR","Summit Transl Bioinform","2008","2011/02/25","PMC3041525","",""
"6178778","Long-term storage and regular repeated use of diluted antisera in glass staining jars for increased sensitivity, reproducibility, and convenience of single- and two-color light microscopic immunocytochemistry","Sofroniew MV, Schrell U.","J Histochem Cytochem. 1982 Jun;30(6):504-11. doi: 10.1177/30.6.6178778.","Sofroniew MV","J Histochem Cytochem","1982","1982/06/01","","","10.1177/30.6.6178778"
"40424064","Cavity-Like Silver Aggregates-Based Colloidal SERS Microfluidic Platform for Highly Reproducible Online Reaction Process Analysis","Yan S, Zhang Z, Chen J, Wang Q, Wu Y, Sui Y, Wang S, Che Q, Zhou N, Chen L, Chen L.","Small. 2025 Jul;21(30):e2501338. doi: 10.1002/smll.202501338. Epub 2025 May 27.","Yan S","Small","2025","2025/05/27","","","10.1002/smll.202501338"
"37502053","Retracted: Construction of a Public Service Cloud Platform for Disabled People Based on the Big Data Management Model of the Internet of Things","Neuroscience CIA.","Comput Intell Neurosci. 2023 Jul 19;2023:9898407. doi: 10.1155/2023/9898407. eCollection 2023.","Neuroscience CIA","Comput Intell Neurosci","2023","2023/07/28","PMC10371640","","10.1155/2023/9898407"
"30454070","Correction to: Consistent and reproducible cultures of large-scale 3D mammary epithelial structures using an accessible bioprinting platform","Reid JA, Mollica PA, Bruno RD, Sachs PC.","Breast Cancer Res. 2018 Nov 19;20(1):136. doi: 10.1186/s13058-018-1069-9.","Reid JA","Breast Cancer Res","2018","2018/11/21","PMC6245868","","10.1186/s13058-018-1069-9"
"41543876","Health Data for Linguistic Minority Group Research in Canada: Proof-of-Concept Centralized Health Care Metadata Repository Development and Usability Study","Martin-Schreiber V, Peixoto C, Batista R, Belanger C, Tanuseputro P, Hsu AT, Bjerre LM.","JMIR Infodemiology. 2026 Feb 9;6:e77242. doi: 10.2196/77242.","Martin-Schreiber V","JMIR Infodemiology","2026","2026/01/16","PMC12930145","","10.2196/77242"
"22591016","Handling the data management needs of high-throughput sequencing data: SpeedGene, a compression algorithm for the efficient storage of genetic data","Qiao D, Yip WK, Lange C.","BMC Bioinformatics. 2012 May 16;13:100. doi: 10.1186/1471-2105-13-100.","Qiao D","BMC Bioinformatics","2012","2012/05/18","PMC3434015","","10.1186/1471-2105-13-100"
"39277341","Letter to the editor: ""Edwards curve digital signature algorithm for video integrity verification on blockchain framework""","Lawrence L, Shreelekshmi R.","Sci Justice. 2024 Sep;64(5):583-584. doi: 10.1016/j.scijus.2024.08.005. Epub 2024 Sep 12.","Lawrence L","Sci Justice","2024","2024/09/14","","","10.1016/j.scijus.2024.08.005"
"39881154","A fair non-collateral consensus protocol based on Merkle tree for hierarchical IoT blockchain","Fateminasab SS, Bahrepour D, Tabbakh SRK.","Sci Rep. 2025 Jan 29;15(1):3645. doi: 10.1038/s41598-025-87025-4.","Fateminasab SS","Sci Rep","2025","2025/01/29","PMC11779977","","10.1038/s41598-025-87025-4"
"26658696","pH-Triggered Molecular Alignment for Reproducible SERS Detection via an AuNP/Nanocellulose Platform","Wei H, Vikesland PJ.","Sci Rep. 2015 Dec 11;5:18131. doi: 10.1038/srep18131.","Wei H","Sci Rep","2015","2015/12/15","PMC4676058","","10.1038/srep18131"
"40700021","National centre for healthy ageing data platform: Developing a core set of research data from hospital electronic health record systems: A modified Delphi approach","Mann E, Naude K, Ravipati T, Beare R, Srikanth V, Andrew NE.","Health Inf Manag. 2026 Jan;55(1):100-108. doi: 10.1177/18333583251352310. Epub 2025 Jul 23.","Mann E","Health Inf Manag","2026","2025/07/23","PMC12756512","","10.1177/18333583251352310"
"25907670","1D-3D mixed-ligand frameworks with an unusual dmp topology tuned by intersection angles of isomeric benzenedicarboxylates: magnetic properties, gas-dependent calcination-thermolysis and energy storage performances","Li ZX, Ye G, Han J, Yang Y, Zou KY, Wang X, Wang XL, Gou XF.","Dalton Trans. 2015 May 21;44(19):9209-20. doi: 10.1039/c5dt00963d.","Li ZX","Dalton Trans","2015","2015/04/25","","","10.1039/c5dt00963d"
"32412312","Establishing Diagnostic Reference Levels for CT Through a Provincial Medical Informatics Metadata Repository in Ontario","MacGregor K, Concepcion L, Dowdell T, Gray B.","Can Assoc Radiol J. 2021 Nov;72(4):694-700. doi: 10.1177/0846537120923020. Epub 2020 May 15.","MacGregor K","Can Assoc Radiol J","2021","2020/05/16","","","10.1177/0846537120923020"
"31889088","CIBER-CLAP (CIBERCV Cardioprotection Large Animal Platform): A multicenter preclinical network for testing reproducibility in cardiovascular interventions","Rossello X, Rodriguez-Sinovas A, Vilahur G, Crisóstomo V, Jorge I, Zaragoza C, Zamorano JL, Bermejo J, Ordoñez A, Boscá L, Vázquez J, Badimón L, Sánchez-Margallo FM, Fernández-Avilés F, Garcia-Dorado D, Ibanez B.","Sci Rep. 2019 Dec 30;9(1):20290. doi: 10.1038/s41598-019-56613-6.","Rossello X","Sci Rep","2019","2020/01/01","PMC6937304","","10.1038/s41598-019-56613-6"
"32708851","EDSSA: An Encoder-Decoder Semantic Segmentation Networks Accelerator on OpenCL-Based FPGA Platform","Huang H, Wu Y, Yu M, Shi X, Qiao F, Luo L, Wei Q, Liu X.","Sensors (Basel). 2020 Jul 17;20(14):3969. doi: 10.3390/s20143969.","Huang H","Sensors (Basel)","2020","2020/07/26","PMC7411893","","10.3390/s20143969"
"19173059","Artificial-enzyme gel membrane-based biosurveillance sensor with high reproducibility and long-term storage stability","Ikeno S, Yoshida T, Haruyama T.","Analyst. 2009 Feb;134(2):337-42. doi: 10.1039/b810846c. Epub 2008 Nov 18.","Ikeno S","Analyst","2009","2009/01/29","","","10.1039/b810846c"
"25681736","Bacteriophage-nanocomposites: an easy and reproducible method for the construction, handling, storage and transport of conjugates for deployment of bacteriophages active against Pseudomonas aeruginosa","Cooper IR, Illsley M, Korobeinyk AV, Whitby RL.","J Microbiol Methods. 2015 Apr;111:111-8. doi: 10.1016/j.mimet.2015.02.005. Epub 2015 Feb 11.","Cooper IR","J Microbiol Methods","2015","2015/02/15","","","10.1016/j.mimet.2015.02.005"
"41784855","Multicenter international experience with the Hugo™ RAS platform in colorectal surgery: reproducibility and real-world outcomes from the COLOROBOT IBERICA study","Sánchez-Guillén L, Brandao P, Romero-Marcos JM, Tabet-Almeida J, Gómez-Díaz CJ, Báguena-Requena G, Santos M, Delgado-Rivilla S, López-Bañeres M, Collera-Ormazabal P, Blanco-González FJ, Barber X, Arroyo A.","J Robot Surg. 2026 Mar 5;20(1):318. doi: 10.1007/s11701-026-03243-6.","Sánchez-Guillén L","J Robot Surg","2026","2026/03/05","PMC12963145","","10.1007/s11701-026-03243-6"
"41844859","Federated deep blockchain-based system for secure verification of academic transcripts and matching study plans in Saudi universities","Alghamdi M, Mnasri S, Hassanat A, Saeed Arbab MM, Alkhazi IS, Alrowaily MA, Liu CZ, Bloui NH.","Sci Rep. 2026 Mar 17. doi: 10.1038/s41598-026-43328-8. Online ahead of print.","Alghamdi M","Sci Rep","2026","2026/03/18","","","10.1038/s41598-026-43328-8"
"23892295","PREDOSE: a semantic web platform for drug abuse epidemiology using social media","Cameron D, Smith GA, Daniulaityte R, Sheth AP, Dave D, Chen L, Anand G, Carlson R, Watkins KZ, Falck R.","J Biomed Inform. 2013 Dec;46(6):985-97. doi: 10.1016/j.jbi.2013.07.007. Epub 2013 Jul 25.","Cameron D","J Biomed Inform","2013","2013/07/30","PMC3844051","NIHMS510123","10.1016/j.jbi.2013.07.007"
"39756295","Evaluating seagrass lipid biomarkers as indicator for organic carbon provenance and storage capacity in Zostera marina (L.) sediments","Dahl M, Asplund ME, Björk M, Bergman S, Braun S, Forsberg SC, Hällberg P, Löfgren E, Smittenberg R, Svensson JR, Gullström M.","Sci Total Environ. 2025 Jan 10;959:178324. doi: 10.1016/j.scitotenv.2024.178324. Epub 2025 Jan 4.","Dahl M","Sci Total Environ","2025","2025/01/05","","","10.1016/j.scitotenv.2024.178324"
"19607851","Impaired semantic knowledge underlies the reduced verbal short-term storage capacity in Alzheimer's disease","Peters F, Majerus S, De Baerdemaeker J, Salmon E, Collette F.","Neuropsychologia. 2009 Dec;47(14):3067-73. doi: 10.1016/j.neuropsychologia.2009.07.002. Epub 2009 Jul 14.","Peters F","Neuropsychologia","2009","2009/07/18","","","10.1016/j.neuropsychologia.2009.07.002"
"41696299","Verification of the General Applicability of a Predictive Model for the Physical Properties of Molten Salts in Heat Energy Storage Applications","Li J, Shan J, Guo J.","ACS Omega. 2026 Jan 28;11(5):8685-8689. doi: 10.1021/acsomega.5c12254. eCollection 2026 Feb 10.","Li J","ACS Omega","2026","2026/02/16","PMC12903176","","10.1021/acsomega.5c12254"
"34263836","Automatic optical inspection platform for real-time surface defects detection on plane optical components based on semantic segmentation","Karangwa J, Kong L, Yi D, Zheng J.","Appl Opt. 2021 Jul 1;60(19):5496-5506. doi: 10.1364/AO.424547.","Karangwa J","Appl Opt","2021","2021/07/15","","","10.1364/AO.424547"
"25127889","SPARQLGraph: a web-based platform for graphically querying biological Semantic Web databases","Schweiger D, Trajanoski Z, Pabinger S.","BMC Bioinformatics. 2014 Aug 15;15(1):279. doi: 10.1186/1471-2105-15-279.","Schweiger D","BMC Bioinformatics","2014","2014/08/17","PMC4148538","","10.1186/1471-2105-15-279"
"29691672","Generic Anti-PEG Antibody Assay on ProterixBio's (Formerly BioScale) ViBE Platform Shows Poor Reproducibility","Chilewski SD, Shields J, Mora JR, Myler H.","AAPS J. 2018 Apr 24;20(3):65. doi: 10.1208/s12248-018-0228-3.","Chilewski SD","AAPS J","2018","2018/04/26","","","10.1208/s12248-018-0228-3"
"8220952","Digital storage phosphor radiography for treatment verification in radiotherapy","Scheck RJ, Wendt T, Panzer M.","Br J Radiol. 1993 Sep;66(789):801-6. doi: 10.1259/0007-1285-66-789-801.","Scheck RJ","Br J Radiol","1993","1993/09/01","","","10.1259/0007-1285-66-789-801"
"18697734","Focused differential glycan analysis with the platform antibody-assisted lectin profiling for glycan-related biomarker verification","Kuno A, Kato Y, Matsuda A, Kaneko MK, Ito H, Amano K, Chiba Y, Narimatsu H, Hirabayashi J.","Mol Cell Proteomics. 2009 Jan;8(1):99-108. doi: 10.1074/mcp.M800308-MCP200. Epub 2008 Aug 11.","Kuno A","Mol Cell Proteomics","2009","2008/08/14","","","10.1074/mcp.M800308-MCP200"
"22409669","Quantum dot (QD)-modified carbon tape electrodes for reproducible electrochemiluminescence (ECL) emission on a paper-based platform","Shi CG, Shan X, Pan ZQ, Xu JJ, Lu C, Bao N, Gu HY.","Anal Chem. 2012 Mar 20;84(6):3033-8. doi: 10.1021/ac2033968. Epub 2012 Mar 1.","Shi CG","Anal Chem","2012","2012/03/14","","","10.1021/ac2033968"
"24945678","A ubiquitous sensor network platform for integrating smart devices into the semantic sensor web","de Vera DD, Izquierdo AS, Vercher JB, Hernández Gómez LA.","Sensors (Basel). 2014 Jun 18;14(6):10725-52. doi: 10.3390/s140610725.","de Vera DD","Sensors (Basel)","2014","2014/06/20","PMC4118357","","10.3390/s140610725"
"8258288","How to differentiate retrieval from storage deficit: a stochastic approach to semantic memory modeling","Faglioni P, Botti C.","Cortex. 1993 Sep;29(3):501-18. doi: 10.1016/s0010-9452(13)80256-0.","Faglioni P","Cortex","1993","1993/09/01","","","10.1016/s0010-9452(13)80256-0"
"27869722","Virtual Distances Methodology as Verification Technique for AACMMs with a Capacitive Sensor Based Indexed Metrology Platform","Acero R, Santolaria J, Brau A, Pueo M.","Sensors (Basel). 2016 Nov 18;16(11):1940. doi: 10.3390/s16111940.","Acero R","Sensors (Basel)","2016","2016/11/22","PMC5134599","","10.3390/s16111940"
"41152278","An RGB-TIR Dataset from UAV Platform for Robust Urban Traffic Scenes Semantic Segmentation","Ouyang J, Wang Q, Shang Y, Jin P, Zhong H, Zhou L, Shen T.","Sci Data. 2025 Oct 28;12(1):1701. doi: 10.1038/s41597-025-05994-7.","Ouyang J","Sci Data","2025","2025/10/29","PMC12569153","","10.1038/s41597-025-05994-7"
"30198846","Metadata Correction: Alcohol Consumption Reduction Among a Web-Based Supportive Community Using the Hello Sunday Morning Blog Platform: Observational Study","Kirkman JJL, Leo B, Moore JC.","J Med Internet Res. 2018 Sep 10;20(9):e11288. doi: 10.2196/11288.","Kirkman JJL","J Med Internet Res","2018","2018/09/11","PMC6130333","","10.2196/11288"
"30532669","Suggested Procedures for the Reproducible Synthesis of Poly(d,l-lactide-co-glycolide) Nanoparticles Using the Emulsification Solvent Diffusion Platform","Haque S, Boyd BJ, McIntosh MP, Pouton CW, Kaminskas LM, Whittaker M.","Curr Nanosci. 2018 Oct;14(5):448-453. doi: 10.2174/1573413714666180313130235.","Haque S","Curr Nanosci","2018","2018/12/12","PMC6225335","","10.2174/1573413714666180313130235"
"22937174","An integrated method for reproducible and accurate image-guided stereotactic cranial irradiation of brain tumors using the small animal radiation research platform","Baumann BC, Benci JL, Santoiemma PP, Chandrasekaran S, Hollander AB, Kao GD, Dorsey JF.","Transl Oncol. 2012 Aug;5(4):230-7. doi: 10.1593/tlo.12136. Epub 2012 Aug 1.","Baumann BC","Transl Oncol","2012","2012/09/01","PMC3431032","","10.1593/tlo.12136"
"16411964","PHENOPSIS, an automated platform for reproducible phenotyping of plant responses to soil water deficit in Arabidopsis thaliana permitted the identification of an accession with low sensitivity to soil water deficit","Granier C, Aguirrezabal L, Chenu K, Cookson SJ, Dauzat M, Hamard P, Thioux JJ, Rolland G, Bouchier-Combaud S, Lebaudy A, Muller B, Simonneau T, Tardieu F.","New Phytol. 2006;169(3):623-35. doi: 10.1111/j.1469-8137.2005.01609.x.","Granier C","New Phytol","2006","2006/01/18","","","10.1111/j.1469-8137.2005.01609.x"
"33768291","Long-term inter-platform reproducibility, bias, and linearity of commercial PDFF MRI methods for fat quantification: a multi-center, multi-vendor phantom study","Schneider E, Remer EM, Obuchowski NA, McKenzie CA, Ding X, Navaneethan SD.","Eur Radiol. 2021 Oct;31(10):7566-7574. doi: 10.1007/s00330-021-07851-8. Epub 2021 Mar 25.","Schneider E","Eur Radiol","2021","2021/03/26","","","10.1007/s00330-021-07851-8"
"41162684","Systematic data capture reduces the need for source data verification: exploratory analysis from a phase 2 multicenter randomized controlled platform trial","Abbasi AB, Liu KD, Russell DW, Files DC, Thomas KW, Yousef F, Gandotra S, Discacciati A, Lim N, Asare AL, Eklund M, Matthay M, Esserman LJ; I-SPY COVID Investigators.","Commun Med (Lond). 2025 Oct 29;5(1):444. doi: 10.1038/s43856-025-01126-9.","Abbasi AB","Commun Med (Lond)","2025","2025/10/30","PMC12572212","","10.1038/s43856-025-01126-9"
"37258104","Measurement of serum anti-Müllerian hormone by revised Gen II or automated assay: Reproducibility under various blood/serum storage conditions","Lee JY, Kim CH, Choe SA, Seo S, Kim SH.","Clin Exp Reprod Med. 2023 Jun;50(2):107-116. doi: 10.5653/cerm.2022.05687. Epub 2023 May 24.","Lee JY","Clin Exp Reprod Med","2023","2023/05/31","PMC10258520","","10.5653/cerm.2022.05687"
"12771224","Use of a three-color cDNA microarray platform to measure and control support-bound probe for improved data quality and reproducibility","Hessner MJ, Wang X, Khan S, Meyer L, Schlicht M, Tackes J, Datta MW, Jacob HJ, Ghosh S.","Nucleic Acids Res. 2003 Jun 1;31(11):e60. doi: 10.1093/nar/gng059.","Hessner MJ","Nucleic Acids Res","2003","2003/05/29","PMC156737","","10.1093/nar/gng059"
"35224477","Semantic Integration of Multi-Modal Data and Derived Neuroimaging Results Using the Platform for Imaging in Precision Medicine (PRISM) in the Arkansas Imaging Enterprise System (ARIES)","Bona J, Kemp AS, Cox C, Nolan TS, Pillai L, Das A, Galvin JE, Larson-Prior L, Virmani T, Prior F.","Front Artif Intell. 2022 Feb 10;4:649970. doi: 10.3389/frai.2021.649970. eCollection 2021.","Bona J","Front Artif Intell","2022","2022/02/28","PMC8866818","","10.3389/frai.2021.649970"
"30408207","Intradonor reproducibility and changes in hemolytic variables during red blood cell storage: results of recall phase of the REDS-III RBC-Omics study","Lanteri MC, Kanias T, Keating S, Stone M, Guo Y, Page GP, Brambilla DJ, Endres-Dighe SM, Mast AE, Bialkowski W, D'Andrea P, Cable RG, Spencer BR, Triulzi DJ, Murphy EL, Kleinman S, Gladwin MT, Busch MP; NHLBI Recipient Epidemiology Donor Evaluation Study (REDS)-III Program.","Transfusion. 2019 Jan;59(1):79-88. doi: 10.1111/trf.14987. Epub 2018 Nov 8.","Lanteri MC","Transfusion","2019","2018/11/09","PMC7007704","NIHMS1069176","10.1111/trf.14987"
"35743748","No-Code Platform-Based Deep-Learning Models for Prediction of Colorectal Polyp Histology from White-Light Endoscopy Images: Development and Performance Verification","Gong EJ, Bang CS, Lee JJ, Seo SI, Yang YJ, Baik GH, Kim JW.","J Pers Med. 2022 Jun 12;12(6):963. doi: 10.3390/jpm12060963.","Gong EJ","J Pers Med","2022","2022/06/24","PMC9225479","","10.3390/jpm12060963"
"101346","Studies on the use of Coulter Chemistry in the veterinary laboratory: day-to day reproducibility and the effects of storage, hemolysis, lipemia, hyperbilirubinemia and anticoagulants on test results","Tasker JB.","Cornell Vet. 1978 Oct;68(4):480-505.","Tasker JB","Cornell Vet","1978","1978/10/01","","",""
